address	size	kind	unit	name
0x100005830	132	objc	ADMotionManager	+[ADMotionManager sharedInstance]
0x1000058b4	108	block	ADMotionManager	+[ADMotionManager sharedInstance]_block_invoke
0x100005920	4	sub	ADMotionManager	sub_100005920
0x100005924	4	sub	ADMotionManager	sub_100005924
0x100005928	36	objc	ADMotionManager	+[ADMotionManager allocWithZone:]
0x10000594c	4	objc	ADMotionManager	-[ADMotionManager copyWithZone:]
0x100005950	176	objc	ADMotionManager	-[ADMotionManager startMotionManager]
0x100005a00	144	objc	ADMotionManager	-[ADMotionManager getCurrentAcceleration]
0x100005a90	120	objc	ADMotionManager	-[ADMotionManager getCurrentAttitude]
0x100005b08	12	objc	ADMotionManager	-[ADMotionManager getStartingAttitude]
0x100005b14	44	objc	ADMotionManager	-[ADMotionManager getInterval]
0x100005b40	120	objc	ADMotionManager	-[ADMotionManager getStamp]
0x100005bb8	136	objc	ADMotionManager	-[ADMotionManager setStartingAttitude:]
0x100005c40	24	objc	ADMotionManager	-[ADMotionManager isDeviceReady]
0x100005c58	68	objc	ADMotionManager	-[ADMotionManager destroyMotionManager]
0x100005c9c	336	objc	ADMotionManager	-[ADMotionManager getYawDifference]
0x100005dec	356	objc	ADMotionManager	-[ADMotionManager getTiltAngle]
0x100005f50	16	objc	ADMotionManager	-[ADMotionManager lastGyroAngle]
0x100005f60	16	objc	ADMotionManager	-[ADMotionManager setLastGyroAngle:]
0x100005f70	16	objc	ADMotionManager	-[ADMotionManager lastTiltAngle]
0x100005f80	16	objc	ADMotionManager	-[ADMotionManager setLastTiltAngle:]
0x100005f90	20	objc	ADMotionManager	-[ADMotionManager .cxx_destruct]
0x100005fa4	140	objc	ADInitialControlSchemeViewController	-[ADInitialControlSchemeViewController initWithNibName:bundle:]
0x100006030	1876	objc	ADInitialControlSchemeViewController	-[ADInitialControlSchemeViewController viewDidLoad]
0x100006784	28	objc	ADInitialControlSchemeViewController	-[ADInitialControlSchemeViewController loadView]
0x1000067a0	60	objc	ADInitialControlSchemeViewController	-[ADInitialControlSchemeViewController didReceiveMemoryWarning]
0x1000067dc	140	objc	ADInitialControlSchemeViewController	-[ADInitialControlSchemeViewController tiltControl:]
0x100006868	140	objc	ADInitialControlSchemeViewController	-[ADInitialControlSchemeViewController gyroControl:]
0x1000068f4	140	objc	ADInitialControlSchemeViewController	-[ADInitialControlSchemeViewController buttonControl:]
0x100006980	160	objc	ADInitialControlSchemeViewController	-[ADInitialControlSchemeViewController goToMainMenu]
0x100006a20	16	objc	ADInitialControlSchemeViewController	-[ADInitialControlSchemeViewController swipeDescription]
0x100006a30	56	objc	ADInitialControlSchemeViewController	-[ADInitialControlSchemeViewController setSwipeDescription:]
0x100006a68	16	objc	ADInitialControlSchemeViewController	-[ADInitialControlSchemeViewController tiltDescription]
0x100006a78	56	objc	ADInitialControlSchemeViewController	-[ADInitialControlSchemeViewController setTiltDescription:]
0x100006ab0	16	objc	ADInitialControlSchemeViewController	-[ADInitialControlSchemeViewController gyroDescription]
0x100006ac0	56	objc	ADInitialControlSchemeViewController	-[ADInitialControlSchemeViewController setGyroDescription:]
0x100006af8	16	objc	ADInitialControlSchemeViewController	-[ADInitialControlSchemeViewController descriptionText]
0x100006b08	56	objc	ADInitialControlSchemeViewController	-[ADInitialControlSchemeViewController setDescriptionText:]
0x100006b40	16	objc	ADInitialControlSchemeViewController	-[ADInitialControlSchemeViewController gyroButton]
0x100006b50	56	objc	ADInitialControlSchemeViewController	-[ADInitialControlSchemeViewController setGyroButton:]
0x100006b88	16	objc	ADInitialControlSchemeViewController	-[ADInitialControlSchemeViewController gyroTextButton]
0x100006b98	56	objc	ADInitialControlSchemeViewController	-[ADInitialControlSchemeViewController setGyroTextButton:]
0x100006bd0	16	objc	ADInitialControlSchemeViewController	-[ADInitialControlSchemeViewController tiltButton]
0x100006be0	56	objc	ADInitialControlSchemeViewController	-[ADInitialControlSchemeViewController setTiltButton:]
0x100006c18	16	objc	ADInitialControlSchemeViewController	-[ADInitialControlSchemeViewController tiltTextButton]
0x100006c28	56	objc	ADInitialControlSchemeViewController	-[ADInitialControlSchemeViewController setTiltTextButton:]
0x100006c60	16	objc	ADInitialControlSchemeViewController	-[ADInitialControlSchemeViewController swipeButton]
0x100006c70	56	objc	ADInitialControlSchemeViewController	-[ADInitialControlSchemeViewController setSwipeButton:]
0x100006ca8	16	objc	ADInitialControlSchemeViewController	-[ADInitialControlSchemeViewController swipeTextButton]
0x100006cb8	56	objc	ADInitialControlSchemeViewController	-[ADInitialControlSchemeViewController setSwipeTextButton:]
0x100006cf0	16	objc	ADInitialControlSchemeViewController	-[ADInitialControlSchemeViewController titleLabel]
0x100006d00	56	objc	ADInitialControlSchemeViewController	-[ADInitialControlSchemeViewController setTitleLabel:]
0x100006d38	16	objc	ADInitialControlSchemeViewController	-[ADInitialControlSchemeViewController subTitleLabel]
0x100006d48	56	objc	ADInitialControlSchemeViewController	-[ADInitialControlSchemeViewController setSubTitleLabel:]
0x100006d80	16	objc	ADInitialControlSchemeViewController	-[ADInitialControlSchemeViewController recommededLabel]
0x100006d90	56	objc	ADInitialControlSchemeViewController	-[ADInitialControlSchemeViewController setRecommededLabel:]
0x100006dc8	284	objc	ADInitialControlSchemeViewController	-[ADInitialControlSchemeViewController .cxx_destruct]
0x100006ee4	12	objc	UIGestureRecognizer+OBDragDrop	-[UIGestureRecognizer(OBDragDrop) ovum]
0x100006ef0	32	objc	UIGestureRecognizer+OBDragDrop	-[UIGestureRecognizer(OBDragDrop) setOvum:]
0x100006f10	12	objc	UIGestureRecognizer+OBDragDrop	-[UIGestureRecognizer(OBDragDrop) ovumSource]
0x100006f1c	32	objc	UIGestureRecognizer+OBDragDrop	-[UIGestureRecognizer(OBDragDrop) setOvumSource:]
0x100006f3c	4	objc	ADMultiCell_iPodTouch	-[ADMultiCell_iPodTouch awakeFromNib]
0x100006f40	648	objc	ADMultiCell_iPodTouch	-[ADMultiCell_iPodTouch populateWithSubtitleString:Values:]
0x1000071c8	60	objc	ADMultiCell_iPodTouch	-[ADMultiCell_iPodTouch setSelected:animated:]
0x100007204	16	objc	ADMultiCell_iPodTouch	-[ADMultiCell_iPodTouch killsLabel]
0x100007214	56	objc	ADMultiCell_iPodTouch	-[ADMultiCell_iPodTouch setKillsLabel:]
0x10000724c	16	objc	ADMultiCell_iPodTouch	-[ADMultiCell_iPodTouch accuracyLabel]
0x10000725c	56	objc	ADMultiCell_iPodTouch	-[ADMultiCell_iPodTouch setAccuracyLabel:]
0x100007294	16	objc	ADMultiCell_iPodTouch	-[ADMultiCell_iPodTouch killsValueLabel]
0x1000072a4	56	objc	ADMultiCell_iPodTouch	-[ADMultiCell_iPodTouch setKillsValueLabel:]
0x1000072dc	16	objc	ADMultiCell_iPodTouch	-[ADMultiCell_iPodTouch accuracyValueLabel]
0x1000072ec	56	objc	ADMultiCell_iPodTouch	-[ADMultiCell_iPodTouch setAccuracyValueLabel:]
0x100007324	16	objc	ADMultiCell_iPodTouch	-[ADMultiCell_iPodTouch subTitleLabel]
0x100007334	56	objc	ADMultiCell_iPodTouch	-[ADMultiCell_iPodTouch setSubTitleLabel:]
0x10000736c	20	objc	ADMultiCell_iPodTouch	-[ADMultiCell_iPodTouch isEnemyCell]
0x100007380	16	objc	ADMultiCell_iPodTouch	-[ADMultiCell_iPodTouch setIsEnemyCell:]
0x100007390	124	objc	ADMultiCell_iPodTouch	-[ADMultiCell_iPodTouch .cxx_destruct]
0x10000740c	180	objc	ADMeleeWeapon	-[ADMeleeWeapon update:]
0x1000074c0	120	objc	ADMeleeWeapon	-[ADMeleeWeapon singleShot]
0x100007538	216	objc	ADMeleeWeapon	-[ADMeleeWeapon playHitSound]
0x100007610	216	objc	ADMeleeWeapon	-[ADMeleeWeapon playMissSound]
0x1000076e8	556	objc	ADButtonWithFont+ImageWithTitle	-[ADButtonWithFont(ImageWithTitle) centerButtonTextWithCoinsImage]
0x100007914	556	objc	ADButtonWithFont+ImageWithTitle	-[ADButtonWithFont(ImageWithTitle) centerButtonTextWithDiamondsImage]
0x100007b40	76	objc	ADButtonWithFont+ImageWithTitle	-[ADButtonWithFont(ImageWithTitle) centerButtonWithoutImage]
0x100007b8c	340	objc	ADButtonWithFont+ImageWithTitle	-[ADButtonWithFont(ImageWithTitle) setFontByDeviceType]
0x100007ce0	104	objc	ADButtonWithFont+ImageWithTitle	-[ADButtonWithFont(ImageWithTitle) setEdgeInsetsWithSpacingTextSpacing:WithImageSpacing:]
0x100007d48	68	objc	ADButtonWithFont+ImageWithTitle	+[ADButtonWithFont(ImageWithTitle) sharedDiamondImage]
0x100007d8c	152	block	ADButtonWithFont+ImageWithTitle	+[ADButtonWithFont(ImageWithTitle) sharedDiamondImage]_block_invoke
0x100007e24	168	objc	ADButtonWithFont+ImageWithTitle	+[ADButtonWithFont(ImageWithTitle) cropDiamondsImage:]
0x100007ecc	32	objc	ADButtonWithFont+ImageWithTitle	+[ADButtonWithFont(ImageWithTitle) sharedCoinsImage]
0x100007eec	172	objc	ADMissionManager	+[ADMissionManager sharedMissionManager]
0x100007f98	268	objc	ADMissionManager	-[ADMissionManager missionArray]
0x1000080a4	480	objc	ADMissionManager	-[ADMissionManager activeMissionsInit]
0x100008284	216	objc	ADMissionManager	-[ADMissionManager initOrRestore]
0x10000835c	308	objc	ADMissionManager	-[ADMissionManager saveMissionProgress]
0x100008490	284	objc	ADMissionManager	-[ADMissionManager loadMissionProgress]
0x1000085ac	108	objc	ADMissionManager	-[ADMissionManager update:]
0x100008618	404	objc	ADMissionManager	-[ADMissionManager missionsCompleted]
0x1000087ac	288	objc	ADMissionManager	-[ADMissionManager replaceMission:]
0x1000088cc	340	objc	ADMissionManager	-[ADMissionManager getNextMission]
0x100008a20	496	objc	ADMissionManager	-[ADMissionManager enemiKilled:withWeapon:]
0x100008c10	224	objc	ADMissionManager	-[ADMissionManager upgradeWeaponToLevel:]
0x100008cf0	224	objc	ADMissionManager	-[ADMissionManager startGameplay]
0x100008dd0	256	objc	ADMissionManager	-[ADMissionManager endGameplay]
0x100008ed0	224	objc	ADMissionManager	-[ADMissionManager playerSwappedWeapon]
0x100008fb0	224	objc	ADMissionManager	-[ADMissionManager playerMissedAShot]
0x100009090	468	objc	ADMissionManager	-[ADMissionManager playerShotWithWeapon:hitEnemi:]
0x100009264	104	objc	ADMissionManager	-[ADMissionManager playerDied]
0x1000092cc	56	objc	ADMissionManager	-[ADMissionManager setMissionArray:]
0x100009304	16	objc	ADMissionManager	-[ADMissionManager activeMissions]
0x100009314	56	objc	ADMissionManager	-[ADMissionManager setActiveMissions:]
0x10000934c	64	objc	ADMissionManager	-[ADMissionManager .cxx_destruct]
0x10000938c	408	objc	ADArmoryLoadoutViewController	-[ADArmoryLoadoutViewController initWithNibName:bundle:]
0x100009524	408	objc	ADArmoryLoadoutViewController	-[ADArmoryLoadoutViewController viewDidLoad]
0x1000096bc	536	objc	ADArmoryLoadoutViewController	-[ADArmoryLoadoutViewController loadView]
0x1000098d4	968	objc	ADArmoryLoadoutViewController	-[ADArmoryLoadoutViewController initInventoryView]
0x100009c9c	484	objc	ADArmoryLoadoutViewController	-[ADArmoryLoadoutViewController initWeaponScroller]
0x100009e80	8	objc	ADArmoryLoadoutViewController	-[ADArmoryLoadoutViewController ovumEntered:inView:atLocation:]
0x100009e88	4	objc	ADArmoryLoadoutViewController	-[ADArmoryLoadoutViewController ovumExited:inView:atLocation:]
0x100009e8c	3820	objc	ADArmoryLoadoutViewController	-[ADArmoryLoadoutViewController ovumDropped:inView:atLocation:]
0x10000ad78	124	objc	ADArmoryLoadoutViewController	-[ADArmoryLoadoutViewController refresh:]
0x10000adf4	116	objc	ADArmoryLoadoutViewController	-[ADArmoryLoadoutViewController handleItemTap:]
0x10000ae68	548	objc	ADArmoryLoadoutViewController	-[ADArmoryLoadoutViewController openDescriptionForItemWithName:]
0x10000b08c	196	objc	ADArmoryLoadoutViewController	-[ADArmoryLoadoutViewController openDescriptionForItemAtIndex:]
0x10000b150	300	objc	ADArmoryLoadoutViewController	-[ADArmoryLoadoutViewController dealloc]
0x10000b27c	176	objc	ADArmoryLoadoutViewController	-[ADArmoryLoadoutViewController slotOneTapped:]
0x10000b32c	176	objc	ADArmoryLoadoutViewController	-[ADArmoryLoadoutViewController slotTwoTapped:]
0x10000b3dc	176	objc	ADArmoryLoadoutViewController	-[ADArmoryLoadoutViewController slotThreeTapped:]
0x10000b48c	16	objc	ADArmoryLoadoutViewController	-[ADArmoryLoadoutViewController weaponScroller]
0x10000b49c	56	objc	ADArmoryLoadoutViewController	-[ADArmoryLoadoutViewController setWeaponScroller:]
0x10000b4d4	16	objc	ADArmoryLoadoutViewController	-[ADArmoryLoadoutViewController loadoutInfoTextView]
0x10000b4e4	56	objc	ADArmoryLoadoutViewController	-[ADArmoryLoadoutViewController setLoadoutInfoTextView:]
0x10000b51c	32	objc	ADArmoryLoadoutViewController	-[ADArmoryLoadoutViewController armoryViewController]
0x10000b53c	20	objc	ADArmoryLoadoutViewController	-[ADArmoryLoadoutViewController setArmoryViewController:]
0x10000b550	60	objc	ADArmoryLoadoutViewController	-[ADArmoryLoadoutViewController scrollOffset]
0x10000b58c	60	objc	ADArmoryLoadoutViewController	-[ADArmoryLoadoutViewController setScrollOffset:]
0x10000b5c8	16	objc	ADArmoryLoadoutViewController	-[ADArmoryLoadoutViewController weaponSlot1]
0x10000b5d8	56	objc	ADArmoryLoadoutViewController	-[ADArmoryLoadoutViewController setWeaponSlot1:]
0x10000b610	16	objc	ADArmoryLoadoutViewController	-[ADArmoryLoadoutViewController weaponSlot2]
0x10000b620	56	objc	ADArmoryLoadoutViewController	-[ADArmoryLoadoutViewController setWeaponSlot2:]
0x10000b658	16	objc	ADArmoryLoadoutViewController	-[ADArmoryLoadoutViewController meleeSlot]
0x10000b668	56	objc	ADArmoryLoadoutViewController	-[ADArmoryLoadoutViewController setMeleeSlot:]
0x10000b6a0	16	objc	ADArmoryLoadoutViewController	-[ADArmoryLoadoutViewController weaponScrollViewController]
0x10000b6b0	12	objc	ADArmoryLoadoutViewController	-[ADArmoryLoadoutViewController setWeaponScrollViewController:]
0x10000b6bc	160	objc	ADArmoryLoadoutViewController	-[ADArmoryLoadoutViewController .cxx_destruct]
0x10000b75c	4	objc	ADArmoryLoadoutViewController	-[ADArmoryLoadoutViewController .cxx_construct]
0x10000b760	16	sub	ADArmoryLoadoutViewController	sub_10000b760
0x10000b770	1036	objc	ADPasserBy	-[ADPasserBy update:]
0x10000bb7c	948	objc	ADPasserBy	-[ADPasserBy setPositionFromDictionary:]
0x10000bf30	172	objc	ADPasserBy	-[ADPasserBy setRandomPositionAtDistance:]
0x10000bfdc	128	objc	ADPasserBy	-[ADPasserBy setRandomPosition]
0x10000c05c	72	objc	ADPasserBy	-[ADPasserBy passBy]
0x10000c0a4	8	objc	ADPasserBy	-[ADPasserBy getType]
0x10000c0ac	152	objc	ADInventory	+[ADInventory sharedInventory]
0x10000c144	128	objc	ADInventory	-[ADInventory init]
0x10000c1c4	3480	objc	ADInventory	-[ADInventory createOrRestoreWeaponDictionary]
0x10000cf5c	1328	objc	ADInventory	-[ADInventory setupWeapons]
0x10000d48c	1120	objc	ADInventory	-[ADInventory setupPowerups]
0x10000d8ec	332	objc	ADInventory	-[ADInventory setWeaponSlot1:]
0x10000da38	332	objc	ADInventory	-[ADInventory setWeaponSlot2:]
0x10000db84	444	objc	ADInventory	-[ADInventory isWeaponEquipped:]
0x10000dd40	332	objc	ADInventory	-[ADInventory setWeaponSlotMelee:]
0x10000de8c	332	objc	ADInventory	-[ADInventory setPowerUpSlot:]
0x10000dfd8	252	objc	ADInventory	-[ADInventory setCoins:]
0x10000e0d4	252	objc	ADInventory	-[ADInventory setDiamonds:]
0x10000e1d0	564	objc	ADInventory	-[ADInventory levelForWeaponWithName:]
0x10000e404	592	objc	ADInventory	-[ADInventory setLevel:forWeaponWithName:]
0x10000e654	564	objc	ADInventory	-[ADInventory levelForPowerUpWithName:]
0x10000e888	592	objc	ADInventory	-[ADInventory setLevel:forPowerUpWithName:]
0x10000ead8	564	objc	ADInventory	-[ADInventory quantityForPowerUpWithName:]
0x10000ed0c	592	objc	ADInventory	-[ADInventory setQuantity:ForPowerUpWithName:]
0x10000ef5c	568	objc	ADInventory	-[ADInventory hasUnlockedWeaponWithName:]
0x10000f194	420	objc	ADInventory	-[ADInventory getNumberOfWeaponsUnlocked]
0x10000f338	668	objc	ADInventory	-[ADInventory unlockWeaponWithName:]
0x10000f5d4	276	objc	ADInventory	-[ADInventory saveWeaponDictionary]
0x10000f6e8	16	objc	ADInventory	-[ADInventory coins]
0x10000f6f8	16	objc	ADInventory	-[ADInventory diamonds]
0x10000f708	16	objc	ADInventory	-[ADInventory weapons]
0x10000f718	56	objc	ADInventory	-[ADInventory setWeapons:]
0x10000f750	16	objc	ADInventory	-[ADInventory powerups]
0x10000f760	56	objc	ADInventory	-[ADInventory setPowerups:]
0x10000f798	32	objc	ADInventory	-[ADInventory weaponSlot1]
0x10000f7b8	32	objc	ADInventory	-[ADInventory weaponSlot2]
0x10000f7d8	32	objc	ADInventory	-[ADInventory weaponSlotMelee]
0x10000f7f8	32	objc	ADInventory	-[ADInventory powerUpSlot]
0x10000f818	128	objc	ADInventory	-[ADInventory .cxx_destruct]
0x10000f898	180	objc	ADChallengeLockedViewController	-[ADChallengeLockedViewController initWithDictionary:]
0x10000f94c	160	objc	ADChallengeLockedViewController	-[ADChallengeLockedViewController backButtonPressed]
0x10000f9ec	572	objc	ADChallengeLockedViewController	-[ADChallengeLockedViewController viewDidLoad]
0x10000fc28	1268	objc	ADChallengeLockedViewController	-[ADChallengeLockedViewController viewWillAppear:]
0x10001011c	312	objc	ADChallengeLockedViewController	-[ADChallengeLockedViewController initMissingChallenges]
0x100010254	2692	objc	ADChallengeLockedViewController	-[ADChallengeLockedViewController initMissingWeapons]
0x100010cd8	852	objc	ADChallengeLockedViewController	-[ADChallengeLockedViewController armoryButtonTouched:]
0x10001102c	624	objc	ADChallengeLockedViewController	-[ADChallengeLockedViewController showPurchaseConfirmation:]
0x10001129c	188	objc	ADChallengeLockedViewController	-[ADChallengeLockedViewController showWeaponInArmory:]
0x100011358	16	objc	ADChallengeLockedViewController	-[ADChallengeLockedViewController challengeDict]
0x100011368	56	objc	ADChallengeLockedViewController	-[ADChallengeLockedViewController setChallengeDict:]
0x1000113a0	16	objc	ADChallengeLockedViewController	-[ADChallengeLockedViewController missingWeaponsView]
0x1000113b0	56	objc	ADChallengeLockedViewController	-[ADChallengeLockedViewController setMissingWeaponsView:]
0x1000113e8	16	objc	ADChallengeLockedViewController	-[ADChallengeLockedViewController mainText]
0x1000113f8	56	objc	ADChallengeLockedViewController	-[ADChallengeLockedViewController setMainText:]
0x100011430	16	objc	ADChallengeLockedViewController	-[ADChallengeLockedViewController weaponIcon]
0x100011440	56	objc	ADChallengeLockedViewController	-[ADChallengeLockedViewController setWeaponIcon:]
0x100011478	16	objc	ADChallengeLockedViewController	-[ADChallengeLockedViewController armoryButton]
0x100011488	56	objc	ADChallengeLockedViewController	-[ADChallengeLockedViewController setArmoryButton:]
0x1000114c0	144	objc	ADChallengeLockedViewController	-[ADChallengeLockedViewController .cxx_destruct]
0x100011550	2064	objc	ADGameOverEndlessStatsViewController	-[ADGameOverEndlessStatsViewController initWithNibName:bundle:]
0x100011d60	1004	objc	ADGameOverEndlessStatsViewController	-[ADGameOverEndlessStatsViewController viewDidLoad]
0x10001214c	60	objc	ADGameOverEndlessStatsViewController	-[ADGameOverEndlessStatsViewController didReceiveMemoryWarning]
0x100012188	648	objc	ADGameOverEndlessStatsViewController	-[ADGameOverEndlessStatsViewController tableView:willDisplayCell:forRowAtIndexPath:]
0x100012410	488	objc	ADGameOverEndlessStatsViewController	-[ADGameOverEndlessStatsViewController tableView:numberOfRowsInSection:]
0x1000125f8	728	objc	ADGameOverEndlessStatsViewController	-[ADGameOverEndlessStatsViewController tableView:heightForRowAtIndexPath:]
0x1000128d0	32	objc	ADGameOverEndlessStatsViewController	-[ADGameOverEndlessStatsViewController numberOfSectionsInTableView:]
0x1000128f0	644	objc	ADGameOverEndlessStatsViewController	-[ADGameOverEndlessStatsViewController tableView:cellForRowAtIndexPath:]
0x100012b74	680	objc	ADGameOverEndlessStatsViewController	-[ADGameOverEndlessStatsViewController createMiscCellForRowAtIndexPath:ForTableView:]
0x100012e1c	852	objc	ADGameOverEndlessStatsViewController	-[ADGameOverEndlessStatsViewController createEnemyCellForRowAtIndexPath:ForTableView:]
0x100013170	1912	objc	ADGameOverEndlessStatsViewController	-[ADGameOverEndlessStatsViewController createWeaponCellForRow:]
0x1000138e8	192	objc	ADGameOverEndlessStatsViewController	-[ADGameOverEndlessStatsViewController tableView:heightForHeaderInSection:]
0x1000139a8	648	objc	ADGameOverEndlessStatsViewController	-[ADGameOverEndlessStatsViewController tableView:viewForHeaderInSection:]
0x100013c30	156	objc	ADGameOverEndlessStatsViewController	-[ADGameOverEndlessStatsViewController backButtonPressed]
0x100013ccc	4	objc	ADGameOverEndlessStatsViewController	-[ADGameOverEndlessStatsViewController scrollViewDidScroll:]
0x100013cd0	32	objc	ADGameOverEndlessStatsViewController	-[ADGameOverEndlessStatsViewController tableView]
0x100013cf0	20	objc	ADGameOverEndlessStatsViewController	-[ADGameOverEndlessStatsViewController setTableView:]
0x100013d04	32	objc	ADGameOverEndlessStatsViewController	-[ADGameOverEndlessStatsViewController delegate]
0x100013d24	20	objc	ADGameOverEndlessStatsViewController	-[ADGameOverEndlessStatsViewController setDelegate:]
0x100013d38	16	objc	ADGameOverEndlessStatsViewController	-[ADGameOverEndlessStatsViewController numberOfSections]
0x100013d48	16	objc	ADGameOverEndlessStatsViewController	-[ADGameOverEndlessStatsViewController setNumberOfSections:]
0x100013d58	16	objc	ADGameOverEndlessStatsViewController	-[ADGameOverEndlessStatsViewController weaponCells]
0x100013d68	12	objc	ADGameOverEndlessStatsViewController	-[ADGameOverEndlessStatsViewController setWeaponCells:]
0x100013d74	16	objc	ADGameOverEndlessStatsViewController	-[ADGameOverEndlessStatsViewController sectionsDict]
0x100013d84	12	objc	ADGameOverEndlessStatsViewController	-[ADGameOverEndlessStatsViewController setSectionsDict:]
0x100013d90	256	objc	ADGameOverEndlessStatsViewController	-[ADGameOverEndlessStatsViewController .cxx_destruct]
0x100013e90	260	sub	ADGameOverEndlessStatsViewController	sub_100013e90
0x100013f94	3320	objc	ADWeapon	-[ADWeapon initWithDictionary:]
0x100014c8c	1212	objc	ADWeapon	-[ADWeapon update:]
0x100015148	200	objc	ADWeapon	-[ADWeapon changeState:]
0x100015210	48	objc	ADWeapon	-[ADWeapon setState:]
0x100015240	316	objc	ADWeapon	-[ADWeapon stateToString]
0x10001537c	144	objc	ADWeapon	-[ADWeapon readyToShoot]
0x10001540c	152	objc	ADWeapon	-[ADWeapon singleShot]
0x1000154a4	852	objc	ADWeapon	-[ADWeapon continuousStart]
0x1000157f8	184	objc	ADWeapon	-[ADWeapon continuousStop]
0x1000158b0	364	objc	ADWeapon	-[ADWeapon playContinuousTail]
0x100015a1c	612	objc	ADWeapon	-[ADWeapon resolveShoot]
0x100015c80	652	objc	ADWeapon	-[ADWeapon playSingleShootSound]
0x100015f0c	628	objc	ADWeapon	-[ADWeapon playClickSound]
0x100016180	76	objc	ADWeapon	-[ADWeapon spread]
0x1000161cc	864	objc	ADWeapon	-[ADWeapon reload]
0x10001652c	336	objc	ADWeapon	-[ADWeapon interruptReload]
0x10001667c	104	objc	ADWeapon	-[ADWeapon isReloading]
0x1000166e4	840	objc	ADWeapon	-[ADWeapon deploy]
0x100016a2c	76	objc	ADWeapon	-[ADWeapon clean]
0x100016a78	212	objc	ADWeapon	-[ADWeapon dealloc]
0x100016b4c	16	objc	ADWeapon	-[ADWeapon playlist]
0x100016b5c	56	objc	ADWeapon	-[ADWeapon setPlaylist:]
0x100016b94	16	objc	ADWeapon	-[ADWeapon weaponManager]
0x100016ba4	56	objc	ADWeapon	-[ADWeapon setWeaponManager:]
0x100016bdc	16	objc	ADWeapon	-[ADWeapon setSpread:]
0x100016bec	16	objc	ADWeapon	-[ADWeapon criticalSpread]
0x100016bfc	16	objc	ADWeapon	-[ADWeapon setCriticalSpread:]
0x100016c0c	16	objc	ADWeapon	-[ADWeapon criticalChance]
0x100016c1c	16	objc	ADWeapon	-[ADWeapon setCriticalChance:]
0x100016c2c	16	objc	ADWeapon	-[ADWeapon criticalMultiplier]
0x100016c3c	16	objc	ADWeapon	-[ADWeapon setCriticalMultiplier:]
0x100016c4c	16	objc	ADWeapon	-[ADWeapon continuous_spread]
0x100016c5c	16	objc	ADWeapon	-[ADWeapon setContinuous_spread:]
0x100016c6c	16	objc	ADWeapon	-[ADWeapon damages]
0x100016c7c	16	objc	ADWeapon	-[ADWeapon setDamages:]
0x100016c8c	16	objc	ADWeapon	-[ADWeapon range]
0x100016c9c	16	objc	ADWeapon	-[ADWeapon setRange:]
0x100016cac	16	objc	ADWeapon	-[ADWeapon dispersal]
0x100016cbc	16	objc	ADWeapon	-[ADWeapon setDispersal:]
0x100016ccc	16	objc	ADWeapon	-[ADWeapon reloadTime]
0x100016cdc	16	objc	ADWeapon	-[ADWeapon setReloadTime:]
0x100016cec	16	objc	ADWeapon	-[ADWeapon switchingTime]
0x100016cfc	16	objc	ADWeapon	-[ADWeapon setSwitchingTime:]
0x100016d0c	16	objc	ADWeapon	-[ADWeapon bulletsInClip]
0x100016d1c	16	objc	ADWeapon	-[ADWeapon setBulletsInClip:]
0x100016d2c	16	objc	ADWeapon	-[ADWeapon bulletsTotal]
0x100016d3c	16	objc	ADWeapon	-[ADWeapon setBulletsTotal:]
0x100016d4c	16	objc	ADWeapon	-[ADWeapon continuousFire]
0x100016d5c	16	objc	ADWeapon	-[ADWeapon setContinuousFire:]
0x100016d6c	16	objc	ADWeapon	-[ADWeapon droppedMagasine]
0x100016d7c	16	objc	ADWeapon	-[ADWeapon setDroppedMagasine:]
0x100016d8c	16	objc	ADWeapon	-[ADWeapon name]
0x100016d9c	56	objc	ADWeapon	-[ADWeapon setName:]
0x100016dd4	16	objc	ADWeapon	-[ADWeapon state]
0x100016de4	16	objc	ADWeapon	-[ADWeapon multihit]
0x100016df4	16	objc	ADWeapon	-[ADWeapon setMultihit:]
0x100016e04	16	objc	ADWeapon	-[ADWeapon capacity]
0x100016e14	16	objc	ADWeapon	-[ADWeapon setCapacity:]
0x100016e24	16	objc	ADWeapon	-[ADWeapon explosionRadius]
0x100016e34	16	objc	ADWeapon	-[ADWeapon setExplosionRadius:]
0x100016e44	16	objc	ADWeapon	-[ADWeapon explosive]
0x100016e54	16	objc	ADWeapon	-[ADWeapon setExplosive:]
0x100016e64	16	objc	ADWeapon	-[ADWeapon timeBeforeExplode]
0x100016e74	16	objc	ADWeapon	-[ADWeapon setTimeBeforeExplode:]
0x100016e84	16	objc	ADWeapon	-[ADWeapon timeInState]
0x100016e94	16	objc	ADWeapon	-[ADWeapon setTimeInState:]
0x100016ea4	16	objc	ADWeapon	-[ADWeapon fireRate]
0x100016eb4	16	objc	ADWeapon	-[ADWeapon setFireRate:]
0x100016ec4	16	objc	ADWeapon	-[ADWeapon projectileSpeed]
0x100016ed4	16	objc	ADWeapon	-[ADWeapon setProjectileSpeed:]
0x100016ee4	16	objc	ADWeapon	-[ADWeapon numShotsFired]
0x100016ef4	16	objc	ADWeapon	-[ADWeapon setNumShotsFired:]
0x100016f04	164	objc	ADWeapon	-[ADWeapon .cxx_destruct]
0x100016fa8	16	objc	ADOvumDataObject	-[ADOvumDataObject objName]
0x100016fb8	12	objc	ADOvumDataObject	-[ADOvumDataObject setObjName:]
0x100016fc4	16	objc	ADOvumDataObject	-[ADOvumDataObject objTag]
0x100016fd4	16	objc	ADOvumDataObject	-[ADOvumDataObject setObjTag:]
0x100016fe4	20	objc	ADOvumDataObject	-[ADOvumDataObject .cxx_destruct]
0x100016ff8	244	objc	ADLoadoutScrollViewController	-[ADLoadoutScrollViewController initWithNibName:bundle:]
0x1000170ec	1900	objc	ADLoadoutScrollViewController	-[ADLoadoutScrollViewController viewDidLoad]
0x100017858	260	objc	ADLoadoutScrollViewController	-[ADLoadoutScrollViewController loadView]
0x10001795c	1320	objc	ADLoadoutScrollViewController	-[ADLoadoutScrollViewController refresh]
0x100017e84	636	objc	ADLoadoutScrollViewController	-[ADLoadoutScrollViewController handleItemTap:]
0x100018100	60	objc	ADLoadoutScrollViewController	-[ADLoadoutScrollViewController didReceiveMemoryWarning]
0x10001813c	464	objc	ADLoadoutScrollViewController	-[ADLoadoutScrollViewController dealloc]
0x10001830c	16	objc	ADLoadoutScrollViewController	-[ADLoadoutScrollViewController scrollView]
0x10001831c	56	objc	ADLoadoutScrollViewController	-[ADLoadoutScrollViewController setScrollView:]
0x100018354	16	objc	ADLoadoutScrollViewController	-[ADLoadoutScrollViewController itemDelegate]
0x100018364	12	objc	ADLoadoutScrollViewController	-[ADLoadoutScrollViewController setItemDelegate:]
0x100018370	16	objc	ADLoadoutScrollViewController	-[ADLoadoutScrollViewController ovumSource]
0x100018380	12	objc	ADLoadoutScrollViewController	-[ADLoadoutScrollViewController setOvumSource:]
0x10001838c	84	objc	ADLoadoutScrollViewController	-[ADLoadoutScrollViewController .cxx_destruct]
0x1000183e0	132	objc	DFAutoScrollTextView	-[DFAutoScrollTextView initWithFrame:]
0x100018464	660	objc	DFAutoScrollTextView	-[DFAutoScrollTextView startScrolling]
0x1000186f8	120	objc	DFAutoScrollTextView	-[DFAutoScrollTextView stopScrolling]
0x100018770	532	objc	DFAutoScrollTextView	-[DFAutoScrollTextView scrollTick]
0x100018984	28	block	DFAutoScrollTextView	-[DFAutoScrollTextView scrollTick]_block_invoke
0x1000189a0	8	sub	DFAutoScrollTextView	sub_1000189a0
0x1000189a8	8	sub	DFAutoScrollTextView	sub_1000189a8
0x1000189b0	36	objc	DFAutoScrollTextView	-[DFAutoScrollTextView setScrolling:]
0x1000189d4	64	objc	DFAutoScrollTextView	-[DFAutoScrollTextView isScrolling]
0x100018a14	60	objc	DFAutoScrollTextView	-[DFAutoScrollTextView drawRect:]
0x100018a50	20	objc	DFAutoScrollTextView	-[DFAutoScrollTextView scrollPointsPerSecond]
0x100018a64	20	objc	DFAutoScrollTextView	-[DFAutoScrollTextView setScrollPointsPerSecond:]
0x100018a78	16	objc	DFAutoScrollTextView	-[DFAutoScrollTextView scrolling]
0x100018a88	236	objc	ADNoBarViewController	-[ADNoBarViewController initWithNibName:bundle:]
0x100018b74	624	objc	ADNoBarViewController	-[ADNoBarViewController getNibName:]
0x100018de4	364	objc	ADNoBarViewController	-[ADNoBarViewController loadMissionOverlay]
0x100018f50	1320	objc	ADNoBarViewController	-[ADNoBarViewController loadStatusBar]
0x100019478	368	objc	ADNoBarViewController	-[ADNoBarViewController dealloc]
0x1000195e8	28	objc	ADNoBarViewController	-[ADNoBarViewController backButtonPressed]
0x100019604	472	objc	ADNoBarViewController	-[ADNoBarViewController viewDidLayoutSubviews]
0x1000197dc	436	objc	ADNoBarViewController	-[ADNoBarViewController toggleArmory]
0x100019990	480	objc	ADNoBarViewController	-[ADNoBarViewController showNoDiamondsAlert]
0x100019b70	8	objc	ADNoBarViewController	-[ADNoBarViewController application:supportedInterfaceOrientationsForWindow:]
0x100019b78	16	objc	ADNoBarViewController	-[ADNoBarViewController shouldAutorotateToInterfaceOrientation:]
0x100019b88	8	objc	ADNoBarViewController	-[ADNoBarViewController supportedInterfaceOrientations]
0x100019b90	8	objc	ADNoBarViewController	-[ADNoBarViewController prefersStatusBarHidden]
0x100019b98	8	objc	ADNoBarViewController	-[ADNoBarViewController shouldAutorotate]
0x100019ba0	16	objc	ADNoBarViewController	-[ADNoBarViewController missionTopbarViewController]
0x100019bb0	56	objc	ADNoBarViewController	-[ADNoBarViewController setMissionTopbarViewController:]
0x100019be8	16	objc	ADNoBarViewController	-[ADNoBarViewController statusBarViewController]
0x100019bf8	56	objc	ADNoBarViewController	-[ADNoBarViewController setStatusBarViewController:]
0x100019c30	64	objc	ADNoBarViewController	-[ADNoBarViewController .cxx_destruct]
0x100019c70	96	objc	ADMissionTopbarViewController	-[ADMissionTopbarViewController initWithSkip:]
0x100019cd0	476	objc	ADMissionTopbarViewController	-[ADMissionTopbarViewController viewDidLoad]
0x100019eac	1296	objc	ADMissionTopbarViewController	-[ADMissionTopbarViewController reloadMissions]
0x10001a3bc	24	block	ADMissionTopbarViewController	-[ADMissionTopbarViewController reloadMissions]_block_invoke
0x10001a3d4	8	sub	ADMissionTopbarViewController	sub_10001a3d4
0x10001a3dc	8	sub	ADMissionTopbarViewController	sub_10001a3dc
0x10001a3e4	408	objc	ADMissionTopbarViewController	-[ADMissionTopbarViewController removeAllMissions]
0x10001a57c	548	objc	ADMissionTopbarViewController	-[ADMissionTopbarViewController missionButtonPressed:]
0x10001a7a0	100	block	ADMissionTopbarViewController	-[ADMissionTopbarViewController missionButtonPressed:]_block_invoke
0x10001a804	8	sub	ADMissionTopbarViewController	sub_10001a804
0x10001a80c	8	sub	ADMissionTopbarViewController	sub_10001a80c
0x10001a814	120	block	ADMissionTopbarViewController	-[ADMissionTopbarViewController missionButtonPressed:]_block_invoke_2
0x10001a88c	8	sub	ADMissionTopbarViewController	sub_10001a88c
0x10001a894	8	sub	ADMissionTopbarViewController	sub_10001a894
0x10001a89c	300	objc	ADMissionTopbarViewController	-[ADMissionTopbarViewController backButtonTouched:]
0x10001a9c8	100	block	ADMissionTopbarViewController	-[ADMissionTopbarViewController backButtonTouched:]_block_invoke
0x10001aa2c	8	sub	ADMissionTopbarViewController	sub_10001aa2c
0x10001aa34	8	sub	ADMissionTopbarViewController	sub_10001aa34
0x10001aa3c	320	block	ADMissionTopbarViewController	-[ADMissionTopbarViewController backButtonTouched:]_block_invoke_2
0x10001ab7c	8	sub	ADMissionTopbarViewController	sub_10001ab7c
0x10001ab84	8	sub	ADMissionTopbarViewController	sub_10001ab84
0x10001ab8c	60	objc	ADMissionTopbarViewController	-[ADMissionTopbarViewController didReceiveMemoryWarning]
0x10001abc8	160	objc	ADMissionTopbarViewController	-[ADMissionTopbarViewController dealloc]
0x10001ac68	16	objc	ADMissionTopbarViewController	-[ADMissionTopbarViewController containerView]
0x10001ac78	56	objc	ADMissionTopbarViewController	-[ADMissionTopbarViewController setContainerView:]
0x10001acb0	16	objc	ADMissionTopbarViewController	-[ADMissionTopbarViewController missionButton]
0x10001acc0	56	objc	ADMissionTopbarViewController	-[ADMissionTopbarViewController setMissionButton:]
0x10001acf8	84	objc	ADMissionTopbarViewController	-[ADMissionTopbarViewController .cxx_destruct]
0x10001ad4c	60	objc	ADRouletteView	-[ADRouletteView initWithFrame:]
0x10001ad88	132	objc	ADRouletteView	-[ADRouletteView awakeFromNib]
0x10001ae0c	1332	objc	ADRouletteView	-[ADRouletteView initItemsWithArray:]
0x10001b340	16	objc	ADRouletteView	-[ADRouletteView update]
0x10001b350	420	objc	ADRouletteView	-[ADRouletteView rotateWheel]
0x10001b4f4	648	objc	ADRouletteView	-[ADRouletteView centerBadRouletteOnClosestItem]
0x10001b77c	124	block	ADRouletteView	-[ADRouletteView centerBadRouletteOnClosestItem]_block_invoke
0x10001b7f8	8	sub	ADRouletteView	sub_10001b7f8
0x10001b800	8	sub	ADRouletteView	sub_10001b800
0x10001b808	104	block	ADRouletteView	-[ADRouletteView centerBadRouletteOnClosestItem]_block_invoke_2
0x10001b870	8	sub	ADRouletteView	sub_10001b870
0x10001b878	8	sub	ADRouletteView	sub_10001b878
0x10001b880	80	objc	ADRouletteView	-[ADRouletteView selectedItemDictionary]
0x10001b8d0	20	objc	ADRouletteView	-[ADRouletteView resetSelectedItem]
0x10001b8e4	132	objc	ADRouletteView	-[ADRouletteView launchRoulette]
0x10001b968	52	objc	ADRouletteView	-[ADRouletteView isStopped]
0x10001b99c	216	objc	ADRouletteView	-[ADRouletteView deactivate]
0x10001ba74	160	objc	ADRouletteView	-[ADRouletteView layoutSubviews]
0x10001bb14	20	objc	ADRouletteView	-[ADRouletteView speed]
0x10001bb28	20	objc	ADRouletteView	-[ADRouletteView setSpeed:]
0x10001bb3c	20	objc	ADRouletteView	-[ADRouletteView revert]
0x10001bb50	16	objc	ADRouletteView	-[ADRouletteView setRevert:]
0x10001bb60	32	objc	ADRouletteView	-[ADRouletteView scenarioViewController]
0x10001bb80	20	objc	ADRouletteView	-[ADRouletteView setScenarioViewController:]
0x10001bb94	80	objc	ADRouletteView	-[ADRouletteView .cxx_destruct]
0x10001bbe4	4	objc	ADChallengeWorldCellTableViewCell	-[ADChallengeWorldCellTableViewCell awakeFromNib]
0x10001bbe8	16	objc	ADChallengeWorldCellTableViewCell	-[ADChallengeWorldCellTableViewCell titleLabel]
0x10001bbf8	56	objc	ADChallengeWorldCellTableViewCell	-[ADChallengeWorldCellTableViewCell setTitleLabel:]
0x10001bc30	16	objc	ADChallengeWorldCellTableViewCell	-[ADChallengeWorldCellTableViewCell starsUnlockedLabel]
0x10001bc40	56	objc	ADChallengeWorldCellTableViewCell	-[ADChallengeWorldCellTableViewCell setStarsUnlockedLabel:]
0x10001bc78	16	objc	ADChallengeWorldCellTableViewCell	-[ADChallengeWorldCellTableViewCell lockView]
0x10001bc88	56	objc	ADChallengeWorldCellTableViewCell	-[ADChallengeWorldCellTableViewCell setLockView:]
0x10001bcc0	16	objc	ADChallengeWorldCellTableViewCell	-[ADChallengeWorldCellTableViewCell starImage]
0x10001bcd0	56	objc	ADChallengeWorldCellTableViewCell	-[ADChallengeWorldCellTableViewCell setStarImage:]
0x10001bd08	104	objc	ADChallengeWorldCellTableViewCell	-[ADChallengeWorldCellTableViewCell .cxx_destruct]
0x10001bd70	256	objc	ADStatusBarViewController	-[ADStatusBarViewController initWithNibName:bundle:]
0x10001be70	452	objc	ADStatusBarViewController	-[ADStatusBarViewController viewDidLoad]
0x10001c034	536	objc	ADStatusBarViewController	-[ADStatusBarViewController loadView]
0x10001c24c	92	objc	ADStatusBarViewController	-[ADStatusBarViewController viewWillAppear:]
0x10001c2a8	148	objc	ADStatusBarViewController	-[ADStatusBarViewController viewDidAppear:]
0x10001c33c	148	objc	ADStatusBarViewController	-[ADStatusBarViewController setSlideViewCallBack:]
0x10001c3d0	820	objc	ADStatusBarViewController	-[ADStatusBarViewController refreshCoinsAndDiamonds]
0x10001c704	36	objc	ADStatusBarViewController	-[ADStatusBarViewController animateCoins:fromCenter:]
0x10001c728	296	objc	ADStatusBarViewController	-[ADStatusBarViewController animateCoins:]
0x10001c850	452	objc	ADStatusBarViewController	-[ADStatusBarViewController animateDiamonds:]
0x10001ca14	340	objc	ADStatusBarViewController	-[ADStatusBarViewController animateCoins]
0x10001cb68	308	objc	ADStatusBarViewController	-[ADStatusBarViewController animateDiamonds]
0x10001cc9c	76	objc	ADStatusBarViewController	-[ADStatusBarViewController stopAllAnimations]
0x10001cce8	256	objc	ADStatusBarViewController	-[ADStatusBarViewController armoryButtonPressed:]
0x10001cde8	252	objc	ADStatusBarViewController	-[ADStatusBarViewController playSound]
0x10001cee4	308	objc	ADStatusBarViewController	-[ADStatusBarViewController deactivateButtons]
0x10001d018	216	objc	ADStatusBarViewController	-[ADStatusBarViewController activateButtons]
0x10001d0f0	180	block	ADStatusBarViewController	-[ADStatusBarViewController activateButtons]_block_invoke
0x10001d1a4	8	sub	ADStatusBarViewController	sub_10001d1a4
0x10001d1ac	8	sub	ADStatusBarViewController	sub_10001d1ac
0x10001d1b4	180	block	ADStatusBarViewController	-[ADStatusBarViewController activateButtons]_block_invoke_2
0x10001d268	8	sub	ADStatusBarViewController	sub_10001d268
0x10001d270	8	sub	ADStatusBarViewController	sub_10001d270
0x10001d278	284	objc	ADStatusBarViewController	-[ADStatusBarViewController setCoinsLabel:]
0x10001d394	284	objc	ADStatusBarViewController	-[ADStatusBarViewController setDiamondsLabel:]
0x10001d4b0	100	objc	ADStatusBarViewController	-[ADStatusBarViewController setCurrenciesVisibility:]
0x10001d514	180	objc	ADStatusBarViewController	-[ADStatusBarViewController setArmoryButtonVisibilty:]
0x10001d5c8	100	objc	ADStatusBarViewController	-[ADStatusBarViewController setDiamonsdsVisibility:]
0x10001d62c	32	objc	ADStatusBarViewController	-[ADStatusBarViewController delegate]
0x10001d64c	20	objc	ADStatusBarViewController	-[ADStatusBarViewController setDelegate:]
0x10001d660	16	objc	ADStatusBarViewController	-[ADStatusBarViewController coinsLabel]
0x10001d670	16	objc	ADStatusBarViewController	-[ADStatusBarViewController diamondsLabel]
0x10001d680	16	objc	ADStatusBarViewController	-[ADStatusBarViewController pageTitle]
0x10001d690	56	objc	ADStatusBarViewController	-[ADStatusBarViewController setPageTitle:]
0x10001d6c8	16	objc	ADStatusBarViewController	-[ADStatusBarViewController armoryButton]
0x10001d6d8	56	objc	ADStatusBarViewController	-[ADStatusBarViewController setArmoryButton:]
0x10001d710	16	objc	ADStatusBarViewController	-[ADStatusBarViewController currenciesView]
0x10001d720	56	objc	ADStatusBarViewController	-[ADStatusBarViewController setCurrenciesView:]
0x10001d758	16	objc	ADStatusBarViewController	-[ADStatusBarViewController backButton]
0x10001d768	56	objc	ADStatusBarViewController	-[ADStatusBarViewController setBackButton:]
0x10001d7a0	20	objc	ADStatusBarViewController	-[ADStatusBarViewController armoryLoadoutEnabled]
0x10001d7b4	16	objc	ADStatusBarViewController	-[ADStatusBarViewController setArmoryLoadoutEnabled:]
0x10001d7c4	16	objc	ADStatusBarViewController	-[ADStatusBarViewController backButtonDelegate]
0x10001d7d4	12	objc	ADStatusBarViewController	-[ADStatusBarViewController setBackButtonDelegate:]
0x10001d7e0	220	objc	ADStatusBarViewController	-[ADStatusBarViewController .cxx_destruct]
0x10001d8bc	4	objc	ADStatusBarViewController	-[ADStatusBarViewController .cxx_construct]
0x10001d8c0	356	objc	ADPowerUp	-[ADPowerUp initWithType:]
0x10001da24	4	objc	ADPowerUp	-[ADPowerUp preload]
0x10001da28	100	objc	ADPowerUp	-[ADPowerUp use]
0x10001da8c	4	objc	ADPowerUp	-[ADPowerUp update:]
0x10001da90	120	objc	ADPowerUp	-[ADPowerUp clean]
0x10001db08	356	objc	ADPowerUp	-[ADPowerUp activate]
0x10001dc6c	36	block	ADPowerUp	-[ADPowerUp activate]_block_invoke
0x10001dc90	16	objc	ADPowerUp	-[ADPowerUp playlist]
0x10001dca0	12	objc	ADPowerUp	-[ADPowerUp setPlaylist:]
0x10001dcac	16	objc	ADPowerUp	-[ADPowerUp name]
0x10001dcbc	12	objc	ADPowerUp	-[ADPowerUp setName:]
0x10001dcc8	16	objc	ADPowerUp	-[ADPowerUp type]
0x10001dcd8	16	objc	ADPowerUp	-[ADPowerUp setType:]
0x10001dce8	64	objc	ADPowerUp	-[ADPowerUp .cxx_destruct]
0x10001dd28	152	objc	ADChallengeData	+[ADChallengeData sharedChallengeData]
0x10001ddc0	128	objc	ADChallengeData	-[ADChallengeData init]
0x10001de40	400	objc	ADChallengeData	-[ADChallengeData createOrRestoreChallengeData]
0x10001dfd0	340	objc	ADChallengeData	-[ADChallengeData dictionaryForChallengeWithName:]
0x10001e124	184	objc	ADChallengeData	-[ADChallengeData hasCompletedChallengeWithName:]
0x10001e1dc	184	objc	ADChallengeData	-[ADChallengeData hasAccuracyStarForChallengeWithName:]
0x10001e294	184	objc	ADChallengeData	-[ADChallengeData hasTimeLimitStarForChallengeWithName:]
0x10001e34c	680	objc	ADChallengeData	-[ADChallengeData playerDidCompleteChallengeWithName:accuracyUnlocked:timeLimitUnlocked:]
0x10001e5f4	544	objc	ADChallengeData	-[ADChallengeData computeTotalChallengesWon]
0x10001e814	204	objc	ADChallengeData	-[ADChallengeData saveChallengeData]
0x10001e8e0	1012	objc	ADChallengeData	-[ADChallengeData totalStarsUnlockedForWorld:]
0x10001ecd4	552	objc	ADChallengeData	-[ADChallengeData totalStarsUnlocked]
0x10001eefc	408	objc	ADChallengeData	-[ADChallengeData starsRequirementForWorld:]
0x10001f094	412	objc	ADChallengeData	-[ADChallengeData numberOfChallengesForWorld:]
0x10001f230	764	objc	ADChallengeData	-[ADChallengeData hasChallengeAfter:inWorld:]
0x10001f52c	828	objc	ADChallengeData	-[ADChallengeData challengeAfter:inWorld:]
0x10001f868	1068	objc	ADChallengeData	-[ADChallengeData hasWeaponForChallengeWithName:]
0x10001fc94	808	objc	ADChallengeData	-[ADChallengeData needsWeaponToCompleteChallengeWithName:]
0x10001ffbc	708	objc	ADChallengeData	-[ADChallengeData hasChallengeRequirementsForChallengeWithName:]
0x100020280	16	objc	ADChallengeData	-[ADChallengeData challengeData]
0x100020290	12	objc	ADChallengeData	-[ADChallengeData setChallengeData:]
0x10002029c	20	objc	ADChallengeData	-[ADChallengeData .cxx_destruct]
0x1000202b0	172	objc	ADChallengeBuyWeaponViewController	-[ADChallengeBuyWeaponViewController initWithweaponName:]
0x10002035c	1052	objc	ADChallengeBuyWeaponViewController	-[ADChallengeBuyWeaponViewController viewDidLoad]
0x100020778	60	objc	ADChallengeBuyWeaponViewController	-[ADChallengeBuyWeaponViewController didReceiveMemoryWarning]
0x1000207b4	128	objc	ADChallengeBuyWeaponViewController	-[ADChallengeBuyWeaponViewController buttonPressed:]
0x100020834	16	objc	ADChallengeBuyWeaponViewController	-[ADChallengeBuyWeaponViewController weaponDict]
0x100020844	56	objc	ADChallengeBuyWeaponViewController	-[ADChallengeBuyWeaponViewController setWeaponDict:]
0x10002087c	16	objc	ADChallengeBuyWeaponViewController	-[ADChallengeBuyWeaponViewController weaponButton]
0x10002088c	56	objc	ADChallengeBuyWeaponViewController	-[ADChallengeBuyWeaponViewController setWeaponButton:]
0x1000208c4	16	objc	ADChallengeBuyWeaponViewController	-[ADChallengeBuyWeaponViewController coinButton]
0x1000208d4	56	objc	ADChallengeBuyWeaponViewController	-[ADChallengeBuyWeaponViewController setCoinButton:]
0x10002090c	32	objc	ADChallengeBuyWeaponViewController	-[ADChallengeBuyWeaponViewController challengeLockedViewController]
0x10002092c	20	objc	ADChallengeBuyWeaponViewController	-[ADChallengeBuyWeaponViewController setChallengeLockedViewController:]
0x100020940	120	objc	ADChallengeBuyWeaponViewController	-[ADChallengeBuyWeaponViewController .cxx_destruct]
0x1000209b8	140	objc	ADAboutCreditsViewController	-[ADAboutCreditsViewController initWithNibName:bundle:]
0x100020a44	1120	objc	ADAboutCreditsViewController	-[ADAboutCreditsViewController viewDidLoad]
0x100020ea4	332	objc	ADAboutCreditsViewController	-[ADAboutCreditsViewController loadView]
0x100020ff0	104	objc	ADAboutCreditsViewController	-[ADAboutCreditsViewController backButtonPressed]
0x100021058	4	block	ADAboutCreditsViewController	-[ADAboutCreditsViewController backButtonPressed]_block_invoke
0x10002105c	60	objc	ADAboutCreditsViewController	-[ADAboutCreditsViewController didReceiveMemoryWarning]
0x100021098	16	objc	ADAboutCreditsViewController	-[ADAboutCreditsViewController aboutTextView]
0x1000210a8	56	objc	ADAboutCreditsViewController	-[ADAboutCreditsViewController setAboutTextView:]
0x1000210e0	16	objc	ADAboutCreditsViewController	-[ADAboutCreditsViewController creditsTextView]
0x1000210f0	56	objc	ADAboutCreditsViewController	-[ADAboutCreditsViewController setCreditsTextView:]
0x100021128	64	objc	ADAboutCreditsViewController	-[ADAboutCreditsViewController .cxx_destruct]
0x100021168	284	objc	ADReviveViewController	-[ADReviveViewController initWithCost:]
0x100021284	1296	objc	ADReviveViewController	-[ADReviveViewController viewDidLoad]
0x100021794	276	objc	ADReviveViewController	-[ADReviveViewController viewWillAppear:]
0x1000218a8	624	objc	ADReviveViewController	-[ADReviveViewController reviveButtonPressed:]
0x100021b18	36	block	ADReviveViewController	-[ADReviveViewController reviveButtonPressed:]_block_invoke
0x100021b3c	316	objc	ADReviveViewController	-[ADReviveViewController gameOverButtonPressed:]
0x100021c78	60	objc	ADReviveViewController	-[ADReviveViewController didReceiveMemoryWarning]
0x100021cb4	40	objc	ADReviveViewController	-[ADReviveViewController accessibilityPerformMagicTap]
0x100021cdc	32	objc	ADReviveViewController	-[ADReviveViewController gameplayViewController]
0x100021cfc	20	objc	ADReviveViewController	-[ADReviveViewController setGameplayViewController:]
0x100021d10	16	objc	ADReviveViewController	-[ADReviveViewController reviveButton]
0x100021d20	56	objc	ADReviveViewController	-[ADReviveViewController setReviveButton:]
0x100021d58	16	objc	ADReviveViewController	-[ADReviveViewController gameOverButton]
0x100021d68	56	objc	ADReviveViewController	-[ADReviveViewController setGameOverButton:]
0x100021da0	16	objc	ADReviveViewController	-[ADReviveViewController tipTextView]
0x100021db0	56	objc	ADReviveViewController	-[ADReviveViewController setTipTextView:]
0x100021de8	16	objc	ADReviveViewController	-[ADReviveViewController tipLabel]
0x100021df8	56	objc	ADReviveViewController	-[ADReviveViewController setTipLabel:]
0x100021e30	160	objc	ADReviveViewController	-[ADReviveViewController .cxx_destruct]
0x100021ed0	140	objc	ADArmoryCurrencyViewController	-[ADArmoryCurrencyViewController initWithNibName:bundle:]
0x100021f5c	980	objc	ADArmoryCurrencyViewController	-[ADArmoryCurrencyViewController likeOnFacebook:]
0x100022330	980	objc	ADArmoryCurrencyViewController	-[ADArmoryCurrencyViewController twitterButtonPRessed:]
0x100022704	480	objc	ADArmoryCurrencyViewController	-[ADArmoryCurrencyViewController appstoreLinkPressed]
0x1000228e4	592	objc	ADArmoryCurrencyViewController	-[ADArmoryCurrencyViewController moreGamesButtonPressed]
0x100022b34	96	block	ADArmoryCurrencyViewController	-[ADArmoryCurrencyViewController moreGamesButtonPressed]_block_invoke
0x100022b94	8	sub	ADArmoryCurrencyViewController	sub_100022b94
0x100022b9c	8	sub	ADArmoryCurrencyViewController	sub_100022b9c
0x100022ba4	460	objc	ADArmoryCurrencyViewController	-[ADArmoryCurrencyViewController viewDidLoad]
0x100022d70	260	objc	ADArmoryCurrencyViewController	-[ADArmoryCurrencyViewController loadView]
0x100022e74	60	objc	ADArmoryCurrencyViewController	-[ADArmoryCurrencyViewController didReceiveMemoryWarning]
0x100022eb0	140	objc	ADArmoryCurrencyViewController	-[ADArmoryCurrencyViewController tableView:heightForRowAtIndexPath:]
0x100022f3c	8	objc	ADArmoryCurrencyViewController	-[ADArmoryCurrencyViewController numberOfSectionsInTableView:]
0x100022f44	112	objc	ADArmoryCurrencyViewController	-[ADArmoryCurrencyViewController tableView:numberOfRowsInSection:]
0x100022fb4	1356	objc	ADArmoryCurrencyViewController	-[ADArmoryCurrencyViewController tableView:cellForRowAtIndexPath:]
0x100023500	368	objc	ADArmoryCurrencyViewController	-[ADArmoryCurrencyViewController actionAlreadyTakenForRowAtIndexPath:]
0x100023670	2848	objc	ADArmoryCurrencyViewController	-[ADArmoryCurrencyViewController presetCell:ForIndexPath:]
0x100024190	276	objc	ADArmoryCurrencyViewController	-[ADArmoryCurrencyViewController tableView:didSelectRowAtIndexPath:]
0x1000242a4	16	objc	ADArmoryCurrencyViewController	-[ADArmoryCurrencyViewController products]
0x1000242b4	56	objc	ADArmoryCurrencyViewController	-[ADArmoryCurrencyViewController setProducts:]
0x1000242ec	16	objc	ADArmoryCurrencyViewController	-[ADArmoryCurrencyViewController tableView]
0x1000242fc	56	objc	ADArmoryCurrencyViewController	-[ADArmoryCurrencyViewController setTableView:]
0x100024334	32	objc	ADArmoryCurrencyViewController	-[ADArmoryCurrencyViewController armoryVCDelegate]
0x100024354	20	objc	ADArmoryCurrencyViewController	-[ADArmoryCurrencyViewController setArmoryVCDelegate:]
0x100024368	120	objc	ADArmoryCurrencyViewController	-[ADArmoryCurrencyViewController .cxx_destruct]
0x1000243e0	60	objc	ADButtonWithSwipe	-[ADButtonWithSwipe initWithFrame:]
0x10002441c	96	objc	ADButtonWithSwipe	-[ADButtonWithSwipe awakeFromNib]
0x10002447c	20	objc	ADButtonWithSwipe	-[ADButtonWithSwipe setWeaponManager:]
0x100024490	1188	objc	ADButtonWithSwipe	-[ADButtonWithSwipe initGestureRecognizers]
0x100024934	8	objc	ADButtonWithSwipe	-[ADButtonWithSwipe gestureRecognizer:shouldRecognizeSimultaneouslyWithGestureRecognizer:]
0x10002493c	952	objc	ADButtonWithSwipe	-[ADButtonWithSwipe update:]
0x100024cf4	408	objc	ADButtonWithSwipe	-[ADButtonWithSwipe setButtonIsDown:]
0x100024e8c	20	objc	ADButtonWithSwipe	-[ADButtonWithSwipe touchedDown]
0x100024ea0	120	objc	ADButtonWithSwipe	-[ADButtonWithSwipe touchedUp]
0x100024f18	16	objc	ADButtonWithSwipe	-[ADButtonWithSwipe touchDragOutside]
0x100024f28	16	objc	ADButtonWithSwipe	-[ADButtonWithSwipe touchDragExit]
0x100024f38	204	objc	ADButtonWithSwipe	-[ADButtonWithSwipe touchCanceled]
0x100025004	80	objc	ADButtonWithSwipe	-[ADButtonWithSwipe handleSwipeGesture]
0x100025054	288	objc	ADButtonWithSwipe	-[ADButtonWithSwipe handlePan]
0x100025174	196	objc	ADButtonWithSwipe	-[ADButtonWithSwipe handleTripleTap]
0x100025238	16	objc	ADButtonWithSwipe	-[ADButtonWithSwipe buttonIsDown]
0x100025248	32	objc	ADButtonWithSwipe	-[ADButtonWithSwipe weaponManager]
0x100025268	20	objc	ADButtonWithSwipe	-[ADButtonWithSwipe allowSwipe]
0x10002527c	16	objc	ADButtonWithSwipe	-[ADButtonWithSwipe setAllowSwipe:]
0x10002528c	32	objc	ADButtonWithSwipe	-[ADButtonWithSwipe gameplayViewController]
0x1000252ac	20	objc	ADButtonWithSwipe	-[ADButtonWithSwipe setGameplayViewController:]
0x1000252c0	116	objc	ADButtonWithSwipe	-[ADButtonWithSwipe .cxx_destruct]
0x100025334	140	objc	ADOpenerGameplayViewController	-[ADOpenerGameplayViewController initWithNibName:bundle:]
0x1000253c0	1468	objc	ADOpenerGameplayViewController	-[ADOpenerGameplayViewController viewDidLoad]
0x10002597c	24	block	ADOpenerGameplayViewController	-[ADOpenerGameplayViewController viewDidLoad]_block_invoke
0x100025994	20	objc	ADOpenerGameplayViewController	-[ADOpenerGameplayViewController handleSkipForAccessibleUsers]
0x1000259a8	656	objc	ADOpenerGameplayViewController	-[ADOpenerGameplayViewController loadView]
0x100025c38	232	objc	ADOpenerGameplayViewController	-[ADOpenerGameplayViewController initAmbiantManager]
0x100025d20	296	objc	ADOpenerGameplayViewController	-[ADOpenerGameplayViewController initBrickManager]
0x100025e48	176	objc	ADOpenerGameplayViewController	-[ADOpenerGameplayViewController goToScoreScreen]
0x100025ef8	180	objc	ADOpenerGameplayViewController	-[ADOpenerGameplayViewController skipButtonPressed:]
0x100025fac	60	objc	ADOpenerGameplayViewController	-[ADOpenerGameplayViewController didReceiveMemoryWarning]
0x100025fe8	140	objc	ADOpenerGameplayViewController	-[ADOpenerGameplayViewController dealloc]
0x100026074	16	objc	ADOpenerGameplayViewController	-[ADOpenerGameplayViewController controlModeLabel]
0x100026084	56	objc	ADOpenerGameplayViewController	-[ADOpenerGameplayViewController setControlModeLabel:]
0x1000260bc	20	objc	ADOpenerGameplayViewController	-[ADOpenerGameplayViewController .cxx_destruct]
0x1000260d0	16	objc	ADTracker+ADGamePlayTracker	-[ADTracker(ADGamePlayTracker) setBrickCounter:]
0x1000260e0	16	objc	ADTracker+ADGamePlayTracker	-[ADTracker(ADGamePlayTracker) getBrickCounter]
0x1000260f0	40	objc	ADTracker+ADGamePlayTracker	+[ADTracker(ADGamePlayTracker) initGamePlayTracker]
0x100026118	2376	block	ADTracker+ADGamePlayTracker	+[ADTracker(ADGamePlayTracker) initGamePlayTracker]_block_invoke
0x100026a60	4	objc	ADTracker+ADGamePlayTracker	-[ADTracker(ADGamePlayTracker) fireOffEventsWithCategory:Action:WithLabelsAndValues:]
0x100026a64	664	objc	ADTracker+ADGamePlayTracker	-[ADTracker(ADGamePlayTracker) killEnemy:DisplayName:Weapon:]
0x100026cfc	436	objc	ADTracker+ADGamePlayTracker	-[ADTracker(ADGamePlayTracker) reloadWeaponWithRemainingBullets:InWeapon:]
0x100026eb0	164	objc	ADTracker+ADGamePlayTracker	-[ADTracker(ADGamePlayTracker) setButtonMode:]
0x100026f54	164	objc	ADTracker+ADGamePlayTracker	-[ADTracker(ADGamePlayTracker) setControlMode:]
0x100026ff8	548	objc	ADTracker+ADGamePlayTracker	-[ADTracker(ADGamePlayTracker) switchFromWeapon:ToNewWeapon:WithBulletsRemaining:]
0x10002721c	436	objc	ADTracker+ADGamePlayTracker	-[ADTracker(ADGamePlayTracker) shootWeaponWithName:didHit:]
0x1000273d0	1016	objc	ADTracker+ADGamePlayTracker	-[ADTracker(ADGamePlayTracker) setModifierDimensions:]
0x1000277c8	1404	objc	ADTracker+ADGamePlayTracker	-[ADTracker(ADGamePlayTracker) sendLoadOutEventWithWeapon1:Weapon2:Melee:]
0x100027d44	304	objc	ADTracker+ADGamePlayTracker	-[ADTracker(ADGamePlayTracker) diamondAcquired]
0x100027e74	304	objc	ADTracker+ADGamePlayTracker	-[ADTracker(ADGamePlayTracker) diamondAppeared]
0x100027fa4	304	objc	ADTracker+ADGamePlayTracker	-[ADTracker(ADGamePlayTracker) diamondDisappered]
0x1000280d4	516	objc	ADTracker+ADGamePlayTracker	-[ADTracker(ADGamePlayTracker) loadBrick:WithBrickNumber:]
0x1000282d8	544	objc	ADTracker+ADGamePlayTracker	-[ADTracker(ADGamePlayTracker) defeatBrick:InTime:]
0x1000284f8	544	objc	ADTracker+ADGamePlayTracker	-[ADTracker(ADGamePlayTracker) timeOfDeathInBrick:BrickName:]
0x100028718	340	objc	ADTracker+ADGamePlayTracker	-[ADTracker(ADGamePlayTracker) powerUpAppeared:]
0x10002886c	304	objc	ADTracker+ADGamePlayTracker	-[ADTracker(ADGamePlayTracker) powerUpUsed]
0x10002899c	304	objc	ADTracker+ADGamePlayTracker	-[ADTracker(ADGamePlayTracker) powerUpMissed]
0x100028acc	436	objc	ADTracker+ADGamePlayTracker	-[ADTracker(ADGamePlayTracker) numberOfEnemyKills:ByPowerUp:]
0x100028c80	380	objc	ADTracker+ADGamePlayTracker	-[ADTracker(ADGamePlayTracker) reviveUsedWithCost:]
0x100028dfc	308	objc	ADTracker+ADGamePlayTracker	-[ADTracker(ADGamePlayTracker) gameOverButtonPressed]
0x100028f30	1808	objc	ADTracker+ADGamePlayTracker	-[ADTracker(ADGamePlayTracker) recordEndOfGameData]
0x100029640	304	objc	ADTracker+ADGamePlayTracker	-[ADTracker(ADGamePlayTracker) challengeStarted]
0x100029770	852	objc	ADTracker+ADGamePlayTracker	-[ADTracker(ADGamePlayTracker) challengeCompleted:]
0x100029ac4	376	objc	ADTracker+ADGamePlayTracker	-[ADTracker(ADGamePlayTracker) accuracyObjectiveReached:]
0x100029c3c	376	objc	ADTracker+ADGamePlayTracker	-[ADTracker(ADGamePlayTracker) timeObjectiveReached:]
0x100029db4	4	objc	ADTracker+ADGamePlayTracker	-[ADTracker(ADGamePlayTracker) turnOffAllDimensions]
0x100029db8	160	objc	OBOvum	-[OBOvum init]
0x100029e58	148	objc	OBOvum	-[OBOvum dealloc]
0x100029eec	32	objc	OBOvum	-[OBOvum source]
0x100029f0c	20	objc	OBOvum	-[OBOvum setSource:]
0x100029f20	16	objc	OBOvum	-[OBOvum dataObject]
0x100029f30	20	objc	OBOvum	-[OBOvum setDataObject:]
0x100029f44	16	objc	OBOvum	-[OBOvum tag]
0x100029f54	56	objc	OBOvum	-[OBOvum setTag:]
0x100029f8c	16	objc	OBOvum	-[OBOvum dropAction]
0x100029f9c	16	objc	OBOvum	-[OBOvum setDropAction:]
0x100029fac	32	objc	OBOvum	-[OBOvum currentDropHandlingView]
0x100029fcc	20	objc	OBOvum	-[OBOvum setCurrentDropHandlingView:]
0x100029fe0	16	objc	OBOvum	-[OBOvum dragView]
0x100029ff0	56	objc	OBOvum	-[OBOvum setDragView:]
0x10002a028	20	objc	OBOvum	-[OBOvum dragViewInitialCenter]
0x10002a03c	20	objc	OBOvum	-[OBOvum setDragViewInitialCenter:]
0x10002a050	16	objc	OBOvum	-[OBOvum isCentered]
0x10002a060	16	objc	OBOvum	-[OBOvum setIsCentered:]
0x10002a070	16	objc	OBOvum	-[OBOvum shouldScale]
0x10002a080	16	objc	OBOvum	-[OBOvum setShouldScale:]
0x10002a090	20	objc	OBOvum	-[OBOvum offsetOvumAndTouch]
0x10002a0a4	20	objc	OBOvum	-[OBOvum setOffsetOvumAndTouch:]
0x10002a0b8	20	objc	OBOvum	-[OBOvum shiftPinchCentroid]
0x10002a0cc	20	objc	OBOvum	-[OBOvum setShiftPinchCentroid:]
0x10002a0e0	16	objc	OBOvum	-[OBOvum scale]
0x10002a0f0	16	objc	OBOvum	-[OBOvum setScale:]
0x10002a100	116	objc	OBOvum	-[OBOvum .cxx_destruct]
0x10002a174	4	objc	OBOvum	-[OBOvum .cxx_construct]
0x10002a178	96	objc	OBDragDropManager	+[OBDragDropManager sharedManager]
0x10002a1d8	524	objc	OBDragDropManager	-[OBDragDropManager init]
0x10002a3e4	120	block	OBDragDropManager	-[OBDragDropManager init]_block_invoke
0x10002a45c	12	sub	OBDragDropManager	sub_10002a45c
0x10002a468	8	sub	OBDragDropManager	sub_10002a468
0x10002a470	300	objc	OBDragDropManager	-[OBDragDropManager dealloc]
0x10002a59c	88	objc	OBDragDropManager	-[OBDragDropManager transformForOrientation:]
0x10002a5f4	276	objc	OBDragDropManager	-[OBDragDropManager handleApplicationOrientationChange:]
0x10002a708	716	objc	OBDragDropManager	-[OBDragDropManager prepareOverlayWindowUsingMainWindow:]
0x10002a9d4	236	objc	OBDragDropManager	-[OBDragDropManager findDropTargetHandler:]
0x10002aac0	156	objc	OBDragDropManager	-[OBDragDropManager findDropZoneHandlerInView:atLocation:]
0x10002ab5c	640	objc	OBDragDropManager	-[OBDragDropManager findDropZoneHandlerInWindow:atLocation:]
0x10002addc	960	objc	OBDragDropManager	-[OBDragDropManager handleOvumMove:inWindow:atLocation:]
0x10002b19c	696	objc	OBDragDropManager	-[OBDragDropManager animateOvumReturningToSource:]
0x10002b454	80	block	OBDragDropManager	-[OBDragDropManager animateOvumReturningToSource:]_block_invoke
0x10002b4a4	40	sub	OBDragDropManager	sub_10002b4a4
0x10002b4cc	40	sub	OBDragDropManager	sub_10002b4cc
0x10002b4f4	108	block	OBDragDropManager	-[OBDragDropManager animateOvumReturningToSource:]_block_invoke_2
0x10002b560	8	sub	OBDragDropManager	sub_10002b560
0x10002b568	8	sub	OBDragDropManager	sub_10002b568
0x10002b570	80	block	OBDragDropManager	-[OBDragDropManager animateOvumReturningToSource:]_block_invoke_3
0x10002b5c0	40	sub	OBDragDropManager	sub_10002b5c0
0x10002b5e8	40	sub	OBDragDropManager	sub_10002b5e8
0x10002b610	388	objc	OBDragDropManager	-[OBDragDropManager animateOvumDrop:withAnimation:completion:]
0x10002b794	96	block	OBDragDropManager	-[OBDragDropManager animateOvumDrop:withAnimation:completion:]_block_invoke
0x10002b7f4	56	sub	OBDragDropManager	sub_10002b7f4
0x10002b82c	48	sub	OBDragDropManager	sub_10002b82c
0x10002b85c	136	objc	OBDragDropManager	-[OBDragDropManager createLongPressDragDropGestureRecognizerWithSource:]
0x10002b8e4	240	objc	OBDragDropManager	-[OBDragDropManager createDragDropGestureRecognizerWithClass:source:]
0x10002b9d4	4724	objc	OBDragDropManager	-[OBDragDropManager handleOvumGesture:]
0x10002cc48	132	block	OBDragDropManager	-[OBDragDropManager handleOvumGesture:]_block_invoke
0x10002cccc	8	sub	OBDragDropManager	sub_10002cccc
0x10002ccd4	8	sub	OBDragDropManager	sub_10002ccd4
0x10002ccdc	2208	objc	OBDragDropManager	-[OBDragDropManager applyRecenteringTo:withRecognizer:]
0x10002d57c	368	objc	OBDragDropManager	-[OBDragDropManager ovumRecognizerShouldHandleTouch:]
0x10002d6ec	324	objc	OBDragDropManager	-[OBDragDropManager cleanupOvum:]
0x10002d830	28	objc	OBDragDropManager	-[OBDragDropManager distanceFrom:to:]
0x10002d84c	996	objc	OBDragDropManager	-[OBDragDropManager updateOvum:withZoom:]
0x10002dc30	16	objc	OBDragDropManager	-[OBDragDropManager overlayWindow]
0x10002dc40	56	objc	OBDragDropManager	-[OBDragDropManager setOverlayWindow:]
0x10002dc78	20	objc	OBDragDropManager	-[OBDragDropManager currentLocationInHostWindow]
0x10002dc8c	20	objc	OBDragDropManager	-[OBDragDropManager setCurrentLocationInHostWindow:]
0x10002dca0	20	objc	OBDragDropManager	-[OBDragDropManager currentLocationInOverlayWindow]
0x10002dcb4	20	objc	OBDragDropManager	-[OBDragDropManager setCurrentLocationInOverlayWindow:]
0x10002dcc8	20	objc	OBDragDropManager	-[OBDragDropManager .cxx_destruct]
0x10002dcdc	4	objc	OBDragDropManager	-[OBDragDropManager .cxx_construct]
0x10002dce0	40	objc	ADTracker+ADArmoryTracker	+[ADTracker(ADArmoryTracker) initArmoryTracker]
0x10002dd08	176	block	ADTracker+ADArmoryTracker	+[ADTracker(ADArmoryTracker) initArmoryTracker]_block_invoke
0x10002ddb8	240	objc	ADTracker+ADArmoryTracker	+[ADTracker(ADArmoryTracker) addWeapon:InSlot:]
0x10002dea8	224	objc	ADTracker+ADArmoryTracker	+[ADTracker(ADArmoryTracker) getWeaponInSlot:]
0x10002df88	472	objc	ADTracker+ADArmoryTracker	-[ADTracker(ADArmoryTracker) recordPurchaseForItemOrWeapon:Price:]
0x10002e160	464	objc	ADTracker+ADArmoryTracker	-[ADTracker(ADArmoryTracker) recordTabChangeEventWithTabName:TimeSpentInTab:]
0x10002e330	436	objc	ADTracker+ADArmoryTracker	-[ADTracker(ADArmoryTracker) recordPowerUpUpgrade:Level:]
0x10002e4e4	340	objc	ADTracker+ADArmoryTracker	-[ADTracker(ADArmoryTracker) recordSocialNetworkTagEvent:]
0x10002e638	440	objc	ADTracker+ADArmoryTracker	-[ADTracker(ADArmoryTracker) recordWeaponEquipWithName:WeaponSlot:]
0x10002e7f0	376	objc	ADTracker+ADArmoryTracker	-[ADTracker(ADArmoryTracker) recordWeaponBrowse:BrowseForm:]
0x10002e968	472	objc	ADTracker+ADArmoryTracker	-[ADTracker(ADArmoryTracker) recordWeaponUpgrade:Price:]
0x10002eb40	436	objc	ADTracker+ADArmoryTracker	-[ADTracker(ADArmoryTracker) recordWeaponUpgradePreview:LevelPreviewed:]
0x10002ecf4	192	objc	MBProgressHUD	+[MBProgressHUD showHUDAddedTo:animated:]
0x10002edb4	160	objc	MBProgressHUD	+[MBProgressHUD hideHUDForView:animated:]
0x10002ee54	436	objc	MBProgressHUD	+[MBProgressHUD hideAllHUDsForView:animated:]
0x10002f008	448	objc	MBProgressHUD	+[MBProgressHUD HUDForView:]
0x10002f1c8	560	objc	MBProgressHUD	+[MBProgressHUD allHUDsForView:]
0x10002f3f8	1216	objc	MBProgressHUD	-[MBProgressHUD initWithFrame:]
0x10002f8b8	136	objc	MBProgressHUD	-[MBProgressHUD initWithView:]
0x10002f940	32	objc	MBProgressHUD	-[MBProgressHUD initWithWindow:]
0x10002f960	160	objc	MBProgressHUD	-[MBProgressHUD dealloc]
0x10002fa00	260	objc	MBProgressHUD	-[MBProgressHUD show:]
0x10002fb04	388	objc	MBProgressHUD	-[MBProgressHUD hide:]
0x10002fc88	152	objc	MBProgressHUD	-[MBProgressHUD hide:afterDelay:]
0x10002fd20	104	objc	MBProgressHUD	-[MBProgressHUD hideDelayed:]
0x10002fd88	96	objc	MBProgressHUD	-[MBProgressHUD handleGraceTimer:]
0x10002fde8	44	objc	MBProgressHUD	-[MBProgressHUD handleMinShowTimer:]
0x10002fe14	184	objc	MBProgressHUD	-[MBProgressHUD didMoveToSuperview]
0x10002fecc	616	objc	MBProgressHUD	-[MBProgressHUD showUsingAnimation:]
0x100030134	552	objc	MBProgressHUD	-[MBProgressHUD hideUsingAnimation:]
0x10003035c	32	objc	MBProgressHUD	-[MBProgressHUD animationFinished:finished:context:]
0x10003037c	420	objc	MBProgressHUD	-[MBProgressHUD done]
0x100030520	276	objc	MBProgressHUD	-[MBProgressHUD showWhileExecuting:onTarget:withObject:animated:]
0x100030634	168	objc	MBProgressHUD	-[MBProgressHUD showAnimated:whileExecutingBlock:]
0x1000306dc	196	objc	MBProgressHUD	-[MBProgressHUD showAnimated:whileExecutingBlock:completionBlock:]
0x1000307a0	116	objc	MBProgressHUD	-[MBProgressHUD showAnimated:whileExecutingBlock:onQueue:]
0x100030814	360	objc	MBProgressHUD	-[MBProgressHUD showAnimated:whileExecutingBlock:onQueue:completionBlock:]
0x10003097c	128	block	MBProgressHUD	-[MBProgressHUD showAnimated:whileExecutingBlock:onQueue:completionBlock:]_block_invoke
0x1000309fc	20	block	MBProgressHUD	-[MBProgressHUD showAnimated:whileExecutingBlock:onQueue:completionBlock:]_block_invoke_block_invoke
0x100030a10	8	sub	MBProgressHUD	sub_100030a10
0x100030a18	8	sub	MBProgressHUD	sub_100030a18
0x100030a20	48	sub	MBProgressHUD	sub_100030a20
0x100030a50	40	sub	MBProgressHUD	sub_100030a50
0x100030a78	132	objc	MBProgressHUD	-[MBProgressHUD launchExecution]
0x100030afc	108	objc	MBProgressHUD	-[MBProgressHUD cleanUp]
0x100030b68	1112	objc	MBProgressHUD	-[MBProgressHUD setupLabels]
0x100030fc0	804	objc	MBProgressHUD	-[MBProgressHUD updateIndicators]
0x1000312e4	1524	objc	MBProgressHUD	-[MBProgressHUD layoutSubviews]
0x1000318d8	1124	objc	MBProgressHUD	-[MBProgressHUD drawRect:]
0x100031d3c	344	objc	MBProgressHUD	-[MBProgressHUD registerForKVO]
0x100031e94	336	objc	MBProgressHUD	-[MBProgressHUD unregisterFromKVO]
0x100031fe4	152	objc	MBProgressHUD	-[MBProgressHUD observableKeypaths]
0x10003207c	152	objc	MBProgressHUD	-[MBProgressHUD observeValueForKeyPath:ofObject:change:context:]
0x100032114	992	objc	MBProgressHUD	-[MBProgressHUD updateUIForKeypath:]
0x1000324f4	136	objc	MBProgressHUD	-[MBProgressHUD registerForNotifications]
0x10003257c	108	objc	MBProgressHUD	-[MBProgressHUD unregisterFromNotifications]
0x1000325e8	288	objc	MBProgressHUD	-[MBProgressHUD deviceOrientationDidChange:]
0x100032708	608	objc	MBProgressHUD	-[MBProgressHUD setTransformForCurrentOrientation:]
0x100032968	16	objc	MBProgressHUD	-[MBProgressHUD animationType]
0x100032978	16	objc	MBProgressHUD	-[MBProgressHUD setAnimationType:]
0x100032988	32	objc	MBProgressHUD	-[MBProgressHUD delegate]
0x1000329a8	20	objc	MBProgressHUD	-[MBProgressHUD setDelegate:]
0x1000329bc	20	objc	MBProgressHUD	-[MBProgressHUD opacity]
0x1000329d0	20	objc	MBProgressHUD	-[MBProgressHUD setOpacity:]
0x1000329e4	16	objc	MBProgressHUD	-[MBProgressHUD color]
0x1000329f4	12	objc	MBProgressHUD	-[MBProgressHUD setColor:]
0x100032a00	16	objc	MBProgressHUD	-[MBProgressHUD labelFont]
0x100032a10	12	objc	MBProgressHUD	-[MBProgressHUD setLabelFont:]
0x100032a1c	16	objc	MBProgressHUD	-[MBProgressHUD labelColor]
0x100032a2c	12	objc	MBProgressHUD	-[MBProgressHUD setLabelColor:]
0x100032a38	16	objc	MBProgressHUD	-[MBProgressHUD detailsLabelFont]
0x100032a48	12	objc	MBProgressHUD	-[MBProgressHUD setDetailsLabelFont:]
0x100032a54	16	objc	MBProgressHUD	-[MBProgressHUD detailsLabelColor]
0x100032a64	12	objc	MBProgressHUD	-[MBProgressHUD setDetailsLabelColor:]
0x100032a70	16	objc	MBProgressHUD	-[MBProgressHUD indicator]
0x100032a80	12	objc	MBProgressHUD	-[MBProgressHUD setIndicator:]
0x100032a8c	20	objc	MBProgressHUD	-[MBProgressHUD xOffset]
0x100032aa0	20	objc	MBProgressHUD	-[MBProgressHUD setXOffset:]
0x100032ab4	20	objc	MBProgressHUD	-[MBProgressHUD yOffset]
0x100032ac8	20	objc	MBProgressHUD	-[MBProgressHUD setYOffset:]
0x100032adc	60	objc	MBProgressHUD	-[MBProgressHUD minSize]
0x100032b18	60	objc	MBProgressHUD	-[MBProgressHUD setMinSize:]
0x100032b54	20	objc	MBProgressHUD	-[MBProgressHUD isSquare]
0x100032b68	16	objc	MBProgressHUD	-[MBProgressHUD setSquare:]
0x100032b78	20	objc	MBProgressHUD	-[MBProgressHUD margin]
0x100032b8c	20	objc	MBProgressHUD	-[MBProgressHUD setMargin:]
0x100032ba0	20	objc	MBProgressHUD	-[MBProgressHUD dimBackground]
0x100032bb4	16	objc	MBProgressHUD	-[MBProgressHUD setDimBackground:]
0x100032bc4	20	objc	MBProgressHUD	-[MBProgressHUD graceTime]
0x100032bd8	20	objc	MBProgressHUD	-[MBProgressHUD setGraceTime:]
0x100032bec	20	objc	MBProgressHUD	-[MBProgressHUD minShowTime]
0x100032c00	20	objc	MBProgressHUD	-[MBProgressHUD setMinShowTime:]
0x100032c14	16	objc	MBProgressHUD	-[MBProgressHUD graceTimer]
0x100032c24	12	objc	MBProgressHUD	-[MBProgressHUD setGraceTimer:]
0x100032c30	16	objc	MBProgressHUD	-[MBProgressHUD minShowTimer]
0x100032c40	12	objc	MBProgressHUD	-[MBProgressHUD setMinShowTimer:]
0x100032c4c	20	objc	MBProgressHUD	-[MBProgressHUD taskInProgress]
0x100032c60	16	objc	MBProgressHUD	-[MBProgressHUD setTaskInProgress:]
0x100032c70	20	objc	MBProgressHUD	-[MBProgressHUD removeFromSuperViewOnHide]
0x100032c84	16	objc	MBProgressHUD	-[MBProgressHUD setRemoveFromSuperViewOnHide:]
0x100032c94	16	objc	MBProgressHUD	-[MBProgressHUD customView]
0x100032ca4	12	objc	MBProgressHUD	-[MBProgressHUD setCustomView:]
0x100032cb0	16	objc	MBProgressHUD	-[MBProgressHUD showStarted]
0x100032cc0	12	objc	MBProgressHUD	-[MBProgressHUD setShowStarted:]
0x100032ccc	16	objc	MBProgressHUD	-[MBProgressHUD mode]
0x100032cdc	16	objc	MBProgressHUD	-[MBProgressHUD setMode:]
0x100032cec	16	objc	MBProgressHUD	-[MBProgressHUD labelText]
0x100032cfc	12	objc	MBProgressHUD	-[MBProgressHUD setLabelText:]
0x100032d08	16	objc	MBProgressHUD	-[MBProgressHUD detailsLabelText]
0x100032d18	12	objc	MBProgressHUD	-[MBProgressHUD setDetailsLabelText:]
0x100032d24	20	objc	MBProgressHUD	-[MBProgressHUD progress]
0x100032d38	20	objc	MBProgressHUD	-[MBProgressHUD setProgress:]
0x100032d4c	60	objc	MBProgressHUD	-[MBProgressHUD size]
0x100032d88	60	objc	MBProgressHUD	-[MBProgressHUD setSize:]
0x100032dc4	16	objc	MBProgressHUD	-[MBProgressHUD completionBlock]
0x100032dd4	12	objc	MBProgressHUD	-[MBProgressHUD setCompletionBlock:]
0x100032de0	20	objc	MBProgressHUD	-[MBProgressHUD cornerRadius]
0x100032df4	20	objc	MBProgressHUD	-[MBProgressHUD setCornerRadius:]
0x100032e08	380	objc	MBProgressHUD	-[MBProgressHUD .cxx_destruct]
0x100032f84	4	objc	MBProgressHUD	-[MBProgressHUD .cxx_construct]
0x100032f88	52	objc	MBRoundProgressView	-[MBRoundProgressView init]
0x100032fbc	436	objc	MBRoundProgressView	-[MBRoundProgressView initWithFrame:]
0x100033170	144	objc	MBRoundProgressView	-[MBRoundProgressView dealloc]
0x100033200	964	objc	MBRoundProgressView	-[MBRoundProgressView drawRect:]
0x1000335c4	344	objc	MBRoundProgressView	-[MBRoundProgressView registerForKVO]
0x10003371c	336	objc	MBRoundProgressView	-[MBRoundProgressView unregisterFromKVO]
0x10003386c	88	objc	MBRoundProgressView	-[MBRoundProgressView observableKeypaths]
0x1000338c4	32	objc	MBRoundProgressView	-[MBRoundProgressView observeValueForKeyPath:ofObject:change:context:]
0x1000338e4	16	objc	MBRoundProgressView	-[MBRoundProgressView progress]
0x1000338f4	16	objc	MBRoundProgressView	-[MBRoundProgressView setProgress:]
0x100033904	16	objc	MBRoundProgressView	-[MBRoundProgressView progressTintColor]
0x100033914	56	objc	MBRoundProgressView	-[MBRoundProgressView setProgressTintColor:]
0x10003394c	16	objc	MBRoundProgressView	-[MBRoundProgressView backgroundTintColor]
0x10003395c	56	objc	MBRoundProgressView	-[MBRoundProgressView setBackgroundTintColor:]
0x100033994	16	objc	MBRoundProgressView	-[MBRoundProgressView isAnnular]
0x1000339a4	16	objc	MBRoundProgressView	-[MBRoundProgressView setAnnular:]
0x1000339b4	64	objc	MBRoundProgressView	-[MBRoundProgressView .cxx_destruct]
0x1000339f4	52	objc	MBBarProgressView	-[MBBarProgressView init]
0x100033a28	428	objc	MBBarProgressView	-[MBBarProgressView initWithFrame:]
0x100033bd4	144	objc	MBBarProgressView	-[MBBarProgressView dealloc]
0x100033c64	1356	objc	MBBarProgressView	-[MBBarProgressView drawRect:]
0x1000341b0	344	objc	MBBarProgressView	-[MBBarProgressView registerForKVO]
0x100034308	336	objc	MBBarProgressView	-[MBBarProgressView unregisterFromKVO]
0x100034458	88	objc	MBBarProgressView	-[MBBarProgressView observableKeypaths]
0x1000344b0	32	objc	MBBarProgressView	-[MBBarProgressView observeValueForKeyPath:ofObject:change:context:]
0x1000344d0	16	objc	MBBarProgressView	-[MBBarProgressView progress]
0x1000344e0	16	objc	MBBarProgressView	-[MBBarProgressView setProgress:]
0x1000344f0	16	objc	MBBarProgressView	-[MBBarProgressView lineColor]
0x100034500	56	objc	MBBarProgressView	-[MBBarProgressView setLineColor:]
0x100034538	16	objc	MBBarProgressView	-[MBBarProgressView progressRemainingColor]
0x100034548	56	objc	MBBarProgressView	-[MBBarProgressView setProgressRemainingColor:]
0x100034580	16	objc	MBBarProgressView	-[MBBarProgressView progressColor]
0x100034590	56	objc	MBBarProgressView	-[MBBarProgressView setProgressColor:]
0x1000345c8	84	objc	MBBarProgressView	-[MBBarProgressView .cxx_destruct]
0x10003461c	2152	objc	ADTarotViewController	-[ADTarotViewController viewDidLoad]
0x100034e84	484	block	ADTarotViewController	-[ADTarotViewController viewDidLoad]_block_invoke
0x100035068	100	block	ADTarotViewController	-[ADTarotViewController viewDidLoad]_block_invoke_block_invoke
0x1000350cc	232	block	ADTarotViewController	-[ADTarotViewController viewDidLoad]_block_invoke_block_invoke_2
0x1000351b4	8	sub	ADTarotViewController	sub_1000351b4
0x1000351bc	8	sub	ADTarotViewController	sub_1000351bc
0x1000351c4	400	objc	ADTarotViewController	-[ADTarotViewController loadView]
0x100035354	60	objc	ADTarotViewController	-[ADTarotViewController viewDidAppear:]
0x100035390	1552	objc	ADTarotViewController	-[ADTarotViewController loadCardWithNumber:]
0x1000359a0	152	block	ADTarotViewController	-[ADTarotViewController loadCardWithNumber:]_block_invoke
0x100035a38	8	sub	ADTarotViewController	sub_100035a38
0x100035a40	8	sub	ADTarotViewController	sub_100035a40
0x100035a48	20	objc	ADTarotViewController	-[ADTarotViewController rerollCardWithNumber:]
0x100035a5c	840	objc	ADTarotViewController	-[ADTarotViewController applyAllModifiers]
0x100035da4	636	objc	ADTarotViewController	-[ADTarotViewController applyModifier:]
0x100036020	408	objc	ADTarotViewController	-[ADTarotViewController playButtonPressed:]
0x1000361b8	104	objc	ADTarotViewController	-[ADTarotViewController showMissionsOverlay:]
0x100036220	712	objc	ADTarotViewController	-[ADTarotViewController recordCardReloadWithNumber:]
0x1000364e8	176	objc	ADTarotViewController	-[ADTarotViewController backButtonPressed]
0x100036598	156	objc	ADTarotViewController	-[ADTarotViewController dealloc]
0x100036634	40	objc	ADTarotViewController	-[ADTarotViewController accessibilityPerformMagicTap]
0x10003665c	16	objc	ADTarotViewController	-[ADTarotViewController playButton]
0x10003666c	56	objc	ADTarotViewController	-[ADTarotViewController setPlayButton:]
0x1000366a4	16	objc	ADTarotViewController	-[ADTarotViewController missionButton]
0x1000366b4	56	objc	ADTarotViewController	-[ADTarotViewController setMissionButton:]
0x1000366ec	16	objc	ADTarotViewController	-[ADTarotViewController infoText]
0x1000366fc	56	objc	ADTarotViewController	-[ADTarotViewController setInfoText:]
0x100036734	16	objc	ADTarotViewController	-[ADTarotViewController cardContainer]
0x100036744	56	objc	ADTarotViewController	-[ADTarotViewController setCardContainer:]
0x10003677c	144	objc	ADTarotViewController	-[ADTarotViewController .cxx_destruct]
0x10003680c	300	objc	ADViewWithWeaponDetailViewController	-[ADViewWithWeaponDetailViewController initWithNibName:bundle:]
0x100036938	896	objc	ADViewWithWeaponDetailViewController	-[ADViewWithWeaponDetailViewController initDetailScroller]
0x100036cb8	1856	objc	ADViewWithWeaponDetailViewController	-[ADViewWithWeaponDetailViewController loadArmoryDetailAtIndex:]
0x1000373f8	32	objc	ADViewWithWeaponDetailViewController	-[ADViewWithWeaponDetailViewController scrollViewDidEndDragging:willDecelerate:]
0x100037418	32	objc	ADViewWithWeaponDetailViewController	-[ADViewWithWeaponDetailViewController scrollViewDidEndDecelerating:]
0x100037438	32	objc	ADViewWithWeaponDetailViewController	-[ADViewWithWeaponDetailViewController scrollViewDidEndScrollingAnimation:]
0x100037458	256	objc	ADViewWithWeaponDetailViewController	-[ADViewWithWeaponDetailViewController loadDetailsAroundView]
0x100037558	1076	objc	ADViewWithWeaponDetailViewController	-[ADViewWithWeaponDetailViewController nextWeaponButtonPressed:]
0x10003798c	1016	objc	ADViewWithWeaponDetailViewController	-[ADViewWithWeaponDetailViewController previousWeaponButtonPressed:]
0x100037d84	552	objc	ADViewWithWeaponDetailViewController	-[ADViewWithWeaponDetailViewController checkArrowsAfterClick]
0x100037fac	468	objc	ADViewWithWeaponDetailViewController	-[ADViewWithWeaponDetailViewController sendDetailViewToBack]
0x100038180	424	objc	ADViewWithWeaponDetailViewController	-[ADViewWithWeaponDetailViewController openDescriptionForItemWithName:withButton:]
0x100038328	1280	objc	ADViewWithWeaponDetailViewController	-[ADViewWithWeaponDetailViewController openDescriptionForItemAtIndex:withButton:]
0x100038828	4	objc	ADViewWithWeaponDetailViewController	-[ADViewWithWeaponDetailViewController showNotEnoughMoneyAlert]
0x10003882c	104	objc	ADViewWithWeaponDetailViewController	-[ADViewWithWeaponDetailViewController backButtonPressed]
0x100038894	112	objc	ADViewWithWeaponDetailViewController	-[ADViewWithWeaponDetailViewController viewDidLoad]
0x100038904	60	objc	ADViewWithWeaponDetailViewController	-[ADViewWithWeaponDetailViewController didReceiveMemoryWarning]
0x100038940	608	objc	ADViewWithWeaponDetailViewController	-[ADViewWithWeaponDetailViewController dealloc]
0x100038ba0	16	objc	ADViewWithWeaponDetailViewController	-[ADViewWithWeaponDetailViewController detailView]
0x100038bb0	56	objc	ADViewWithWeaponDetailViewController	-[ADViewWithWeaponDetailViewController setDetailView:]
0x100038be8	16	objc	ADViewWithWeaponDetailViewController	-[ADViewWithWeaponDetailViewController detailScroller]
0x100038bf8	56	objc	ADViewWithWeaponDetailViewController	-[ADViewWithWeaponDetailViewController setDetailScroller:]
0x100038c30	16	objc	ADViewWithWeaponDetailViewController	-[ADViewWithWeaponDetailViewController rightArrow]
0x100038c40	56	objc	ADViewWithWeaponDetailViewController	-[ADViewWithWeaponDetailViewController setRightArrow:]
0x100038c78	16	objc	ADViewWithWeaponDetailViewController	-[ADViewWithWeaponDetailViewController leftArrow]
0x100038c88	56	objc	ADViewWithWeaponDetailViewController	-[ADViewWithWeaponDetailViewController setLeftArrow:]
0x100038cc0	16	objc	ADViewWithWeaponDetailViewController	-[ADViewWithWeaponDetailViewController itemNames]
0x100038cd0	56	objc	ADViewWithWeaponDetailViewController	-[ADViewWithWeaponDetailViewController setItemNames:]
0x100038d08	16	objc	ADViewWithWeaponDetailViewController	-[ADViewWithWeaponDetailViewController hideEquipButtonsOnDetailView]
0x100038d18	16	objc	ADViewWithWeaponDetailViewController	-[ADViewWithWeaponDetailViewController setHideEquipButtonsOnDetailView:]
0x100038d28	16	objc	ADViewWithWeaponDetailViewController	-[ADViewWithWeaponDetailViewController currentWeaponBrowseIndex]
0x100038d38	16	objc	ADViewWithWeaponDetailViewController	-[ADViewWithWeaponDetailViewController setCurrentWeaponBrowseIndex:]
0x100038d48	144	objc	ADViewWithWeaponDetailViewController	-[ADViewWithWeaponDetailViewController .cxx_destruct]
0x100038dd8	172	objc	ADEnemyUnlockPopupViewController	-[ADEnemyUnlockPopupViewController initWithEnemyName:]
0x100038e84	836	objc	ADEnemyUnlockPopupViewController	-[ADEnemyUnlockPopupViewController viewDidLoad]
0x1000391c8	44	objc	ADEnemyUnlockPopupViewController	-[ADEnemyUnlockPopupViewController backButtonTouched:]
0x1000391f4	4	block	ADEnemyUnlockPopupViewController	-[ADEnemyUnlockPopupViewController backButtonTouched:]_block_invoke
0x1000391f8	60	objc	ADEnemyUnlockPopupViewController	-[ADEnemyUnlockPopupViewController didReceiveMemoryWarning]
0x100039234	16	objc	ADEnemyUnlockPopupViewController	-[ADEnemyUnlockPopupViewController nextUnlockLabel]
0x100039244	56	objc	ADEnemyUnlockPopupViewController	-[ADEnemyUnlockPopupViewController setNextUnlockLabel:]
0x10003927c	16	objc	ADEnemyUnlockPopupViewController	-[ADEnemyUnlockPopupViewController descriptionTextView]
0x10003928c	56	objc	ADEnemyUnlockPopupViewController	-[ADEnemyUnlockPopupViewController setDescriptionTextView:]
0x1000392c4	16	objc	ADEnemyUnlockPopupViewController	-[ADEnemyUnlockPopupViewController titleLabel]
0x1000392d4	56	objc	ADEnemyUnlockPopupViewController	-[ADEnemyUnlockPopupViewController setTitleLabel:]
0x10003930c	104	objc	ADEnemyUnlockPopupViewController	-[ADEnemyUnlockPopupViewController .cxx_destruct]
0x100039374	716	objc	ADParticleScene	-[ADParticleScene initWithSize:]
0x100039640	160	objc	ADParticleScene	-[ADParticleScene willMoveFromView:]
0x1000396e0	40	block	ADParticleScene	-[ADParticleScene willMoveFromView:]_block_invoke
0x100039708	16	objc	ADParticleScene	-[ADParticleScene emitter]
0x100039718	12	objc	ADParticleScene	-[ADParticleScene setEmitter:]
0x100039724	20	objc	ADParticleScene	-[ADParticleScene .cxx_destruct]
0x100039738	172	objc	ADInfoViewController	-[ADInfoViewController initWithPageName:]
0x1000397e4	1968	objc	ADInfoViewController	-[ADInfoViewController viewDidLoad]
0x100039f94	356	objc	ADInfoViewController	-[ADInfoViewController continueButtonPressed:]
0x10003a0f8	160	objc	ADInfoViewController	-[ADInfoViewController backButtonPressed]
0x10003a198	60	objc	ADInfoViewController	-[ADInfoViewController didReceiveMemoryWarning]
0x10003a1d4	16	objc	ADInfoViewController	-[ADInfoViewController infoTitle]
0x10003a1e4	56	objc	ADInfoViewController	-[ADInfoViewController setInfoTitle:]
0x10003a21c	16	objc	ADInfoViewController	-[ADInfoViewController infoTextView]
0x10003a22c	56	objc	ADInfoViewController	-[ADInfoViewController setInfoTextView:]
0x10003a264	16	objc	ADInfoViewController	-[ADInfoViewController armoryButton]
0x10003a274	56	objc	ADInfoViewController	-[ADInfoViewController setArmoryButton:]
0x10003a2ac	16	objc	ADInfoViewController	-[ADInfoViewController continueButton]
0x10003a2bc	56	objc	ADInfoViewController	-[ADInfoViewController setContinueButton:]
0x10003a2f4	16	objc	ADInfoViewController	-[ADInfoViewController titleLabel]
0x10003a304	56	objc	ADInfoViewController	-[ADInfoViewController setTitleLabel:]
0x10003a33c	144	objc	ADInfoViewController	-[ADInfoViewController .cxx_destruct]
0x10003a3cc	732	objc	ADArmoryPowerUpViewController	-[ADArmoryPowerUpViewController viewDidLoad]
0x10003a6a8	260	objc	ADArmoryPowerUpViewController	-[ADArmoryPowerUpViewController loadView]
0x10003a7ac	16	objc	ADArmoryPowerUpViewController	-[ADArmoryPowerUpViewController handleBackActionFromStatusBar]
0x10003a7bc	100	objc	ADArmoryPowerUpViewController	-[ADArmoryPowerUpViewController handlePowerUpUpgrade:]
0x10003a820	140	objc	ADArmoryPowerUpViewController	-[ADArmoryPowerUpViewController tableView:heightForRowAtIndexPath:]
0x10003a8ac	8	objc	ADArmoryPowerUpViewController	-[ADArmoryPowerUpViewController numberOfSectionsInTableView:]
0x10003a8b4	184	objc	ADArmoryPowerUpViewController	-[ADArmoryPowerUpViewController tableView:numberOfRowsInSection:]
0x10003a96c	2692	objc	ADArmoryPowerUpViewController	-[ADArmoryPowerUpViewController tableView:cellForRowAtIndexPath:]
0x10003b3f0	252	objc	ADArmoryPowerUpViewController	-[ADArmoryPowerUpViewController playSound]
0x10003b4ec	1308	objc	ADArmoryPowerUpViewController	-[ADArmoryPowerUpViewController tableView:didSelectRowAtIndexPath:]
0x10003ba08	476	objc	ADArmoryPowerUpViewController	-[ADArmoryPowerUpViewController alertView:willDismissWithButtonIndex:]
0x10003bbe4	172	objc	ADArmoryPowerUpViewController	-[ADArmoryPowerUpViewController viewWillLayoutSubviews]
0x10003bc90	552	objc	ADArmoryPowerUpViewController	-[ADArmoryPowerUpViewController removeDetailView]
0x10003beb8	16	objc	ADArmoryPowerUpViewController	-[ADArmoryPowerUpViewController tableView]
0x10003bec8	56	objc	ADArmoryPowerUpViewController	-[ADArmoryPowerUpViewController setTableView:]
0x10003bf00	16	objc	ADArmoryPowerUpViewController	-[ADArmoryPowerUpViewController armoryViewController]
0x10003bf10	56	objc	ADArmoryPowerUpViewController	-[ADArmoryPowerUpViewController setArmoryViewController:]
0x10003bf48	84	objc	ADArmoryPowerUpViewController	-[ADArmoryPowerUpViewController .cxx_destruct]
0x10003bf9c	196	objc	ADMissionForTopbarViewController	-[ADMissionForTopbarViewController initWithMission:skippable:]
0x10003c060	92	objc	ADMissionForTopbarViewController	-[ADMissionForTopbarViewController viewDidLoad]
0x10003c0bc	232	objc	ADMissionForTopbarViewController	-[ADMissionForTopbarViewController awakeFromNib]
0x10003c1a4	2952	objc	ADMissionForTopbarViewController	-[ADMissionForTopbarViewController refreshAndLoad]
0x10003cd2c	552	objc	ADMissionForTopbarViewController	-[ADMissionForTopbarViewController viewDidAppear:]
0x10003cf54	268	objc	ADMissionForTopbarViewController	-[ADMissionForTopbarViewController disableSkip]
0x10003d060	180	objc	ADMissionForTopbarViewController	-[ADMissionForTopbarViewController getTopViewController]
0x10003d114	748	objc	ADMissionForTopbarViewController	-[ADMissionForTopbarViewController skipButtonTouched:]
0x10003d400	1416	objc	ADMissionForTopbarViewController	-[ADMissionForTopbarViewController markAsCompletedAndSwapWithReward:]
0x10003d988	440	block	ADMissionForTopbarViewController	-[ADMissionForTopbarViewController markAsCompletedAndSwapWithReward:]_block_invoke
0x10003db40	8	sub	ADMissionForTopbarViewController	sub_10003db40
0x10003db48	8	sub	ADMissionForTopbarViewController	sub_10003db48
0x10003db50	336	block	ADMissionForTopbarViewController	-[ADMissionForTopbarViewController markAsCompletedAndSwapWithReward:]_block_invoke_2
0x10003dca0	452	block	ADMissionForTopbarViewController	-[ADMissionForTopbarViewController markAsCompletedAndSwapWithReward:]_block_invoke_2_block_invoke
0x10003de64	8	sub	ADMissionForTopbarViewController	sub_10003de64
0x10003de6c	8	sub	ADMissionForTopbarViewController	sub_10003de6c
0x10003de74	100	block	ADMissionForTopbarViewController	-[ADMissionForTopbarViewController markAsCompletedAndSwapWithReward:]_block_invoke_2_block_invoke_2
0x10003ded8	8	sub	ADMissionForTopbarViewController	sub_10003ded8
0x10003dee0	8	sub	ADMissionForTopbarViewController	sub_10003dee0
0x10003dee8	40	sub	ADMissionForTopbarViewController	sub_10003dee8
0x10003df10	40	sub	ADMissionForTopbarViewController	sub_10003df10
0x10003df38	60	objc	ADMissionForTopbarViewController	-[ADMissionForTopbarViewController didReceiveMemoryWarning]
0x10003df74	16	objc	ADMissionForTopbarViewController	-[ADMissionForTopbarViewController description]
0x10003df84	56	objc	ADMissionForTopbarViewController	-[ADMissionForTopbarViewController setDescription:]
0x10003dfbc	16	objc	ADMissionForTopbarViewController	-[ADMissionForTopbarViewController rewardLabel]
0x10003dfcc	56	objc	ADMissionForTopbarViewController	-[ADMissionForTopbarViewController setRewardLabel:]
0x10003e004	16	objc	ADMissionForTopbarViewController	-[ADMissionForTopbarViewController completion]
0x10003e014	56	objc	ADMissionForTopbarViewController	-[ADMissionForTopbarViewController setCompletion:]
0x10003e04c	16	objc	ADMissionForTopbarViewController	-[ADMissionForTopbarViewController reward]
0x10003e05c	56	objc	ADMissionForTopbarViewController	-[ADMissionForTopbarViewController setReward:]
0x10003e094	16	objc	ADMissionForTopbarViewController	-[ADMissionForTopbarViewController skipButton]
0x10003e0a4	56	objc	ADMissionForTopbarViewController	-[ADMissionForTopbarViewController setSkipButton:]
0x10003e0dc	16	objc	ADMissionForTopbarViewController	-[ADMissionForTopbarViewController skipDiamondsLabel]
0x10003e0ec	56	objc	ADMissionForTopbarViewController	-[ADMissionForTopbarViewController setSkipDiamondsLabel:]
0x10003e124	16	objc	ADMissionForTopbarViewController	-[ADMissionForTopbarViewController mission]
0x10003e134	12	objc	ADMissionForTopbarViewController	-[ADMissionForTopbarViewController setMission:]
0x10003e140	16	objc	ADMissionForTopbarViewController	-[ADMissionForTopbarViewController starImage]
0x10003e150	56	objc	ADMissionForTopbarViewController	-[ADMissionForTopbarViewController setStarImage:]
0x10003e188	16	objc	ADMissionForTopbarViewController	-[ADMissionForTopbarViewController completionBar]
0x10003e198	56	objc	ADMissionForTopbarViewController	-[ADMissionForTopbarViewController setCompletionBar:]
0x10003e1d0	16	objc	ADMissionForTopbarViewController	-[ADMissionForTopbarViewController completionBarBackground]
0x10003e1e0	56	objc	ADMissionForTopbarViewController	-[ADMissionForTopbarViewController setCompletionBarBackground:]
0x10003e218	16	objc	ADMissionForTopbarViewController	-[ADMissionForTopbarViewController missionBarDelegate]
0x10003e228	12	objc	ADMissionForTopbarViewController	-[ADMissionForTopbarViewController setMissionBarDelegate:]
0x10003e234	16	objc	ADMissionForTopbarViewController	-[ADMissionForTopbarViewController placeholderTag]
0x10003e244	16	objc	ADMissionForTopbarViewController	-[ADMissionForTopbarViewController setPlaceholderTag:]
0x10003e254	244	objc	ADMissionForTopbarViewController	-[ADMissionForTopbarViewController .cxx_destruct]
0x10003e348	60	objc	PECPUMeter	-[PECPUMeter initWithFrame:]
0x10003e384	1100	objc	PECPUMeter	-[PECPUMeter drawRect:]
0x10003e7d0	140	objc	ADNoMissionBarViewController	-[ADNoMissionBarViewController initWithNibName:bundle:]
0x10003e85c	92	objc	ADNoMissionBarViewController	-[ADNoMissionBarViewController viewDidLoad]
0x10003e8b8	60	objc	ADNoMissionBarViewController	-[ADNoMissionBarViewController didReceiveMemoryWarning]
0x10003e8f4	140	objc	Accessible_ADChallengeOverviewViewController	-[Accessible_ADChallengeOverviewViewController initWithNibName:bundle:]
0x10003e980	1260	objc	Accessible_ADChallengeOverviewViewController	-[Accessible_ADChallengeOverviewViewController viewWillAppear:]
0x10003ee6c	60	objc	Accessible_ADChallengeOverviewViewController	-[Accessible_ADChallengeOverviewViewController didReceiveMemoryWarning]
0x10003eea8	32	objc	Accessible_ADChallengeOverviewViewController	-[Accessible_ADChallengeOverviewViewController tableView:numberOfRowsInSection:]
0x10003eec8	8	objc	Accessible_ADChallengeOverviewViewController	-[Accessible_ADChallengeOverviewViewController numberOfSectionsInTableView:]
0x10003eed0	140	objc	Accessible_ADChallengeOverviewViewController	-[Accessible_ADChallengeOverviewViewController tableView:heightForRowAtIndexPath:]
0x10003ef5c	140	objc	Accessible_ADChallengeOverviewViewController	-[Accessible_ADChallengeOverviewViewController tableView:heightForHeaderInSection:]
0x10003efe8	584	objc	Accessible_ADChallengeOverviewViewController	-[Accessible_ADChallengeOverviewViewController tableView:viewForHeaderInSection:]
0x10003f230	4428	objc	Accessible_ADChallengeOverviewViewController	-[Accessible_ADChallengeOverviewViewController tableView:cellForRowAtIndexPath:]
0x10004037c	4	objc	Accessible_ADChallengeOverviewViewController	-[Accessible_ADChallengeOverviewViewController loadEquipment]
0x100040380	4	objc	Accessible_ADChallengeOverviewViewController	-[Accessible_ADChallengeOverviewViewController missionsButtonPressed:]
0x100040384	92	objc	Accessible_ADChallengeOverviewViewController	-[Accessible_ADChallengeOverviewViewController viewWillLayoutSubviews]
0x1000403e0	40	objc	Accessible_ADChallengeOverviewViewController	-[Accessible_ADChallengeOverviewViewController accessibilityPerformMagicTap]
0x100040408	16	objc	Accessible_ADChallengeOverviewViewController	-[Accessible_ADChallengeOverviewViewController tableView]
0x100040418	56	objc	Accessible_ADChallengeOverviewViewController	-[Accessible_ADChallengeOverviewViewController setTableView:]
0x100040450	16	objc	Accessible_ADChallengeOverviewViewController	-[Accessible_ADChallengeOverviewViewController playButton]
0x100040460	56	objc	Accessible_ADChallengeOverviewViewController	-[Accessible_ADChallengeOverviewViewController setPlayButton:]
0x100040498	84	objc	Accessible_ADChallengeOverviewViewController	-[Accessible_ADChallengeOverviewViewController .cxx_destruct]
0x1000404ec	60	objc	ADHackHitView	-[ADHackHitView initWithFrame:]
0x100040528	380	objc	ADHackHitView	-[ADHackHitView hitTest:withEvent:]
0x1000406a4	472	objc	ADWeaponTouchArea	-[ADWeaponTouchArea initGestureRecognizers]
0x10004087c	8	objc	ADWeaponTouchArea	-[ADWeaponTouchArea gestureRecognizer:shouldRecognizeSimultaneouslyWithGestureRecognizer:]
0x100040884	176	objc	ADWeaponTouchArea	-[ADWeaponTouchArea handleSwipeUpGesture]
0x100040934	176	objc	ADWeaponTouchArea	-[ADWeaponTouchArea handleSwipeDownGesture]
0x1000409e4	64	objc	ADWeaponTouchArea	-[ADWeaponTouchArea .cxx_destruct]
0x100040a24	1756	objc	ADGameOverTableEnemyCell	-[ADGameOverTableEnemyCell initWithStyle:reuseIdentifier:]
0x100041100	1292	objc	ADGameOverTableEnemyCell	-[ADGameOverTableEnemyCell setupInitialConstraints]
0x10004160c	60	objc	ADGameOverTableEnemyCell	-[ADGameOverTableEnemyCell setSelected:animated:]
0x100041648	192	objc	ADGameOverTableEnemyCell	-[ADGameOverTableEnemyCell startKillsAnimationUpTo::]
0x100041708	16	objc	ADGameOverTableEnemyCell	-[ADGameOverTableEnemyCell nameLabel]
0x100041718	12	objc	ADGameOverTableEnemyCell	-[ADGameOverTableEnemyCell setNameLabel:]
0x100041724	16	objc	ADGameOverTableEnemyCell	-[ADGameOverTableEnemyCell killsLabel]
0x100041734	12	objc	ADGameOverTableEnemyCell	-[ADGameOverTableEnemyCell setKillsLabel:]
0x100041740	16	objc	ADGameOverTableEnemyCell	-[ADGameOverTableEnemyCell mainParentView]
0x100041750	12	objc	ADGameOverTableEnemyCell	-[ADGameOverTableEnemyCell setMainParentView:]
0x10004175c	84	objc	ADGameOverTableEnemyCell	-[ADGameOverTableEnemyCell .cxx_destruct]
0x1000417b0	4	objc	ADStatsCell_iPhone4STableViewCell	-[ADStatsCell_iPhone4STableViewCell awakeFromNib]
0x1000417b4	60	objc	ADStatsCell_iPhone4STableViewCell	-[ADStatsCell_iPhone4STableViewCell setSelected:animated:]
0x1000417f0	16	objc	ADStatsCell_iPhone4STableViewCell	-[ADStatsCell_iPhone4STableViewCell placeholderKey]
0x100041800	56	objc	ADStatsCell_iPhone4STableViewCell	-[ADStatsCell_iPhone4STableViewCell setPlaceholderKey:]
0x100041838	16	objc	ADStatsCell_iPhone4STableViewCell	-[ADStatsCell_iPhone4STableViewCell placeholderValue]
0x100041848	56	objc	ADStatsCell_iPhone4STableViewCell	-[ADStatsCell_iPhone4STableViewCell setPlaceholderValue:]
0x100041880	64	objc	ADStatsCell_iPhone4STableViewCell	-[ADStatsCell_iPhone4STableViewCell .cxx_destruct]
0x1000418c0	152	sub	ADStatsCell_iPhone4STableViewCell	sub_1000418c0
0x100041958	2552	objc	ADGameOverWithStatsViewController	-[ADGameOverWithStatsViewController viewDidLoad]
0x100042350	92	objc	ADGameOverWithStatsViewController	-[ADGameOverWithStatsViewController awakeFromNib]
0x1000423ac	452	objc	ADGameOverWithStatsViewController	-[ADGameOverWithStatsViewController animateCoinsAndDiamonds]
0x100042570	60	objc	ADGameOverWithStatsViewController	-[ADGameOverWithStatsViewController viewDidLayoutSubviews]
0x1000425ac	200	objc	ADGameOverWithStatsViewController	-[ADGameOverWithStatsViewController checkAllAnimationsAreComplete]
0x100042674	232	objc	ADGameOverWithStatsViewController	-[ADGameOverWithStatsViewController formattedScoreFromInt:]
0x10004275c	4	objc	ADGameOverWithStatsViewController	-[ADGameOverWithStatsViewController checkUnlocksAndPopups]
0x100042760	92	objc	ADGameOverWithStatsViewController	-[ADGameOverWithStatsViewController viewDidAppear:]
0x1000427bc	900	objc	ADGameOverWithStatsViewController	-[ADGameOverWithStatsViewController initScrollView]
0x100042b40	192	block	ADGameOverWithStatsViewController	-[ADGameOverWithStatsViewController initScrollView]_block_invoke
0x100042c00	8	sub	ADGameOverWithStatsViewController	sub_100042c00
0x100042c08	8	sub	ADGameOverWithStatsViewController	sub_100042c08
0x100042c10	1740	objc	ADGameOverWithStatsViewController	-[ADGameOverWithStatsViewController loadMissions]
0x1000432dc	224	objc	ADGameOverWithStatsViewController	-[ADGameOverWithStatsViewController timeStringFromSeconds:]
0x1000433bc	4	objc	ADGameOverWithStatsViewController	-[ADGameOverWithStatsViewController animateButtonsInAndrestoreControl]
0x1000433c0	80	objc	ADGameOverWithStatsViewController	-[ADGameOverWithStatsViewController swipeLeft]
0x100043410	20	objc	ADGameOverWithStatsViewController	-[ADGameOverWithStatsViewController swipeRight]
0x100043424	4	objc	ADGameOverWithStatsViewController	-[ADGameOverWithStatsViewController goToMissionsButtonPressed:]
0x100043428	196	objc	ADGameOverWithStatsViewController	-[ADGameOverWithStatsViewController goToScoreButtonPressed:]
0x1000434ec	164	objc	ADGameOverWithStatsViewController	-[ADGameOverWithStatsViewController dealloc]
0x100043590	16	objc	ADGameOverWithStatsViewController	-[ADGameOverWithStatsViewController challengeTitle]
0x1000435a0	56	objc	ADGameOverWithStatsViewController	-[ADGameOverWithStatsViewController setChallengeTitle:]
0x1000435d8	16	objc	ADGameOverWithStatsViewController	-[ADGameOverWithStatsViewController missionsTitle]
0x1000435e8	56	objc	ADGameOverWithStatsViewController	-[ADGameOverWithStatsViewController setMissionsTitle:]
0x100043620	16	objc	ADGameOverWithStatsViewController	-[ADGameOverWithStatsViewController missionsButton]
0x100043630	56	objc	ADGameOverWithStatsViewController	-[ADGameOverWithStatsViewController setMissionsButton:]
0x100043668	16	objc	ADGameOverWithStatsViewController	-[ADGameOverWithStatsViewController scoreLabel]
0x100043678	56	objc	ADGameOverWithStatsViewController	-[ADGameOverWithStatsViewController setScoreLabel:]
0x1000436b0	16	objc	ADGameOverWithStatsViewController	-[ADGameOverWithStatsViewController comboLabel]
0x1000436c0	56	objc	ADGameOverWithStatsViewController	-[ADGameOverWithStatsViewController setComboLabel:]
0x1000436f8	16	objc	ADGameOverWithStatsViewController	-[ADGameOverWithStatsViewController killsLabel]
0x100043708	56	objc	ADGameOverWithStatsViewController	-[ADGameOverWithStatsViewController setKillsLabel:]
0x100043740	16	objc	ADGameOverWithStatsViewController	-[ADGameOverWithStatsViewController accuracyLabel]
0x100043750	56	objc	ADGameOverWithStatsViewController	-[ADGameOverWithStatsViewController setAccuracyLabel:]
0x100043788	16	objc	ADGameOverWithStatsViewController	-[ADGameOverWithStatsViewController timeLabel]
0x100043798	56	objc	ADGameOverWithStatsViewController	-[ADGameOverWithStatsViewController setTimeLabel:]
0x1000437d0	16	objc	ADGameOverWithStatsViewController	-[ADGameOverWithStatsViewController coinsTotal]
0x1000437e0	56	objc	ADGameOverWithStatsViewController	-[ADGameOverWithStatsViewController setCoinsTotal:]
0x100043818	16	objc	ADGameOverWithStatsViewController	-[ADGameOverWithStatsViewController diamondsTotal]
0x100043828	56	objc	ADGameOverWithStatsViewController	-[ADGameOverWithStatsViewController setDiamondsTotal:]
0x100043860	16	objc	ADGameOverWithStatsViewController	-[ADGameOverWithStatsViewController diamondsLoot]
0x100043870	56	objc	ADGameOverWithStatsViewController	-[ADGameOverWithStatsViewController setDiamondsLoot:]
0x1000438a8	16	objc	ADGameOverWithStatsViewController	-[ADGameOverWithStatsViewController missionView]
0x1000438b8	56	objc	ADGameOverWithStatsViewController	-[ADGameOverWithStatsViewController setMissionView:]
0x1000438f0	16	objc	ADGameOverWithStatsViewController	-[ADGameOverWithStatsViewController contentView]
0x100043900	56	objc	ADGameOverWithStatsViewController	-[ADGameOverWithStatsViewController setContentView:]
0x100043938	16	objc	ADGameOverWithStatsViewController	-[ADGameOverWithStatsViewController buttonsView]
0x100043948	56	objc	ADGameOverWithStatsViewController	-[ADGameOverWithStatsViewController setButtonsView:]
0x100043980	16	objc	ADGameOverWithStatsViewController	-[ADGameOverWithStatsViewController contentScrollView]
0x100043990	56	objc	ADGameOverWithStatsViewController	-[ADGameOverWithStatsViewController setContentScrollView:]
0x1000439c8	20	objc	ADGameOverWithStatsViewController	-[ADGameOverWithStatsViewController ignoreRewards]
0x1000439dc	16	objc	ADGameOverWithStatsViewController	-[ADGameOverWithStatsViewController setIgnoreRewards:]
0x1000439ec	20	objc	ADGameOverWithStatsViewController	-[ADGameOverWithStatsViewController delayForDisplayingScore]
0x100043a00	20	objc	ADGameOverWithStatsViewController	-[ADGameOverWithStatsViewController setDelayForDisplayingScore:]
0x100043a14	16	objc	ADGameOverWithStatsViewController	-[ADGameOverWithStatsViewController killsTitleLabel]
0x100043a24	56	objc	ADGameOverWithStatsViewController	-[ADGameOverWithStatsViewController setKillsTitleLabel:]
0x100043a5c	16	objc	ADGameOverWithStatsViewController	-[ADGameOverWithStatsViewController accuracyTitleLabel]
0x100043a6c	56	objc	ADGameOverWithStatsViewController	-[ADGameOverWithStatsViewController setAccuracyTitleLabel:]
0x100043aa4	16	objc	ADGameOverWithStatsViewController	-[ADGameOverWithStatsViewController timeTitleLabel]
0x100043ab4	56	objc	ADGameOverWithStatsViewController	-[ADGameOverWithStatsViewController setTimeTitleLabel:]
0x100043aec	16	objc	ADGameOverWithStatsViewController	-[ADGameOverWithStatsViewController missionPlaceholder1]
0x100043afc	56	objc	ADGameOverWithStatsViewController	-[ADGameOverWithStatsViewController setMissionPlaceholder1:]
0x100043b34	16	objc	ADGameOverWithStatsViewController	-[ADGameOverWithStatsViewController missionPlaceholder2]
0x100043b44	56	objc	ADGameOverWithStatsViewController	-[ADGameOverWithStatsViewController setMissionPlaceholder2:]
0x100043b7c	16	objc	ADGameOverWithStatsViewController	-[ADGameOverWithStatsViewController missionPlaceholder3]
0x100043b8c	56	objc	ADGameOverWithStatsViewController	-[ADGameOverWithStatsViewController setMissionPlaceholder3:]
0x100043bc4	16	objc	ADGameOverWithStatsViewController	-[ADGameOverWithStatsViewController starPlaceholder1]
0x100043bd4	56	objc	ADGameOverWithStatsViewController	-[ADGameOverWithStatsViewController setStarPlaceholder1:]
0x100043c0c	16	objc	ADGameOverWithStatsViewController	-[ADGameOverWithStatsViewController starPlaceholder2]
0x100043c1c	56	objc	ADGameOverWithStatsViewController	-[ADGameOverWithStatsViewController setStarPlaceholder2:]
0x100043c54	16	objc	ADGameOverWithStatsViewController	-[ADGameOverWithStatsViewController starPlaceholder3]
0x100043c64	56	objc	ADGameOverWithStatsViewController	-[ADGameOverWithStatsViewController setStarPlaceholder3:]
0x100043c9c	16	objc	ADGameOverWithStatsViewController	-[ADGameOverWithStatsViewController starCoins]
0x100043cac	16	objc	ADGameOverWithStatsViewController	-[ADGameOverWithStatsViewController setStarCoins:]
0x100043cbc	524	objc	ADGameOverWithStatsViewController	-[ADGameOverWithStatsViewController .cxx_destruct]
0x100043ec8	252	objc	ADInventoryItemViewController	-[ADInventoryItemViewController initWithNibName:bundle:name:]
0x100043fc4	300	objc	ADInventoryItemViewController	-[ADInventoryItemViewController viewDidLoad]
0x1000440f0	176	objc	ADInventoryItemViewController	-[ADInventoryItemViewController loadWeaponWithName:]
0x1000441a0	100	block	ADInventoryItemViewController	-[ADInventoryItemViewController loadWeaponWithName:]_block_invoke
0x100044204	8	sub	ADInventoryItemViewController	sub_100044204
0x10004420c	8	sub	ADInventoryItemViewController	sub_10004420c
0x100044214	952	objc	ADInventoryItemViewController	-[ADInventoryItemViewController refreshDisplay]
0x1000445cc	152	objc	ADInventoryItemViewController	-[ADInventoryItemViewController makeEmpty]
0x100044664	100	block	ADInventoryItemViewController	-[ADInventoryItemViewController makeEmpty]_block_invoke
0x1000446c8	8	sub	ADInventoryItemViewController	sub_1000446c8
0x1000446d0	8	sub	ADInventoryItemViewController	sub_1000446d0
0x1000446d8	176	objc	ADInventoryItemViewController	-[ADInventoryItemViewController buttonPressed:]
0x100044788	60	objc	ADInventoryItemViewController	-[ADInventoryItemViewController didReceiveMemoryWarning]
0x1000447c4	16	objc	ADInventoryItemViewController	-[ADInventoryItemViewController titleLabel]
0x1000447d4	56	objc	ADInventoryItemViewController	-[ADInventoryItemViewController setTitleLabel:]
0x10004480c	16	objc	ADInventoryItemViewController	-[ADInventoryItemViewController quantityLabel]
0x10004481c	56	objc	ADInventoryItemViewController	-[ADInventoryItemViewController setQuantityLabel:]
0x100044854	16	objc	ADInventoryItemViewController	-[ADInventoryItemViewController name]
0x100044864	56	objc	ADInventoryItemViewController	-[ADInventoryItemViewController setName:]
0x10004489c	32	objc	ADInventoryItemViewController	-[ADInventoryItemViewController armoryViewController]
0x1000448bc	20	objc	ADInventoryItemViewController	-[ADInventoryItemViewController setArmoryViewController:]
0x1000448d0	16	objc	ADInventoryItemViewController	-[ADInventoryItemViewController weaponImage]
0x1000448e0	56	objc	ADInventoryItemViewController	-[ADInventoryItemViewController setWeaponImage:]
0x100044918	16	objc	ADInventoryItemViewController	-[ADInventoryItemViewController type]
0x100044928	16	objc	ADInventoryItemViewController	-[ADInventoryItemViewController setType:]
0x100044938	120	objc	ADInventoryItemViewController	-[ADInventoryItemViewController .cxx_destruct]
0x1000449b0	976	objc	ADMission	-[ADMission initWithDictionary:]
0x100044d80	176	objc	ADMission	-[ADMission startGameplay]
0x100044e30	112	objc	ADMission	-[ADMission update:]
0x100044ea0	16	objc	ADMission	-[ADMission setObjective:]
0x100044eb0	352	objc	ADMission	-[ADMission playerShotWithWeapon:hitEnemi:]
0x100045010	560	objc	ADMission	-[ADMission enemiKilled:withWeapon:]
0x100045240	180	objc	ADMission	-[ADMission playerDied]
0x1000452f4	180	objc	ADMission	-[ADMission playerUpgradedWeapon]
0x1000453a8	16	objc	ADMission	-[ADMission endGameplay]
0x1000453b8	4	objc	ADMission	-[ADMission playerSwappedWeapon]
0x1000453bc	4	objc	ADMission	-[ADMission playerMissedAShot]
0x1000453c0	848	objc	ADMission	-[ADMission isMissionCompleted]
0x100045710	924	objc	ADMission	-[ADMission completionToString]
0x100045aac	608	objc	ADMission	-[ADMission completionToFloat]
0x100045d0c	1056	objc	ADMission	-[ADMission cellViewForMissionWithCellIdentifier:]
0x10004612c	916	objc	ADMission	-[ADMission initWithCoder:]
0x1000464c0	744	objc	ADMission	-[ADMission encodeWithCoder:]
0x1000467a8	16	objc	ADMission	-[ADMission objective]
0x1000467b8	16	objc	ADMission	-[ADMission objective_zombies]
0x1000467c8	16	objc	ADMission	-[ADMission setObjective_zombies:]
0x1000467d8	16	objc	ADMission	-[ADMission description]
0x1000467e8	12	objc	ADMission	-[ADMission setDescription:]
0x1000467f4	16	objc	ADMission	-[ADMission type]
0x100046804	12	objc	ADMission	-[ADMission setType:]
0x100046810	16	objc	ADMission	-[ADMission skipCost]
0x100046820	16	objc	ADMission	-[ADMission setSkipCost:]
0x100046830	16	objc	ADMission	-[ADMission reward]
0x100046840	16	objc	ADMission	-[ADMission setReward:]
0x100046850	16	objc	ADMission	-[ADMission enemi]
0x100046860	12	objc	ADMission	-[ADMission setEnemi:]
0x10004686c	16	objc	ADMission	-[ADMission weapon]
0x10004687c	12	objc	ADMission	-[ADMission setWeapon:]
0x100046888	20	objc	ADMission	-[ADMission survivalTime]
0x10004689c	20	objc	ADMission	-[ADMission setSurvivalTime:]
0x1000468b0	20	objc	ADMission	-[ADMission singleLife]
0x1000468c4	16	objc	ADMission	-[ADMission setSingleLife:]
0x1000468d4	16	objc	ADMission	-[ADMission progression]
0x1000468e4	16	objc	ADMission	-[ADMission setProgression:]
0x1000468f4	16	objc	ADMission	-[ADMission progression_zombies]
0x100046904	16	objc	ADMission	-[ADMission setProgression_zombies:]
0x100046914	16	objc	ADMission	-[ADMission attempts]
0x100046924	16	objc	ADMission	-[ADMission setAttempts:]
0x100046934	104	objc	ADMission	-[ADMission .cxx_destruct]
0x10004699c	1708	objc	ADChallengeCompletedViewController	-[ADChallengeCompletedViewController viewDidLoad]
0x100047048	20	block	ADChallengeCompletedViewController	-[ADChallengeCompletedViewController viewDidLoad]_block_invoke
0x10004705c	220	block	ADChallengeCompletedViewController	-[ADChallengeCompletedViewController viewDidLoad]_block_invoke_2
0x100047138	468	block	ADChallengeCompletedViewController	-[ADChallengeCompletedViewController viewDidLoad]_block_invoke_2_block_invoke
0x10004730c	8	sub	ADChallengeCompletedViewController	sub_10004730c
0x100047314	8	sub	ADChallengeCompletedViewController	sub_100047314
0x10004731c	96	block	ADChallengeCompletedViewController	-[ADChallengeCompletedViewController viewDidLoad]_block_invoke_2_block_invoke_2
0x10004737c	8	sub	ADChallengeCompletedViewController	sub_10004737c
0x100047384	8	sub	ADChallengeCompletedViewController	sub_100047384
0x10004738c	8	sub	ADChallengeCompletedViewController	sub_10004738c
0x100047394	8	sub	ADChallengeCompletedViewController	sub_100047394
0x10004739c	876	objc	ADChallengeCompletedViewController	-[ADChallengeCompletedViewController loadView]
0x100047708	224	objc	ADChallengeCompletedViewController	-[ADChallengeCompletedViewController timeStringFromSeconds:]
0x1000477e8	60	objc	ADChallengeCompletedViewController	-[ADChallengeCompletedViewController viewDidLayoutSubviews]
0x100047824	1452	objc	ADChallengeCompletedViewController	-[ADChallengeCompletedViewController checkCompletion]
0x100047dd0	80	objc	ADChallengeCompletedViewController	-[ADChallengeCompletedViewController swipeLeft]
0x100047e20	4	objc	ADChallengeCompletedViewController	-[ADChallengeCompletedViewController swipeRight]
0x100047e24	4	objc	ADChallengeCompletedViewController	-[ADChallengeCompletedViewController scoreButtonPressed:]
0x100047e28	4	objc	ADChallengeCompletedViewController	-[ADChallengeCompletedViewController missionButtonPressed:]
0x100047e2c	276	objc	ADChallengeCompletedViewController	-[ADChallengeCompletedViewController unlockTimeLimitStarWithGlow:]
0x100047f40	276	objc	ADChallengeCompletedViewController	-[ADChallengeCompletedViewController unlockAccuracyStarWithGlow:]
0x100048054	276	objc	ADChallengeCompletedViewController	-[ADChallengeCompletedViewController unlockMissionStarWithGlow:]
0x100048168	248	objc	ADChallengeCompletedViewController	-[ADChallengeCompletedViewController viewWillAppear:]
0x100048260	196	objc	ADChallengeCompletedViewController	-[ADChallengeCompletedViewController resumeFromStats]
0x100048324	936	objc	ADChallengeCompletedViewController	-[ADChallengeCompletedViewController checkAllAnimationsAreComplete]
0x1000486cc	92	objc	ADChallengeCompletedViewController	-[ADChallengeCompletedViewController stopAnimations]
0x100048728	316	objc	ADChallengeCompletedViewController	-[ADChallengeCompletedViewController backButtonPressed]
0x100048864	344	objc	ADChallengeCompletedViewController	-[ADChallengeCompletedViewController missionSelectButtonPressed:]
0x1000489bc	484	objc	ADChallengeCompletedViewController	-[ADChallengeCompletedViewController nextMissionButtonPressed:]
0x100048ba0	412	objc	ADChallengeCompletedViewController	-[ADChallengeCompletedViewController retryButtonPressed:]
0x100048d3c	308	objc	ADChallengeCompletedViewController	-[ADChallengeCompletedViewController showGameStatistics:]
0x100048e70	308	objc	ADChallengeCompletedViewController	-[ADChallengeCompletedViewController moreStatsButtonPressed:]
0x100048fa4	852	objc	ADChallengeCompletedViewController	-[ADChallengeCompletedViewController reportScoreToGameCenter]
0x1000492f8	4	block	ADChallengeCompletedViewController	-[ADChallengeCompletedViewController reportScoreToGameCenter]_block_invoke
0x1000492fc	4	block	ADChallengeCompletedViewController	-[ADChallengeCompletedViewController reportScoreToGameCenter]_block_invoke_2
0x100049300	252	objc	ADChallengeCompletedViewController	-[ADChallengeCompletedViewController playButtonSound]
0x1000493fc	20	objc	ADChallengeCompletedViewController	-[ADChallengeCompletedViewController .cxx_destruct]
0x100049410	348	objc	Accessible_ADArmoryLoadoutViewController	-[Accessible_ADArmoryLoadoutViewController viewDidLoad]
0x10004956c	140	objc	Accessible_ADArmoryLoadoutViewController	-[Accessible_ADArmoryLoadoutViewController tableView:heightForRowAtIndexPath:]
0x1000495f8	140	objc	Accessible_ADArmoryLoadoutViewController	-[Accessible_ADArmoryLoadoutViewController tableView:heightForHeaderInSection:]
0x100049684	480	objc	Accessible_ADArmoryLoadoutViewController	-[Accessible_ADArmoryLoadoutViewController tableView:numberOfRowsInSection:]
0x100049864	544	objc	Accessible_ADArmoryLoadoutViewController	-[Accessible_ADArmoryLoadoutViewController tableView:viewForHeaderInSection:]
0x100049a84	8	objc	Accessible_ADArmoryLoadoutViewController	-[Accessible_ADArmoryLoadoutViewController numberOfSectionsInTableView:]
0x100049a8c	400	objc	Accessible_ADArmoryLoadoutViewController	-[Accessible_ADArmoryLoadoutViewController weaponName:]
0x100049c1c	764	objc	Accessible_ADArmoryLoadoutViewController	-[Accessible_ADArmoryLoadoutViewController weaponStatus:]
0x100049f18	844	objc	Accessible_ADArmoryLoadoutViewController	-[Accessible_ADArmoryLoadoutViewController tableView:cellForRowAtIndexPath:]
0x10004a264	1156	objc	Accessible_ADArmoryLoadoutViewController	-[Accessible_ADArmoryLoadoutViewController tableView:didSelectRowAtIndexPath:]
0x10004a6e8	92	objc	Accessible_ADArmoryLoadoutViewController	-[Accessible_ADArmoryLoadoutViewController viewWillLayoutSubviews]
0x10004a744	16	objc	Accessible_ADArmoryLoadoutViewController	-[Accessible_ADArmoryLoadoutViewController tableView]
0x10004a754	56	objc	Accessible_ADArmoryLoadoutViewController	-[Accessible_ADArmoryLoadoutViewController setTableView:]
0x10004a78c	32	objc	Accessible_ADArmoryLoadoutViewController	-[Accessible_ADArmoryLoadoutViewController armoryViewController]
0x10004a7ac	20	objc	Accessible_ADArmoryLoadoutViewController	-[Accessible_ADArmoryLoadoutViewController setArmoryViewController:]
0x10004a7c0	80	objc	Accessible_ADArmoryLoadoutViewController	-[Accessible_ADArmoryLoadoutViewController .cxx_destruct]
0x10004a810	60	objc	ADGameOverTableWeaponCell	-[ADGameOverTableWeaponCell initWithStyle:reuseIdentifier:]
0x10004a84c	2148	objc	ADGameOverTableWeaponCell	-[ADGameOverTableWeaponCell awakeFromNib]
0x10004b0b0	60	objc	ADGameOverTableWeaponCell	-[ADGameOverTableWeaponCell setSelected:animated:]
0x10004b0ec	192	objc	ADGameOverTableWeaponCell	-[ADGameOverTableWeaponCell startKillsAnimationUpTo::]
0x10004b1ac	32	objc	ADGameOverTableWeaponCell	-[ADGameOverTableWeaponCell accuracyLabel]
0x10004b1cc	20	objc	ADGameOverTableWeaponCell	-[ADGameOverTableWeaponCell setAccuracyLabel:]
0x10004b1e0	32	objc	ADGameOverTableWeaponCell	-[ADGameOverTableWeaponCell criticalsLabel]
0x10004b200	20	objc	ADGameOverTableWeaponCell	-[ADGameOverTableWeaponCell setCriticalsLabel:]
0x10004b214	32	objc	ADGameOverTableWeaponCell	-[ADGameOverTableWeaponCell shotsFiredLabel]
0x10004b234	20	objc	ADGameOverTableWeaponCell	-[ADGameOverTableWeaponCell setShotsFiredLabel:]
0x10004b248	16	objc	ADGameOverTableWeaponCell	-[ADGameOverTableWeaponCell killsLabel]
0x10004b258	56	objc	ADGameOverTableWeaponCell	-[ADGameOverTableWeaponCell setKillsLabel:]
0x10004b290	32	objc	ADGameOverTableWeaponCell	-[ADGameOverTableWeaponCell timeSpentLabel]
0x10004b2b0	20	objc	ADGameOverTableWeaponCell	-[ADGameOverTableWeaponCell setTimeSpentLabel:]
0x10004b2c4	32	objc	ADGameOverTableWeaponCell	-[ADGameOverTableWeaponCell timeSpentValue]
0x10004b2e4	20	objc	ADGameOverTableWeaponCell	-[ADGameOverTableWeaponCell setTimeSpentValue:]
0x10004b2f8	32	objc	ADGameOverTableWeaponCell	-[ADGameOverTableWeaponCell accuracyValue]
0x10004b318	20	objc	ADGameOverTableWeaponCell	-[ADGameOverTableWeaponCell setAccuracyValue:]
0x10004b32c	32	objc	ADGameOverTableWeaponCell	-[ADGameOverTableWeaponCell shotsFiredValue]
0x10004b34c	20	objc	ADGameOverTableWeaponCell	-[ADGameOverTableWeaponCell setShotsFiredValue:]
0x10004b360	16	objc	ADGameOverTableWeaponCell	-[ADGameOverTableWeaponCell killsValue]
0x10004b370	56	objc	ADGameOverTableWeaponCell	-[ADGameOverTableWeaponCell setKillsValue:]
0x10004b3a8	32	objc	ADGameOverTableWeaponCell	-[ADGameOverTableWeaponCell criticalsFiredValue]
0x10004b3c8	20	objc	ADGameOverTableWeaponCell	-[ADGameOverTableWeaponCell setCriticalsFiredValue:]
0x10004b3dc	32	objc	ADGameOverTableWeaponCell	-[ADGameOverTableWeaponCell nameLabel]
0x10004b3fc	20	objc	ADGameOverTableWeaponCell	-[ADGameOverTableWeaponCell setNameLabel:]
0x10004b410	32	objc	ADGameOverTableWeaponCell	-[ADGameOverTableWeaponCell mainParentView]
0x10004b430	20	objc	ADGameOverTableWeaponCell	-[ADGameOverTableWeaponCell setMainParentView:]
0x10004b444	224	objc	ADGameOverTableWeaponCell	-[ADGameOverTableWeaponCell .cxx_destruct]
0x10004b524	128	objc	ADPowerUpManager	-[ADPowerUpManager init]
0x10004b5a4	156	objc	ADPowerUpManager	-[ADPowerUpManager update:]
0x10004b640	552	objc	ADPowerUpManager	-[ADPowerUpManager resetPowerUpCooldown]
0x10004b868	92	objc	ADPowerUpManager	-[ADPowerUpManager tryToPopPowerUp]
0x10004b8c4	432	objc	ADPowerUpManager	-[ADPowerUpManager popPowerUpWithType:]
0x10004ba74	212	objc	ADWorldChallengeListViewController	-[ADWorldChallengeListViewController initWithNibName:bundle:]
0x10004bb48	1284	objc	ADWorldChallengeListViewController	-[ADWorldChallengeListViewController viewDidLoad]
0x10004c04c	284	block	ADWorldChallengeListViewController	-[ADWorldChallengeListViewController viewDidLoad]_block_invoke
0x10004c168	260	objc	ADWorldChallengeListViewController	-[ADWorldChallengeListViewController loadView]
0x10004c26c	60	objc	ADWorldChallengeListViewController	-[ADWorldChallengeListViewController didReceiveMemoryWarning]
0x10004c2a8	112	objc	ADWorldChallengeListViewController	-[ADWorldChallengeListViewController tableView:numberOfRowsInSection:]
0x10004c318	496	objc	ADWorldChallengeListViewController	-[ADWorldChallengeListViewController tableView:viewForHeaderInSection:]
0x10004c508	144	objc	ADWorldChallengeListViewController	-[ADWorldChallengeListViewController tableView:heightForHeaderInSection:]
0x10004c598	140	objc	ADWorldChallengeListViewController	-[ADWorldChallengeListViewController tableView:heightForRowAtIndexPath:]
0x10004c624	32	objc	ADWorldChallengeListViewController	-[ADWorldChallengeListViewController numberOfSectionsInTableView:]
0x10004c644	2772	objc	ADWorldChallengeListViewController	-[ADWorldChallengeListViewController tableView:cellForRowAtIndexPath:]
0x10004d118	344	objc	ADWorldChallengeListViewController	-[ADWorldChallengeListViewController tableView:willSelectRowAtIndexPath:]
0x10004d270	548	objc	ADWorldChallengeListViewController	-[ADWorldChallengeListViewController tableView:didSelectRowAtIndexPath:]
0x10004d494	160	objc	ADWorldChallengeListViewController	-[ADWorldChallengeListViewController backButtonPressed]
0x10004d534	252	objc	ADWorldChallengeListViewController	-[ADWorldChallengeListViewController playButtonSound]
0x10004d630	32	objc	ADWorldChallengeListViewController	-[ADWorldChallengeListViewController tableView]
0x10004d650	20	objc	ADWorldChallengeListViewController	-[ADWorldChallengeListViewController setTableView:]
0x10004d664	16	objc	ADWorldChallengeListViewController	-[ADWorldChallengeListViewController enemyData]
0x10004d674	56	objc	ADWorldChallengeListViewController	-[ADWorldChallengeListViewController setEnemyData:]
0x10004d6ac	16	objc	ADWorldChallengeListViewController	-[ADWorldChallengeListViewController worldNames]
0x10004d6bc	12	objc	ADWorldChallengeListViewController	-[ADWorldChallengeListViewController setWorldNames:]
0x10004d6c8	16	objc	ADWorldChallengeListViewController	-[ADWorldChallengeListViewController numberOfSectionsForStats]
0x10004d6d8	16	objc	ADWorldChallengeListViewController	-[ADWorldChallengeListViewController setNumberOfSectionsForStats:]
0x10004d6e8	80	objc	ADWorldChallengeListViewController	-[ADWorldChallengeListViewController .cxx_destruct]
0x10004d738	112	objc	ADArmoryPowerUpUpgraderViewController	-[ADArmoryPowerUpUpgraderViewController initWithPowerupDictionary:]
0x10004d7a8	244	objc	ADArmoryPowerUpUpgraderViewController	-[ADArmoryPowerUpUpgraderViewController viewDidLoad]
0x10004d89c	472	objc	ADArmoryPowerUpUpgraderViewController	-[ADArmoryPowerUpUpgraderViewController loadView]
0x10004da74	1856	objc	ADArmoryPowerUpUpgraderViewController	-[ADArmoryPowerUpUpgraderViewController loadInformation]
0x10004e1b4	2240	objc	ADArmoryPowerUpUpgraderViewController	-[ADArmoryPowerUpUpgraderViewController upgradeButtonPressed:]
0x10004ea74	20	block	ADArmoryPowerUpUpgraderViewController	-[ADArmoryPowerUpUpgraderViewController upgradeButtonPressed:]_block_invoke
0x10004ea88	8	sub	ADArmoryPowerUpUpgraderViewController	sub_10004ea88
0x10004ea90	8	sub	ADArmoryPowerUpUpgraderViewController	sub_10004ea90
0x10004ea98	524	objc	ADArmoryPowerUpUpgraderViewController	-[ADArmoryPowerUpUpgraderViewController showNextLevel]
0x10004eca4	272	block	ADArmoryPowerUpUpgraderViewController	-[ADArmoryPowerUpUpgraderViewController showNextLevel]_block_invoke
0x10004edb4	8	sub	ADArmoryPowerUpUpgraderViewController	sub_10004edb4
0x10004edbc	8	sub	ADArmoryPowerUpUpgraderViewController	sub_10004edbc
0x10004edc4	100	block	ADArmoryPowerUpUpgraderViewController	-[ADArmoryPowerUpUpgraderViewController showNextLevel]_block_invoke_2
0x10004ee28	8	sub	ADArmoryPowerUpUpgraderViewController	sub_10004ee28
0x10004ee30	8	sub	ADArmoryPowerUpUpgraderViewController	sub_10004ee30
0x10004ee38	100	objc	ADArmoryPowerUpUpgraderViewController	-[ADArmoryPowerUpUpgraderViewController backButtonPressed:]
0x10004ee9c	16	objc	ADArmoryPowerUpUpgraderViewController	-[ADArmoryPowerUpUpgraderViewController armoryViewController]
0x10004eeac	56	objc	ADArmoryPowerUpUpgraderViewController	-[ADArmoryPowerUpUpgraderViewController setArmoryViewController:]
0x10004eee4	16	objc	ADArmoryPowerUpUpgraderViewController	-[ADArmoryPowerUpUpgraderViewController powerUpTitle]
0x10004eef4	56	objc	ADArmoryPowerUpUpgraderViewController	-[ADArmoryPowerUpUpgraderViewController setPowerUpTitle:]
0x10004ef2c	16	objc	ADArmoryPowerUpUpgraderViewController	-[ADArmoryPowerUpUpgraderViewController powerUpIcon]
0x10004ef3c	56	objc	ADArmoryPowerUpUpgraderViewController	-[ADArmoryPowerUpUpgraderViewController setPowerUpIcon:]
0x10004ef74	16	objc	ADArmoryPowerUpUpgraderViewController	-[ADArmoryPowerUpUpgraderViewController powerUpDescription]
0x10004ef84	56	objc	ADArmoryPowerUpUpgraderViewController	-[ADArmoryPowerUpUpgraderViewController setPowerUpDescription:]
0x10004efbc	16	objc	ADArmoryPowerUpUpgraderViewController	-[ADArmoryPowerUpUpgraderViewController upgradeButton]
0x10004efcc	56	objc	ADArmoryPowerUpUpgraderViewController	-[ADArmoryPowerUpUpgraderViewController setUpgradeButton:]
0x10004f004	16	objc	ADArmoryPowerUpUpgraderViewController	-[ADArmoryPowerUpUpgraderViewController voiceOverBack]
0x10004f014	56	objc	ADArmoryPowerUpUpgraderViewController	-[ADArmoryPowerUpUpgraderViewController setVoiceOverBack:]
0x10004f04c	16	objc	ADArmoryPowerUpUpgraderViewController	-[ADArmoryPowerUpUpgraderViewController badgeImage]
0x10004f05c	56	objc	ADArmoryPowerUpUpgraderViewController	-[ADArmoryPowerUpUpgraderViewController setBadgeImage:]
0x10004f094	16	objc	ADArmoryPowerUpUpgraderViewController	-[ADArmoryPowerUpUpgraderViewController alertViewDelegate]
0x10004f0a4	12	objc	ADArmoryPowerUpUpgraderViewController	-[ADArmoryPowerUpUpgraderViewController setAlertViewDelegate:]
0x10004f0b0	204	objc	ADArmoryPowerUpUpgraderViewController	-[ADArmoryPowerUpUpgraderViewController .cxx_destruct]
0x10004f17c	20	objc	ADSlidingView	-[ADSlidingView awakeFromNib]
0x10004f190	832	objc	ADSlidingView	-[ADSlidingView slide]
0x10004f4d0	48	block	ADSlidingView	-[ADSlidingView slide]_block_invoke
0x10004f500	8	sub	ADSlidingView	sub_10004f500
0x10004f508	8	sub	ADSlidingView	sub_10004f508
0x10004f510	244	block	ADSlidingView	-[ADSlidingView slide]_block_invoke_2
0x10004f604	36	block	ADSlidingView	-[ADSlidingView slide]_block_invoke_2_block_invoke
0x10004f628	8	sub	ADSlidingView	sub_10004f628
0x10004f630	8	sub	ADSlidingView	sub_10004f630
0x10004f638	8	sub	ADSlidingView	sub_10004f638
0x10004f640	8	sub	ADSlidingView	sub_10004f640
0x10004f648	16	objc	ADSlidingView	-[ADSlidingView slideCompletion]
0x10004f658	12	objc	ADSlidingView	-[ADSlidingView setSlideCompletion:]
0x10004f664	16	objc	ADSlidingView	-[ADSlidingView xCenter]
0x10004f674	56	objc	ADSlidingView	-[ADSlidingView setXCenter:]
0x10004f6ac	16	objc	ADSlidingView	-[ADSlidingView yCenter]
0x10004f6bc	56	objc	ADSlidingView	-[ADSlidingView setYCenter:]
0x10004f6f4	84	objc	ADSlidingView	-[ADSlidingView .cxx_destruct]
0x10004f748	4	objc	ADSlidingView	-[ADSlidingView .cxx_construct]
0x10004f74c	176	objc	ADMachine	-[ADMachine initWithName:]
0x10004f7fc	512	objc	ADMachine	-[ADMachine update:]
0x10004f9fc	72	objc	ADMachine	-[ADMachine startLoop]
0x10004fa44	152	objc	ADMachine	-[ADMachine die]
0x10004fadc	140	objc	ADControlSchemeViewController	-[ADControlSchemeViewController initWithNibName:bundle:]
0x10004fb68	3484	objc	ADControlSchemeViewController	-[ADControlSchemeViewController viewDidLoad]
0x100050904	3132	objc	ADControlSchemeViewController	-[ADControlSchemeViewController loadView]
0x100051540	140	block	ADControlSchemeViewController	-[ADControlSchemeViewController loadView]_block_invoke
0x1000515cc	8	sub	ADControlSchemeViewController	sub_1000515cc
0x1000515d4	8	sub	ADControlSchemeViewController	sub_1000515d4
0x1000515dc	208	block	ADControlSchemeViewController	-[ADControlSchemeViewController loadView]_block_invoke_2
0x1000516ac	8	sub	ADControlSchemeViewController	sub_1000516ac
0x1000516b4	8	sub	ADControlSchemeViewController	sub_1000516b4
0x1000516bc	236	objc	ADControlSchemeViewController	-[ADControlSchemeViewController setAllTabButtons:]
0x1000517a8	236	objc	ADControlSchemeViewController	-[ADControlSchemeViewController setAllAimingButton:]
0x100051894	236	objc	ADControlSchemeViewController	-[ADControlSchemeViewController selectAllTabButtons:]
0x100051980	236	objc	ADControlSchemeViewController	-[ADControlSchemeViewController selectAllAimingButton:]
0x100051a6c	212	objc	ADControlSchemeViewController	-[ADControlSchemeViewController aimingTabButtonPressed]
0x100051b40	280	objc	ADControlSchemeViewController	-[ADControlSchemeViewController controlTabButtonPressed]
0x100051c58	280	objc	ADControlSchemeViewController	-[ADControlSchemeViewController soundTabButtonPressed]
0x100051d70	696	objc	ADControlSchemeViewController	-[ADControlSchemeViewController showOrHideSensivity]
0x100052028	524	objc	ADControlSchemeViewController	-[ADControlSchemeViewController gyroButtonTouched]
0x100052234	620	objc	ADControlSchemeViewController	-[ADControlSchemeViewController tiltButtonTouched]
0x1000524a0	620	objc	ADControlSchemeViewController	-[ADControlSchemeViewController swipeButtonTouched]
0x10005270c	168	objc	ADControlSchemeViewController	-[ADControlSchemeViewController sensivityValueChanged:]
0x1000527b4	644	objc	ADControlSchemeViewController	-[ADControlSchemeViewController buttonsButtonTouched]
0x100052a38	644	objc	ADControlSchemeViewController	-[ADControlSchemeViewController gestureButtonTouched]
0x100052cbc	196	objc	ADControlSchemeViewController	-[ADControlSchemeViewController volumeSliderValueChanged:]
0x100052d80	200	objc	ADControlSchemeViewController	-[ADControlSchemeViewController announcerValueChanged:]
0x100052e48	240	objc	ADControlSchemeViewController	-[ADControlSchemeViewController TestHeadphonesButtonPressed:]
0x100052f38	60	objc	ADControlSchemeViewController	-[ADControlSchemeViewController didReceiveMemoryWarning]
0x100052f74	16	objc	ADControlSchemeViewController	-[ADControlSchemeViewController announcerSwitch]
0x100052f84	56	objc	ADControlSchemeViewController	-[ADControlSchemeViewController setAnnouncerSwitch:]
0x100052fbc	16	objc	ADControlSchemeViewController	-[ADControlSchemeViewController gyroButton]
0x100052fcc	56	objc	ADControlSchemeViewController	-[ADControlSchemeViewController setGyroButton:]
0x100053004	16	objc	ADControlSchemeViewController	-[ADControlSchemeViewController swipeButton]
0x100053014	56	objc	ADControlSchemeViewController	-[ADControlSchemeViewController setSwipeButton:]
0x10005304c	16	objc	ADControlSchemeViewController	-[ADControlSchemeViewController tiltButton]
0x10005305c	56	objc	ADControlSchemeViewController	-[ADControlSchemeViewController setTiltButton:]
0x100053094	16	objc	ADControlSchemeViewController	-[ADControlSchemeViewController sensivityLabel]
0x1000530a4	56	objc	ADControlSchemeViewController	-[ADControlSchemeViewController setSensivityLabel:]
0x1000530dc	16	objc	ADControlSchemeViewController	-[ADControlSchemeViewController sensivitySlider]
0x1000530ec	56	objc	ADControlSchemeViewController	-[ADControlSchemeViewController setSensivitySlider:]
0x100053124	16	objc	ADControlSchemeViewController	-[ADControlSchemeViewController sensitivitySliderBack]
0x100053134	56	objc	ADControlSchemeViewController	-[ADControlSchemeViewController setSensitivitySliderBack:]
0x10005316c	16	objc	ADControlSchemeViewController	-[ADControlSchemeViewController aimingButton]
0x10005317c	56	objc	ADControlSchemeViewController	-[ADControlSchemeViewController setAimingButton:]
0x1000531b4	16	objc	ADControlSchemeViewController	-[ADControlSchemeViewController controlsButton]
0x1000531c4	56	objc	ADControlSchemeViewController	-[ADControlSchemeViewController setControlsButton:]
0x1000531fc	16	objc	ADControlSchemeViewController	-[ADControlSchemeViewController soundButton]
0x10005320c	56	objc	ADControlSchemeViewController	-[ADControlSchemeViewController setSoundButton:]
0x100053244	16	objc	ADControlSchemeViewController	-[ADControlSchemeViewController buttonsButton]
0x100053254	56	objc	ADControlSchemeViewController	-[ADControlSchemeViewController setButtonsButton:]
0x10005328c	16	objc	ADControlSchemeViewController	-[ADControlSchemeViewController gestureButton]
0x10005329c	56	objc	ADControlSchemeViewController	-[ADControlSchemeViewController setGestureButton:]
0x1000532d4	16	objc	ADControlSchemeViewController	-[ADControlSchemeViewController volumeSlider]
0x1000532e4	56	objc	ADControlSchemeViewController	-[ADControlSchemeViewController setVolumeSlider:]
0x10005331c	16	objc	ADControlSchemeViewController	-[ADControlSchemeViewController contentScrollView]
0x10005332c	56	objc	ADControlSchemeViewController	-[ADControlSchemeViewController setContentScrollView:]
0x100053364	16	objc	ADControlSchemeViewController	-[ADControlSchemeViewController contentView]
0x100053374	56	objc	ADControlSchemeViewController	-[ADControlSchemeViewController setContentView:]
0x1000533ac	16	objc	ADControlSchemeViewController	-[ADControlSchemeViewController aimingText]
0x1000533bc	56	objc	ADControlSchemeViewController	-[ADControlSchemeViewController setAimingText:]
0x1000533f4	16	objc	ADControlSchemeViewController	-[ADControlSchemeViewController controlsText]
0x100053404	56	objc	ADControlSchemeViewController	-[ADControlSchemeViewController setControlsText:]
0x10005343c	16	objc	ADControlSchemeViewController	-[ADControlSchemeViewController announcerLabel]
0x10005344c	56	objc	ADControlSchemeViewController	-[ADControlSchemeViewController setAnnouncerLabel:]
0x100053484	16	objc	ADControlSchemeViewController	-[ADControlSchemeViewController volumeText]
0x100053494	56	objc	ADControlSchemeViewController	-[ADControlSchemeViewController setVolumeText:]
0x1000534cc	404	objc	ADControlSchemeViewController	-[ADControlSchemeViewController .cxx_destruct]
0x100053660	420	objc	ADProjectile	-[ADProjectile initWithSpeed:squaredDistanceToCover:timeToLive:soundsPrefix:orientation:]
0x100053804	592	objc	ADProjectile	-[ADProjectile update:]
0x100053a54	160	objc	ADProjectile	-[ADProjectile move]
0x100053af4	236	objc	ADProjectile	-[ADProjectile playCountDown]
0x100053be0	372	objc	ADProjectile	-[ADProjectile explode]
0x100053d54	48	objc	ADProjectile	-[ADProjectile setState:]
0x100053d84	60	objc	ADProjectile	-[ADProjectile position]
0x100053dc0	60	objc	ADProjectile	-[ADProjectile setPosition:]
0x100053dfc	16	objc	ADProjectile	-[ADProjectile state]
0x100053e0c	16	objc	ADProjectile	-[ADProjectile tag]
0x100053e1c	16	objc	ADProjectile	-[ADProjectile setTag:]
0x100053e2c	20	objc	ADProjectile	-[ADProjectile timeInState]
0x100053e40	20	objc	ADProjectile	-[ADProjectile setTimeInState:]
0x100053e54	20	objc	ADProjectile	-[ADProjectile explosionRadius]
0x100053e68	20	objc	ADProjectile	-[ADProjectile setExplosionRadius:]
0x100053e7c	32	objc	ADProjectile	-[ADProjectile weapon]
0x100053e9c	20	objc	ADProjectile	-[ADProjectile setWeapon:]
0x100053eb0	100	objc	ADProjectile	-[ADProjectile .cxx_destruct]
0x100053f14	4	objc	ADProjectile	-[ADProjectile .cxx_construct]
0x100053f18	644	objc	Accessible_ADChallengeSelectorViewController	-[Accessible_ADChallengeSelectorViewController initWithNibName:bundle:loadChallenge:worldName:]
0x10005419c	360	objc	Accessible_ADChallengeSelectorViewController	-[Accessible_ADChallengeSelectorViewController viewDidLoad]
0x100054304	244	block	Accessible_ADChallengeSelectorViewController	-[Accessible_ADChallengeSelectorViewController viewDidLoad]_block_invoke
0x1000543f8	8	sub	Accessible_ADChallengeSelectorViewController	sub_1000543f8
0x100054400	8	sub	Accessible_ADChallengeSelectorViewController	sub_100054400
0x100054408	60	objc	Accessible_ADChallengeSelectorViewController	-[Accessible_ADChallengeSelectorViewController didReceiveMemoryWarning]
0x100054444	140	objc	Accessible_ADChallengeSelectorViewController	-[Accessible_ADChallengeSelectorViewController tableView:heightForRowAtIndexPath:]
0x1000544d0	136	objc	Accessible_ADChallengeSelectorViewController	-[Accessible_ADChallengeSelectorViewController tableView:numberOfRowsInSection:]
0x100054558	24	objc	Accessible_ADChallengeSelectorViewController	-[Accessible_ADChallengeSelectorViewController numberOfSectionsInTableView:]
0x100054570	1008	objc	Accessible_ADChallengeSelectorViewController	-[Accessible_ADChallengeSelectorViewController tableView:cellForRowAtIndexPath:]
0x100054960	1580	objc	Accessible_ADChallengeSelectorViewController	-[Accessible_ADChallengeSelectorViewController statusForChallengeWithDict:]
0x100054f8c	1364	objc	Accessible_ADChallengeSelectorViewController	-[Accessible_ADChallengeSelectorViewController tableView:didSelectRowAtIndexPath:]
0x1000554e0	92	objc	Accessible_ADChallengeSelectorViewController	-[Accessible_ADChallengeSelectorViewController viewWillLayoutSubviews]
0x10005553c	16	objc	Accessible_ADChallengeSelectorViewController	-[Accessible_ADChallengeSelectorViewController tableView]
0x10005554c	56	objc	Accessible_ADChallengeSelectorViewController	-[Accessible_ADChallengeSelectorViewController setTableView:]
0x100055584	64	objc	Accessible_ADChallengeSelectorViewController	-[Accessible_ADChallengeSelectorViewController .cxx_destruct]
0x1000555c4	140	objc	ADPauseViewController	-[ADPauseViewController initWithNibName:bundle:]
0x100055650	436	objc	ADPauseViewController	-[ADPauseViewController viewDidLoad]
0x100055804	332	objc	ADPauseViewController	-[ADPauseViewController loadView]
0x100055950	92	objc	ADPauseViewController	-[ADPauseViewController viewWillAppear:]
0x1000559ac	20	objc	ADPauseViewController	-[ADPauseViewController backButtonPressed]
0x1000559c0	368	objc	ADPauseViewController	-[ADPauseViewController quitButtonTouched:]
0x100055b30	124	block	ADPauseViewController	-[ADPauseViewController quitButtonTouched:]_block_invoke
0x100055bac	8	sub	ADPauseViewController	sub_100055bac
0x100055bb4	8	sub	ADPauseViewController	sub_100055bb4
0x100055bbc	276	objc	ADPauseViewController	-[ADPauseViewController validateButtonPressed:]
0x100055cd0	96	block	ADPauseViewController	-[ADPauseViewController validateButtonPressed:]_block_invoke
0x100055d30	8	sub	ADPauseViewController	sub_100055d30
0x100055d38	8	sub	ADPauseViewController	sub_100055d38
0x100055d40	32	objc	ADPauseViewController	-[ADPauseViewController gameplayViewController]
0x100055d60	20	objc	ADPauseViewController	-[ADPauseViewController setGameplayViewController:]
0x100055d74	16	objc	ADPauseViewController	-[ADPauseViewController .cxx_destruct]
0x100055d84	60	objc	ViewWithParalax	-[ViewWithParalax initWithFrame:]
0x100055dc0	92	objc	ViewWithParalax	-[ViewWithParalax awakeFromNib]
0x100055e1c	816	objc	ViewWithParalax	-[ViewWithParalax addCustomMotionEffect]
0x10005614c	944	objc	ADInGameStats+NotificationDispatcher	-[ADInGameStats(NotificationDispatcher) actUponNotification:]
0x1000564fc	200	objc	ADInGameStats+NotificationDispatcher	-[ADInGameStats(NotificationDispatcher) handleUpdateTimePassed:]
0x1000565c4	200	objc	ADInGameStats+NotificationDispatcher	-[ADInGameStats(NotificationDispatcher) handleBrickTimePassed:]
0x10005668c	200	objc	ADInGameStats+NotificationDispatcher	-[ADInGameStats(NotificationDispatcher) handleChallengeTimePassed:]
0x100056754	240	objc	ADInGameStats+NotificationDispatcher	-[ADInGameStats(NotificationDispatcher) handleMeleeWeapon:]
0x100056844	592	objc	ADInGameStats+NotificationDispatcher	-[ADInGameStats(NotificationDispatcher) handleWeapon:]
0x100056a94	336	objc	ADInGameStats+NotificationDispatcher	-[ADInGameStats(NotificationDispatcher) handleEnemyKilled:]
0x100056be4	236	objc	ADInGameStats+NotificationDispatcher	-[ADInGameStats(NotificationDispatcher) handleEnemyPowerUpKilled:]
0x100056cd0	208	objc	ADInGameStats+NotificationDispatcher	-[ADInGameStats(NotificationDispatcher) handleUpdateDiamonds:]
0x100056da0	140	objc	ADGameplayViewController	-[ADGameplayViewController initWithNibName:bundle:]
0x100056e2c	468	objc	ADGameplayViewController	-[ADGameplayViewController initDebugMap]
0x100057000	296	objc	ADGameplayViewController	-[ADGameplayViewController initAmbiantManager]
0x100057128	4	objc	ADGameplayViewController	-[ADGameplayViewController ambiantManagerDidActivatePlaylist]
0x10005712c	424	objc	ADGameplayViewController	-[ADGameplayViewController initBrickManager]
0x1000572d4	276	objc	ADGameplayViewController	-[ADGameplayViewController initStats]
0x1000573e8	1828	objc	ADGameplayViewController	-[ADGameplayViewController initGATrackerStats]
0x100057b0c	252	objc	ADGameplayViewController	-[ADGameplayViewController initAnnouncer]
0x100057c08	2688	objc	ADGameplayViewController	-[ADGameplayViewController viewDidLoad]
0x100058688	1624	objc	ADGameplayViewController	-[ADGameplayViewController loadView]
0x100058ce0	4	objc	ADGameplayViewController	-[ADGameplayViewController viewWillDisappear:]
0x100058ce4	124	objc	ADGameplayViewController	-[ADGameplayViewController setGameModeDimension]
0x100058d60	4	objc	ADGameplayViewController	-[ADGameplayViewController goToChallengeFailedScreen]
0x100058d64	956	objc	ADGameplayViewController	-[ADGameplayViewController viewWillAppear:]
0x100059120	172	objc	ADGameplayViewController	-[ADGameplayViewController handleLongPress:]
0x1000591cc	704	objc	ADGameplayViewController	-[ADGameplayViewController initWeaponManager]
0x10005948c	580	objc	ADGameplayViewController	-[ADGameplayViewController startUpdateTimers]
0x1000596d0	888	objc	ADGameplayViewController	-[ADGameplayViewController updateStats]
0x100059a48	264	objc	ADGameplayViewController	-[ADGameplayViewController updateWeapons]
0x100059b50	1464	objc	ADGameplayViewController	-[ADGameplayViewController update]
0x10005a108	244	objc	ADGameplayViewController	-[ADGameplayViewController motionEnded:withEvent:]
0x10005a1fc	8	objc	ADGameplayViewController	-[ADGameplayViewController canBecomeFirstResponder]
0x10005a204	16	objc	ADGameplayViewController	-[ADGameplayViewController viewDidAppear:]
0x10005a214	460	objc	ADGameplayViewController	-[ADGameplayViewController initButtonMode]
0x10005a3e0	872	objc	ADGameplayViewController	-[ADGameplayViewController touchesMoveDetected:justStarted:]
0x10005a748	292	objc	ADGameplayViewController	-[ADGameplayViewController panDetected:]
0x10005a86c	100	objc	ADGameplayViewController	-[ADGameplayViewController switchWeaponButtonPressed:]
0x10005a8d0	100	objc	ADGameplayViewController	-[ADGameplayViewController reloadButtonPressed:]
0x10005a934	100	objc	ADGameplayViewController	-[ADGameplayViewController meleeButtonPressed:]
0x10005a998	100	objc	ADGameplayViewController	-[ADGameplayViewController powerUpButtonPressed:]
0x10005a9fc	4	objc	ADGameplayViewController	-[ADGameplayViewController playerKilledEnemy:withCombo:]
0x10005aa00	4	objc	ADGameplayViewController	-[ADGameplayViewController playerDidACriticalHit]
0x10005aa04	2628	objc	ADGameplayViewController	-[ADGameplayViewController updateScoreViewWithAnimation:]
0x10005b448	60	objc	ADGameplayViewController	-[ADGameplayViewController formattedScoreFromInt:]
0x10005b484	180	objc	ADGameplayViewController	-[ADGameplayViewController pauseButtonTouched:]
0x10005b538	4	objc	ADGameplayViewController	-[ADGameplayViewController skipButtonPressed:]
0x10005b53c	16	objc	ADGameplayViewController	-[ADGameplayViewController quitGameplayWithFail]
0x10005b54c	176	objc	ADGameplayViewController	-[ADGameplayViewController goToScoreScreen]
0x10005b5fc	284	objc	ADGameplayViewController	-[ADGameplayViewController pauseGame]
0x10005b718	612	objc	ADGameplayViewController	-[ADGameplayViewController resumeGame]
0x10005b97c	252	objc	ADGameplayViewController	-[ADGameplayViewController showDeathOverlay]
0x10005ba78	968	objc	ADGameplayViewController	-[ADGameplayViewController showReviveView]
0x10005be40	112	block	ADGameplayViewController	-[ADGameplayViewController showReviveView]_block_invoke
0x10005beb0	8	sub	ADGameplayViewController	sub_10005beb0
0x10005beb8	8	sub	ADGameplayViewController	sub_10005beb8
0x10005bec0	588	objc	ADGameplayViewController	-[ADGameplayViewController revive]
0x10005c10c	100	objc	ADGameplayViewController	-[ADGameplayViewController gameOver]
0x10005c170	1536	objc	ADGameplayViewController	-[ADGameplayViewController killGameplay]
0x10005c770	328	block	ADGameplayViewController	-[ADGameplayViewController killGameplay]_block_invoke
0x10005c8b8	8	sub	ADGameplayViewController	sub_10005c8b8
0x10005c8c0	8	sub	ADGameplayViewController	sub_10005c8c0
0x10005c8c8	60	objc	ADGameplayViewController	-[ADGameplayViewController didReceiveMemoryWarning]
0x10005c904	148	objc	ADGameplayViewController	-[ADGameplayViewController stopTimers]
0x10005c998	140	objc	ADGameplayViewController	-[ADGameplayViewController dealloc]
0x10005ca24	16	objc	ADGameplayViewController	-[ADGameplayViewController deathOverlay]
0x10005ca34	56	objc	ADGameplayViewController	-[ADGameplayViewController setDeathOverlay:]
0x10005ca6c	16	objc	ADGameplayViewController	-[ADGameplayViewController buttonsView]
0x10005ca7c	56	objc	ADGameplayViewController	-[ADGameplayViewController setButtonsView:]
0x10005cab4	16	objc	ADGameplayViewController	-[ADGameplayViewController weaponTouchArea]
0x10005cac4	56	objc	ADGameplayViewController	-[ADGameplayViewController setWeaponTouchArea:]
0x10005cafc	16	objc	ADGameplayViewController	-[ADGameplayViewController weaponButton]
0x10005cb0c	56	objc	ADGameplayViewController	-[ADGameplayViewController setWeaponButton:]
0x10005cb44	16	objc	ADGameplayViewController	-[ADGameplayViewController infiniteScrollViews]
0x10005cb54	56	objc	ADGameplayViewController	-[ADGameplayViewController setInfiniteScrollViews:]
0x10005cb8c	16	objc	ADGameplayViewController	-[ADGameplayViewController weaponManager]
0x10005cb9c	56	objc	ADGameplayViewController	-[ADGameplayViewController setWeaponManager:]
0x10005cbd4	16	objc	ADGameplayViewController	-[ADGameplayViewController shakeDetector]
0x10005cbe4	56	objc	ADGameplayViewController	-[ADGameplayViewController setShakeDetector:]
0x10005cc1c	16	objc	ADGameplayViewController	-[ADGameplayViewController player]
0x10005cc2c	56	objc	ADGameplayViewController	-[ADGameplayViewController setPlayer:]
0x10005cc64	16	objc	ADGameplayViewController	-[ADGameplayViewController meleeButton]
0x10005cc74	56	objc	ADGameplayViewController	-[ADGameplayViewController setMeleeButton:]
0x10005ccac	16	objc	ADGameplayViewController	-[ADGameplayViewController switchWeaponButton]
0x10005ccbc	56	objc	ADGameplayViewController	-[ADGameplayViewController setSwitchWeaponButton:]
0x10005ccf4	16	objc	ADGameplayViewController	-[ADGameplayViewController scoreView]
0x10005cd04	56	objc	ADGameplayViewController	-[ADGameplayViewController setScoreView:]
0x10005cd3c	16	objc	ADGameplayViewController	-[ADGameplayViewController comboLabel]
0x10005cd4c	56	objc	ADGameplayViewController	-[ADGameplayViewController setComboLabel:]
0x10005cd84	16	objc	ADGameplayViewController	-[ADGameplayViewController scoreLabel]
0x10005cd94	56	objc	ADGameplayViewController	-[ADGameplayViewController setScoreLabel:]
0x10005cdcc	16	objc	ADGameplayViewController	-[ADGameplayViewController comboMeter]
0x10005cddc	56	objc	ADGameplayViewController	-[ADGameplayViewController setComboMeter:]
0x10005ce14	16	objc	ADGameplayViewController	-[ADGameplayViewController timerView]
0x10005ce24	56	objc	ADGameplayViewController	-[ADGameplayViewController setTimerView:]
0x10005ce5c	16	objc	ADGameplayViewController	-[ADGameplayViewController timerLabel]
0x10005ce6c	56	objc	ADGameplayViewController	-[ADGameplayViewController setTimerLabel:]
0x10005cea4	16	objc	ADGameplayViewController	-[ADGameplayViewController skipButton]
0x10005ceb4	56	objc	ADGameplayViewController	-[ADGameplayViewController setSkipButton:]
0x10005ceec	16	objc	ADGameplayViewController	-[ADGameplayViewController pauseButton]
0x10005cefc	56	objc	ADGameplayViewController	-[ADGameplayViewController setPauseButton:]
0x10005cf34	16	objc	ADGameplayViewController	-[ADGameplayViewController paused]
0x10005cf44	16	objc	ADGameplayViewController	-[ADGameplayViewController setPaused:]
0x10005cf54	16	objc	ADGameplayViewController	-[ADGameplayViewController scoreTitle]
0x10005cf64	56	objc	ADGameplayViewController	-[ADGameplayViewController setScoreTitle:]
0x10005cf9c	16	objc	ADGameplayViewController	-[ADGameplayViewController comboTitle]
0x10005cfac	56	objc	ADGameplayViewController	-[ADGameplayViewController setComboTitle:]
0x10005cfe4	584	objc	ADGameplayViewController	-[ADGameplayViewController .cxx_destruct]
0x10005d22c	1504	objc	UIViewController+ADIPhoneLoader	-[UIViewController(ADIPhoneLoader) loADViewBasedOnDeviceWithNibName:WithTagDictionary:]
0x10005d80c	140	block	UIViewController+ADIPhoneLoader	-[UIViewController(ADIPhoneLoader) loADViewBasedOnDeviceWithNibName:WithTagDictionary:]_block_invoke
0x10005d898	8	sub	UIViewController+ADIPhoneLoader	sub_10005d898
0x10005d8a0	8	sub	UIViewController+ADIPhoneLoader	sub_10005d8a0
0x10005d8a8	140	block	UIViewController+ADIPhoneLoader	-[UIViewController(ADIPhoneLoader) loADViewBasedOnDeviceWithNibName:WithTagDictionary:]_block_invoke_2
0x10005d934	8	sub	UIViewController+ADIPhoneLoader	sub_10005d934
0x10005d93c	8	sub	UIViewController+ADIPhoneLoader	sub_10005d93c
0x10005d944	588	objc	UIViewController+ADIPhoneLoader	-[UIViewController(ADIPhoneLoader) setUpOutletsFromTags:]
0x10005db90	580	objc	UIViewController+ADIPhoneLoader	-[UIViewController(ADIPhoneLoader) loADIPadNib:]
0x10005ddd4	2128	objc	ADEnemy	-[ADEnemy initWithName:]
0x10005e624	516	objc	ADEnemy	-[ADEnemy setPositionFromDictionary:]
0x10005e828	168	objc	ADEnemy	-[ADEnemy setOrientationWithX:andY:]
0x10005e8d0	20	objc	ADEnemy	-[ADEnemy getOrientation]
0x10005e8e4	204	objc	ADEnemy	-[ADEnemy updateOrientation]
0x10005e9b0	60	objc	ADEnemy	-[ADEnemy randomizeNormalAngle]
0x10005e9ec	148	objc	ADEnemy	-[ADEnemy updateNormalOrientation]
0x10005ea80	276	objc	ADEnemy	-[ADEnemy setPosition:]
0x10005eb94	3952	objc	ADEnemy	-[ADEnemy update:]
0x10005fb04	188	objc	ADEnemy	-[ADEnemy setState:]
0x10005fbc0	588	objc	ADEnemy	-[ADEnemy spawn]
0x10005fe0c	72	objc	ADEnemy	-[ADEnemy walk]
0x10005fe54	168	objc	ADEnemy	-[ADEnemy walkOrAgressive]
0x10005fefc	80	objc	ADEnemy	-[ADEnemy dodge]
0x10005ff4c	136	objc	ADEnemy	-[ADEnemy protect]
0x10005ffd4	644	objc	ADEnemy	-[ADEnemy aggressive]
0x100060258	172	block	ADEnemy	-[ADEnemy aggressive]_block_invoke
0x100060304	640	objc	ADEnemy	-[ADEnemy attack]
0x100060584	92	block	ADEnemy	-[ADEnemy attack]_block_invoke
0x1000605e0	20	block	ADEnemy	-[ADEnemy attack]_block_invoke_block_invoke
0x1000605f4	392	objc	ADEnemy	-[ADEnemy afterAttackSound]
0x10006077c	168	objc	ADEnemy	-[ADEnemy transitionToBerserk]
0x100060824	288	objc	ADEnemy	-[ADEnemy berserk]
0x100060944	276	objc	ADEnemy	-[ADEnemy berserkGoAway]
0x100060a58	212	objc	ADEnemy	-[ADEnemy stopAfterPlayerWasKilled]
0x100060b2c	4	objc	ADEnemy	-[ADEnemy hitByWeapon:multiHitFactor:]
0x100060b30	1384	objc	ADEnemy	-[ADEnemy hitByWeapon:]
0x100061098	492	objc	ADEnemy	-[ADEnemy hitByProjectile:]
0x100061284	604	objc	ADEnemy	-[ADEnemy hitByExplosionAtPosition:withDamages:dispersal:radius:powerupname:]
0x1000614e0	28	block	ADEnemy	-[ADEnemy hitByExplosionAtPosition:withDamages:dispersal:radius:powerupname:]_block_invoke
0x1000614fc	8	sub	ADEnemy	sub_1000614fc
0x100061504	8	sub	ADEnemy	sub_100061504
0x10006150c	1240	objc	ADEnemy	-[ADEnemy playImpactAndHitSoundForDamages:melee:]
0x1000619e4	28	block	ADEnemy	-[ADEnemy playImpactAndHitSoundForDamages:melee:]_block_invoke
0x100061a00	184	objc	ADEnemy	-[ADEnemy setLife:]
0x100061ab8	16	objc	ADEnemy	-[ADEnemy setLifeToZero]
0x100061ac8	932	objc	ADEnemy	-[ADEnemy die]
0x100061e6c	252	objc	ADEnemy	-[ADEnemy explode]
0x100061f68	128	objc	ADEnemy	-[ADEnemy canBeShotAt]
0x100061fe8	148	objc	ADEnemy	-[ADEnemy blowAway:]
0x10006207c	448	objc	ADEnemy	-[ADEnemy displayNameForName]
0x10006223c	228	objc	ADEnemy	-[ADEnemy initSounds]
0x100062320	60	objc	ADEnemy	-[ADEnemy deactivate]
0x10006235c	148	objc	ADEnemy	-[ADEnemy activatePlaylist]
0x1000623f0	4	block	ADEnemy	-[ADEnemy activatePlaylist]_block_invoke
0x1000623f4	8	sub	ADEnemy	sub_1000623f4
0x1000623fc	8	sub	ADEnemy	sub_1000623fc
0x100062404	28	objc	ADEnemy	-[ADEnemy deactivatePlaylist]
0x100062420	2080	objc	ADEnemy	-[ADEnemy playAnySoundContaining:looping:spatialized:]
0x100062c40	56	block	ADEnemy	-[ADEnemy playAnySoundContaining:looping:spatialized:]_block_invoke
0x100062c78	8	sub	ADEnemy	sub_100062c78
0x100062c80	8	sub	ADEnemy	sub_100062c80
0x100062c88	200	block	ADEnemy	-[ADEnemy playAnySoundContaining:looping:spatialized:]_block_invoke_2
0x100062d50	32	block	ADEnemy	-[ADEnemy playAnySoundContaining:looping:spatialized:]_block_invoke_2_block_invoke
0x100062d70	8	sub	ADEnemy	sub_100062d70
0x100062d78	8	sub	ADEnemy	sub_100062d78
0x100062d80	8	sub	ADEnemy	sub_100062d80
0x100062d88	8	sub	ADEnemy	sub_100062d88
0x100062d90	40	objc	ADEnemy	-[ADEnemy playAnySoundContaining:]
0x100062db8	2100	objc	ADEnemy	-[ADEnemy playHitSoundForDamages:]
0x1000635ec	128	block	ADEnemy	-[ADEnemy playHitSoundForDamages:]_block_invoke
0x10006366c	16	sub	ADEnemy	sub_10006366c
0x10006367c	12	sub	ADEnemy	sub_10006367c
0x100063688	960	objc	ADEnemy	-[ADEnemy playDeathSound]
0x100063a48	104	objc	ADEnemy	-[ADEnemy setReverbAndWetBalanceOnSound:]
0x100063ab0	196	objc	ADEnemy	-[ADEnemy stopAllSounds]
0x100063b74	224	objc	ADEnemy	-[ADEnemy destroyEnemy]
0x100063c54	16	objc	ADEnemy	-[ADEnemy getAmbiantName]
0x100063c64	208	objc	ADEnemy	-[ADEnemy pause]
0x100063d34	120	objc	ADEnemy	-[ADEnemy resume]
0x100063dac	16	objc	ADEnemy	-[ADEnemy playlist]
0x100063dbc	8	objc	ADEnemy	-[ADEnemy getType]
0x100063dc4	156	objc	ADEnemy	-[ADEnemy dealloc]
0x100063e60	16	objc	ADEnemy	-[ADEnemy randomAdditionalSpawnAngle]
0x100063e70	16	objc	ADEnemy	-[ADEnemy setRandomAdditionalSpawnAngle:]
0x100063e80	16	objc	ADEnemy	-[ADEnemy spawn_time]
0x100063e90	16	objc	ADEnemy	-[ADEnemy setSpawn_time:]
0x100063ea0	16	objc	ADEnemy	-[ADEnemy angleFromPlayer]
0x100063eb0	16	objc	ADEnemy	-[ADEnemy setAngleFromPlayer:]
0x100063ec0	16	objc	ADEnemy	-[ADEnemy squaredDistance]
0x100063ed0	16	objc	ADEnemy	-[ADEnemy setSquaredDistance:]
0x100063ee0	16	objc	ADEnemy	-[ADEnemy attackDistance]
0x100063ef0	16	objc	ADEnemy	-[ADEnemy setAttackDistance:]
0x100063f00	16	objc	ADEnemy	-[ADEnemy life]
0x100063f10	16	objc	ADEnemy	-[ADEnemy maxLife]
0x100063f20	16	objc	ADEnemy	-[ADEnemy setMaxLife:]
0x100063f30	16	objc	ADEnemy	-[ADEnemy state]
0x100063f40	16	objc	ADEnemy	-[ADEnemy tag]
0x100063f50	16	objc	ADEnemy	-[ADEnemy setTag:]
0x100063f60	16	objc	ADEnemy	-[ADEnemy comboBonus]
0x100063f70	16	objc	ADEnemy	-[ADEnemy setComboBonus:]
0x100063f80	16	objc	ADEnemy	-[ADEnemy score]
0x100063f90	16	objc	ADEnemy	-[ADEnemy setScore:]
0x100063fa0	16	objc	ADEnemy	-[ADEnemy coinsReward]
0x100063fb0	16	objc	ADEnemy	-[ADEnemy setCoinsReward:]
0x100063fc0	16	objc	ADEnemy	-[ADEnemy speed]
0x100063fd0	16	objc	ADEnemy	-[ADEnemy setSpeed:]
0x100063fe0	16	objc	ADEnemy	-[ADEnemy agressiveSpeed]
0x100063ff0	16	objc	ADEnemy	-[ADEnemy setAgressiveSpeed:]
0x100064000	16	objc	ADEnemy	-[ADEnemy name]
0x100064010	56	objc	ADEnemy	-[ADEnemy setName:]
0x100064048	16	objc	ADEnemy	-[ADEnemy displayName]
0x100064058	56	objc	ADEnemy	-[ADEnemy setDisplayName:]
0x100064090	16	objc	ADEnemy	-[ADEnemy soundsPrefix]
0x1000640a0	56	objc	ADEnemy	-[ADEnemy setSoundsPrefix:]
0x1000640d8	16	objc	ADEnemy	-[ADEnemy spawn_after]
0x1000640e8	56	objc	ADEnemy	-[ADEnemy setSpawn_after:]
0x100064120	16	objc	ADEnemy	-[ADEnemy nextShotWillBeCritical]
0x100064130	16	objc	ADEnemy	-[ADEnemy setNextShotWillBeCritical:]
0x100064140	16	objc	ADEnemy	-[ADEnemy nextShotWillBePrecise]
0x100064150	16	objc	ADEnemy	-[ADEnemy setNextShotWillBePrecise:]
0x100064160	20	objc	ADEnemy	-[ADEnemy position]
0x100064174	20	objc	ADEnemy	-[ADEnemy timeInState]
0x100064188	20	objc	ADEnemy	-[ADEnemy setTimeInState:]
0x10006419c	20	objc	ADEnemy	-[ADEnemy spawn_sound_duration]
0x1000641b0	20	objc	ADEnemy	-[ADEnemy setSpawn_sound_duration:]
0x1000641c4	16	objc	ADEnemy	-[ADEnemy sound]
0x1000641d4	56	objc	ADEnemy	-[ADEnemy setSound:]
0x10006420c	16	objc	ADEnemy	-[ADEnemy useOwnImpactSounds]
0x10006421c	16	objc	ADEnemy	-[ADEnemy setUseOwnImpactSounds:]
0x10006422c	16	objc	ADEnemy	-[ADEnemy explosion_dictionary]
0x10006423c	56	objc	ADEnemy	-[ADEnemy setExplosion_dictionary:]
0x100064274	16	objc	ADEnemy	-[ADEnemy shield_dictionary]
0x100064284	56	objc	ADEnemy	-[ADEnemy setShield_dictionary:]
0x1000642bc	16	objc	ADEnemy	-[ADEnemy dodge_dictionary]
0x1000642cc	56	objc	ADEnemy	-[ADEnemy setDodge_dictionary:]
0x100064304	16	objc	ADEnemy	-[ADEnemy circling_dictionary]
0x100064314	56	objc	ADEnemy	-[ADEnemy setCircling_dictionary:]
0x10006434c	16	objc	ADEnemy	-[ADEnemy berserk_dictionary]
0x10006435c	56	objc	ADEnemy	-[ADEnemy setBerserk_dictionary:]
0x100064394	20	objc	ADEnemy	-[ADEnemy destroyed]
0x1000643a8	16	objc	ADEnemy	-[ADEnemy setDestroyed:]
0x1000643b8	16	objc	ADEnemy	-[ADEnemy parentBrick]
0x1000643c8	56	objc	ADEnemy	-[ADEnemy setParentBrick:]
0x100064400	16	objc	ADEnemy	-[ADEnemy requiredPlaylistActivation]
0x100064410	16	objc	ADEnemy	-[ADEnemy setRequiredPlaylistActivation:]
0x100064420	16	objc	ADEnemy	-[ADEnemy playlistActivated]
0x100064430	16	objc	ADEnemy	-[ADEnemy setPlaylistActivated:]
0x100064440	16	objc	ADEnemy	-[ADEnemy multiHitFactor]
0x100064450	16	objc	ADEnemy	-[ADEnemy setMultiHitFactor:]
0x100064460	324	objc	ADEnemy	-[ADEnemy .cxx_destruct]
0x1000645a4	4	objc	ADEnemy	-[ADEnemy .cxx_construct]
0x1000645a8	140	objc	ADMainMenuViewController	-[ADMainMenuViewController initWithNibName:bundle:]
0x100064634	1368	objc	ADMainMenuViewController	-[ADMainMenuViewController viewDidLoad]
0x100064b8c	400	objc	ADMainMenuViewController	-[ADMainMenuViewController loadView]
0x100064d1c	388	objc	ADMainMenuViewController	-[ADMainMenuViewController viewDidAppear:]
0x100064ea0	252	block	ADMainMenuViewController	-[ADMainMenuViewController viewDidAppear:]_block_invoke
0x100064f9c	12	sub	ADMainMenuViewController	sub_100064f9c
0x100064fa8	8	sub	ADMainMenuViewController	sub_100064fa8
0x100064fb0	148	objc	ADMainMenuViewController	-[ADMainMenuViewController armoryButtonPressed:]
0x100065044	148	objc	ADMainMenuViewController	-[ADMainMenuViewController cheatButtonPressed:]
0x1000650d8	648	objc	ADMainMenuViewController	-[ADMainMenuViewController playButtonPressed:]
0x100065360	148	objc	ADMainMenuViewController	-[ADMainMenuViewController settingsButtonTouched:]
0x1000653f4	148	objc	ADMainMenuViewController	-[ADMainMenuViewController moveToEncyclopedia:]
0x100065488	216	objc	ADMainMenuViewController	-[ADMainMenuViewController audioRouteChanged]
0x100065560	260	objc	ADMainMenuViewController	-[ADMainMenuViewController alertView:willDismissWithButtonIndex:]
0x100065664	16	objc	ADMainMenuViewController	-[ADMainMenuViewController authenticatePlayerOnGameCenter]
0x100065674	496	objc	ADMainMenuViewController	-[ADMainMenuViewController authenticateLocalPlayer]
0x100065864	172	block	ADMainMenuViewController	-[ADMainMenuViewController authenticateLocalPlayer]_block_invoke
0x100065910	44	sub	ADMainMenuViewController	sub_100065910
0x10006593c	40	sub	ADMainMenuViewController	sub_10006593c
0x100065964	588	objc	ADMainMenuViewController	-[ADMainMenuViewController leaderboardsButtonPressed:]
0x100065bb0	40	objc	ADMainMenuViewController	-[ADMainMenuViewController presentGameCenter:]
0x100065bd8	40	objc	ADMainMenuViewController	-[ADMainMenuViewController gameCenterViewControllerDidFinish:]
0x100065c00	320	objc	ADMainMenuViewController	-[ADMainMenuViewController betaHasExpired]
0x100065d40	40	objc	ADMainMenuViewController	-[ADMainMenuViewController accessibilityPerformMagicTap]
0x100065d68	16	objc	ADMainMenuViewController	-[ADMainMenuViewController fullMoonView]
0x100065d78	56	objc	ADMainMenuViewController	-[ADMainMenuViewController setFullMoonView:]
0x100065db0	16	objc	ADMainMenuViewController	-[ADMainMenuViewController cheatMenu]
0x100065dc0	56	objc	ADMainMenuViewController	-[ADMainMenuViewController setCheatMenu:]
0x100065df8	16	objc	ADMainMenuViewController	-[ADMainMenuViewController versionNumberLabel]
0x100065e08	56	objc	ADMainMenuViewController	-[ADMainMenuViewController setVersionNumberLabel:]
0x100065e40	16	objc	ADMainMenuViewController	-[ADMainMenuViewController useHeadphones]
0x100065e50	56	objc	ADMainMenuViewController	-[ADMainMenuViewController setUseHeadphones:]
0x100065e88	16	objc	ADMainMenuViewController	-[ADMainMenuViewController slidingView]
0x100065e98	56	objc	ADMainMenuViewController	-[ADMainMenuViewController setSlidingView:]
0x100065ed0	124	objc	ADMainMenuViewController	-[ADMainMenuViewController .cxx_destruct]
0x100065f4c	508	objc	ADJukeBox	-[ADJukeBox initWithName:]
0x100066148	244	objc	ADJukeBox	-[ADJukeBox update:]
0x10006623c	64	objc	ADJukeBox	-[ADJukeBox spawn]
0x10006627c	724	objc	ADJukeBox	-[ADJukeBox playRandomMusic]
0x100066550	564	objc	ADJukeBox	-[ADJukeBox hitByWeapon:]
0x100066784	176	objc	ADJukeBox	-[ADJukeBox hitByExplosionAtPosition:withDamages:dispersal:radius:]
0x100066834	120	objc	ADJukeBox	-[ADJukeBox canBeShotAt]
0x1000668ac	64	objc	ADJukeBox	-[ADJukeBox endOfPauseState]
0x1000668ec	344	objc	ADJukeBox	-[ADJukeBox setRandomPosition]
0x100066a44	20	objc	ADJukeBox	-[ADJukeBox pauseTime]
0x100066a58	20	objc	ADJukeBox	-[ADJukeBox setPauseTime:]
0x100066a6c	132	objc	DFAutoScrollTableView	-[DFAutoScrollTableView initWithFrame:]
0x100066af0	660	objc	DFAutoScrollTableView	-[DFAutoScrollTableView startScrolling]
0x100066d84	120	objc	DFAutoScrollTableView	-[DFAutoScrollTableView stopScrolling]
0x100066dfc	496	objc	DFAutoScrollTableView	-[DFAutoScrollTableView scrollTick]
0x100066fec	28	block	DFAutoScrollTableView	-[DFAutoScrollTableView scrollTick]_block_invoke
0x100067008	8	sub	DFAutoScrollTableView	sub_100067008
0x100067010	8	sub	DFAutoScrollTableView	sub_100067010
0x100067018	36	objc	DFAutoScrollTableView	-[DFAutoScrollTableView setScrolling:]
0x10006703c	64	objc	DFAutoScrollTableView	-[DFAutoScrollTableView isScrolling]
0x10006707c	60	objc	DFAutoScrollTableView	-[DFAutoScrollTableView drawRect:]
0x1000670b8	20	objc	DFAutoScrollTableView	-[DFAutoScrollTableView scrollPointsPerSecond]
0x1000670cc	20	objc	DFAutoScrollTableView	-[DFAutoScrollTableView setScrollPointsPerSecond:]
0x1000670e0	16	objc	DFAutoScrollTableView	-[DFAutoScrollTableView scrolling]
0x1000670f0	208	objc	Accessible_ADChallengeCompletedViewController	-[Accessible_ADChallengeCompletedViewController initWithDictionary:]
0x1000671c0	32	objc	Accessible_ADChallengeCompletedViewController	-[Accessible_ADChallengeCompletedViewController tableView:numberOfRowsInSection:]
0x1000671e0	140	objc	Accessible_ADChallengeCompletedViewController	-[Accessible_ADChallengeCompletedViewController tableView:heightForRowAtIndexPath:]
0x10006726c	140	objc	Accessible_ADChallengeCompletedViewController	-[Accessible_ADChallengeCompletedViewController tableView:heightForHeaderInSection:]
0x1000672f8	252	objc	Accessible_ADChallengeCompletedViewController	-[Accessible_ADChallengeCompletedViewController tableView:viewForHeaderInSection:]
0x1000673f4	940	objc	Accessible_ADChallengeCompletedViewController	-[Accessible_ADChallengeCompletedViewController viewDidLoad]
0x1000677a0	8	objc	Accessible_ADChallengeCompletedViewController	-[Accessible_ADChallengeCompletedViewController numberOfSectionsInTableView:]
0x1000677a8	1124	objc	Accessible_ADChallengeCompletedViewController	-[Accessible_ADChallengeCompletedViewController tableView:cellForRowAtIndexPath:]
0x100067c0c	1128	objc	Accessible_ADChallengeCompletedViewController	-[Accessible_ADChallengeCompletedViewController cellForStatsAtIndex:]
0x100068074	3824	objc	Accessible_ADChallengeCompletedViewController	-[Accessible_ADChallengeCompletedViewController checkCompletion]
0x100068f64	164	objc	Accessible_ADChallengeCompletedViewController	-[Accessible_ADChallengeCompletedViewController missionSelectButtonPressed:]
0x100069008	300	objc	Accessible_ADChallengeCompletedViewController	-[Accessible_ADChallengeCompletedViewController nextMissionButtonPressed:]
0x100069134	240	objc	Accessible_ADChallengeCompletedViewController	-[Accessible_ADChallengeCompletedViewController retryButtonPressed:]
0x100069224	460	objc	Accessible_ADChallengeCompletedViewController	-[Accessible_ADChallengeCompletedViewController loadView]
0x1000693f0	852	objc	Accessible_ADChallengeCompletedViewController	-[Accessible_ADChallengeCompletedViewController reportScoreToGameCenter]
0x100069744	4	block	Accessible_ADChallengeCompletedViewController	-[Accessible_ADChallengeCompletedViewController reportScoreToGameCenter]_block_invoke
0x100069748	4	block	Accessible_ADChallengeCompletedViewController	-[Accessible_ADChallengeCompletedViewController reportScoreToGameCenter]_block_invoke_2
0x10006974c	40	objc	Accessible_ADChallengeCompletedViewController	-[Accessible_ADChallengeCompletedViewController accessibilityPerformMagicTap]
0x100069774	16	objc	Accessible_ADChallengeCompletedViewController	-[Accessible_ADChallengeCompletedViewController challengeDict]
0x100069784	56	objc	Accessible_ADChallengeCompletedViewController	-[Accessible_ADChallengeCompletedViewController setChallengeDict:]
0x1000697bc	16	objc	Accessible_ADChallengeCompletedViewController	-[Accessible_ADChallengeCompletedViewController nextChallengeButton]
0x1000697cc	56	objc	Accessible_ADChallengeCompletedViewController	-[Accessible_ADChallengeCompletedViewController setNextChallengeButton:]
0x100069804	124	objc	Accessible_ADChallengeCompletedViewController	-[Accessible_ADChallengeCompletedViewController .cxx_destruct]
0x100069880	528	objc	ADPowerUpContainer	-[ADPowerUpContainer update:]
0x100069a90	240	objc	ADPowerUpContainer	-[ADPowerUpContainer spawn]
0x100069b80	148	objc	ADPowerUpContainer	-[ADPowerUpContainer die]
0x100069c14	104	objc	ADPowerUpContainer	-[ADPowerUpContainer canBeShotAt]
0x100069c7c	72	objc	ADPowerUpContainer	-[ADPowerUpContainer startBeeping]
0x100069cc4	204	objc	ADPowerUpContainer	-[ADPowerUpContainer removePowerUp]
0x100069d90	60	objc	ADPowerUpContainer	-[ADPowerUpContainer getType]
0x100069dcc	16	objc	ADPowerUpContainer	-[ADPowerUpContainer powerUpType]
0x100069ddc	16	objc	ADPowerUpContainer	-[ADPowerUpContainer setPowerUpType:]
0x100069dec	2160	objc	ADStatsMultiCell	-[ADStatsMultiCell initWithStyle:reuseIdentifier:]
0x10006a65c	8	objc	ADStatsMultiCell	+[ADStatsMultiCell defaultSubTitleLabelOffset]
0x10006a664	208	objc	ADStatsMultiCell	+[ADStatsMultiCell defaultSubTitleCellHeight]
0x10006a734	204	objc	ADStatsMultiCell	+[ADStatsMultiCell defaultCellHeight]
0x10006a800	200	objc	ADStatsMultiCell	+[ADStatsMultiCell defaultCellOffset]
0x10006a8c8	340	objc	ADStatsMultiCell	-[ADStatsMultiCell getHeight]
0x10006aa1c	952	objc	ADStatsMultiCell	-[ADStatsMultiCell setContainerViewConstraints]
0x10006add4	1012	objc	ADStatsMultiCell	-[ADStatsMultiCell setSubtitleConstraints]
0x10006b1c8	964	objc	ADStatsMultiCell	-[ADStatsMultiCell setBackgroundImageConstraints]
0x10006b58c	1284	objc	ADStatsMultiCell	-[ADStatsMultiCell populateWithSubtitleString:Keys:Values:]
0x10006ba90	1076	objc	ADStatsMultiCell	-[ADStatsMultiCell row:WithKeyText:andValueText:]
0x10006bec4	1952	objc	ADStatsMultiCell	-[ADStatsMultiCell innerConstraintsForRow:]
0x10006c664	1456	objc	ADStatsMultiCell	-[ADStatsMultiCell outerConstraintsForRow::]
0x10006cc14	60	objc	ADStatsMultiCell	-[ADStatsMultiCell setSelected:animated:]
0x10006cc50	16	objc	ADStatsMultiCell	-[ADStatsMultiCell subTitleBackgroundImage]
0x10006cc60	12	objc	ADStatsMultiCell	-[ADStatsMultiCell setSubTitleBackgroundImage:]
0x10006cc6c	16	objc	ADStatsMultiCell	-[ADStatsMultiCell subTitleLabelCell]
0x10006cc7c	12	objc	ADStatsMultiCell	-[ADStatsMultiCell setSubTitleLabelCell:]
0x10006cc88	20	objc	ADStatsMultiCell	-[ADStatsMultiCell isPopulated]
0x10006cc9c	16	objc	ADStatsMultiCell	-[ADStatsMultiCell setIsPopulated:]
0x10006ccac	20	objc	ADStatsMultiCell	-[ADStatsMultiCell subTitleCellHeight]
0x10006ccc0	20	objc	ADStatsMultiCell	-[ADStatsMultiCell setSubTitleCellHeight:]
0x10006ccd4	20	objc	ADStatsMultiCell	-[ADStatsMultiCell cellHeight]
0x10006cce8	20	objc	ADStatsMultiCell	-[ADStatsMultiCell setCellHeight:]
0x10006ccfc	20	objc	ADStatsMultiCell	-[ADStatsMultiCell cellOffset]
0x10006cd10	20	objc	ADStatsMultiCell	-[ADStatsMultiCell setCellOffset:]
0x10006cd24	16	objc	ADStatsMultiCell	-[ADStatsMultiCell containerView]
0x10006cd34	12	objc	ADStatsMultiCell	-[ADStatsMultiCell setContainerView:]
0x10006cd40	16	objc	ADStatsMultiCell	-[ADStatsMultiCell keyImage]
0x10006cd50	12	objc	ADStatsMultiCell	-[ADStatsMultiCell setKeyImage:]
0x10006cd5c	16	objc	ADStatsMultiCell	-[ADStatsMultiCell valueImage]
0x10006cd6c	12	objc	ADStatsMultiCell	-[ADStatsMultiCell setValueImage:]
0x10006cd78	20	objc	ADStatsMultiCell	-[ADStatsMultiCell subTitleLabelOffset]
0x10006cd8c	20	objc	ADStatsMultiCell	-[ADStatsMultiCell setSubTitleLabelOffset:]
0x10006cda0	16	objc	ADStatsMultiCell	-[ADStatsMultiCell keys]
0x10006cdb0	12	objc	ADStatsMultiCell	-[ADStatsMultiCell setKeys:]
0x10006cdbc	16	objc	ADStatsMultiCell	-[ADStatsMultiCell values]
0x10006cdcc	12	objc	ADStatsMultiCell	-[ADStatsMultiCell setValues:]
0x10006cdd8	16	objc	ADStatsMultiCell	-[ADStatsMultiCell keyLabels]
0x10006cde8	12	objc	ADStatsMultiCell	-[ADStatsMultiCell setKeyLabels:]
0x10006cdf4	16	objc	ADStatsMultiCell	-[ADStatsMultiCell valueLabels]
0x10006ce04	12	objc	ADStatsMultiCell	-[ADStatsMultiCell setValueLabels:]
0x10006ce10	204	objc	ADStatsMultiCell	-[ADStatsMultiCell .cxx_destruct]
0x10006cedc	208	objc	ADViewController+HandleAppNotification	-[ADViewController(HandleAppNotification) registerForAppNotifications]
0x10006cfac	108	objc	ADViewController+HandleAppNotification	-[ADViewController(HandleAppNotification) deRegisterForAppNotifications]
0x10006d018	4	objc	ADViewController+HandleAppNotification	-[ADViewController(HandleAppNotification) handleAppEnteringBackground:]
0x10006d01c	4	objc	ADViewController+HandleAppNotification	-[ADViewController(HandleAppNotification) handleAppEnteringForeground:]
0x10006d020	364	objc	ADInventoryViewController	-[ADInventoryViewController initWithChallengeArray:]
0x10006d18c	1548	objc	ADInventoryViewController	-[ADInventoryViewController viewDidLoad]
0x10006d798	296	objc	ADInventoryViewController	-[ADInventoryViewController ammoForWeaponInSlot1]
0x10006d8c0	296	objc	ADInventoryViewController	-[ADInventoryViewController ammoForWeaponInSlot2]
0x10006d9e8	60	objc	ADInventoryViewController	-[ADInventoryViewController didReceiveMemoryWarning]
0x10006da24	16	objc	ADInventoryViewController	-[ADInventoryViewController slot1]
0x10006da34	56	objc	ADInventoryViewController	-[ADInventoryViewController setSlot1:]
0x10006da6c	16	objc	ADInventoryViewController	-[ADInventoryViewController slot2]
0x10006da7c	56	objc	ADInventoryViewController	-[ADInventoryViewController setSlot2:]
0x10006dab4	16	objc	ADInventoryViewController	-[ADInventoryViewController meleeSlot]
0x10006dac4	56	objc	ADInventoryViewController	-[ADInventoryViewController setMeleeSlot:]
0x10006dafc	16	objc	ADInventoryViewController	-[ADInventoryViewController meleeLabel]
0x10006db0c	56	objc	ADInventoryViewController	-[ADInventoryViewController setMeleeLabel:]
0x10006db44	16	objc	ADInventoryViewController	-[ADInventoryViewController gunsLabel]
0x10006db54	56	objc	ADInventoryViewController	-[ADInventoryViewController setGunsLabel:]
0x10006db8c	16	objc	ADInventoryViewController	-[ADInventoryViewController weapons]
0x10006db9c	12	objc	ADInventoryViewController	-[ADInventoryViewController setWeapons:]
0x10006dba8	144	objc	ADInventoryViewController	-[ADInventoryViewController .cxx_destruct]
0x10006dc38	256	objc	ADRotationBugFixView	-[ADRotationBugFixView layoutSubviews]
0x10006dd38	16	objc	ADRotationBugFixView	-[ADRotationBugFixView rouletteImageView]
0x10006dd48	56	objc	ADRotationBugFixView	-[ADRotationBugFixView setRouletteImageView:]
0x10006dd80	20	objc	ADRotationBugFixView	-[ADRotationBugFixView .cxx_destruct]
0x10006dd94	252	objc	ADDraggableArmoryItemViewController	-[ADDraggableArmoryItemViewController initWithNibName:bundle:itemName:]
0x10006de90	580	objc	ADDraggableArmoryItemViewController	-[ADDraggableArmoryItemViewController initType]
0x10006e0d4	408	objc	ADDraggableArmoryItemViewController	-[ADDraggableArmoryItemViewController viewDidLoad]
0x10006e26c	136	objc	ADDraggableArmoryItemViewController	-[ADDraggableArmoryItemViewController setItemName:]
0x10006e2f4	516	objc	ADDraggableArmoryItemViewController	-[ADDraggableArmoryItemViewController setQuantity]
0x10006e4f8	380	objc	ADDraggableArmoryItemViewController	-[ADDraggableArmoryItemViewController checkLock]
0x10006e674	188	objc	ADDraggableArmoryItemViewController	-[ADDraggableArmoryItemViewController isLocked]
0x10006e730	320	objc	ADDraggableArmoryItemViewController	-[ADDraggableArmoryItemViewController createOvumFromView:]
0x10006e870	928	objc	ADDraggableArmoryItemViewController	-[ADDraggableArmoryItemViewController createDragRepresentationOfSourceView:inWindow:]
0x10006ec10	304	objc	ADDraggableArmoryItemViewController	-[ADDraggableArmoryItemViewController dragViewWillAppear:inWindow:atLocation:]
0x10006ed40	156	block	ADDraggableArmoryItemViewController	-[ADDraggableArmoryItemViewController dragViewWillAppear:inWindow:atLocation:]_block_invoke
0x10006eddc	8	sub	ADDraggableArmoryItemViewController	sub_10006eddc
0x10006ede4	8	sub	ADDraggableArmoryItemViewController	sub_10006ede4
0x10006edec	16	objc	ADDraggableArmoryItemViewController	-[ADDraggableArmoryItemViewController itemName]
0x10006edfc	16	objc	ADDraggableArmoryItemViewController	-[ADDraggableArmoryItemViewController weaponImage]
0x10006ee0c	56	objc	ADDraggableArmoryItemViewController	-[ADDraggableArmoryItemViewController setWeaponImage:]
0x10006ee44	16	objc	ADDraggableArmoryItemViewController	-[ADDraggableArmoryItemViewController titleLabel]
0x10006ee54	56	objc	ADDraggableArmoryItemViewController	-[ADDraggableArmoryItemViewController setTitleLabel:]
0x10006ee8c	16	objc	ADDraggableArmoryItemViewController	-[ADDraggableArmoryItemViewController quantityLabel]
0x10006ee9c	56	objc	ADDraggableArmoryItemViewController	-[ADDraggableArmoryItemViewController setQuantityLabel:]
0x10006eed4	16	objc	ADDraggableArmoryItemViewController	-[ADDraggableArmoryItemViewController lockedView]
0x10006eee4	56	objc	ADDraggableArmoryItemViewController	-[ADDraggableArmoryItemViewController setLockedView:]
0x10006ef1c	16	objc	ADDraggableArmoryItemViewController	-[ADDraggableArmoryItemViewController armoryIndex]
0x10006ef2c	16	objc	ADDraggableArmoryItemViewController	-[ADDraggableArmoryItemViewController setArmoryIndex:]
0x10006ef3c	16	objc	ADDraggableArmoryItemViewController	-[ADDraggableArmoryItemViewController type]
0x10006ef4c	16	objc	ADDraggableArmoryItemViewController	-[ADDraggableArmoryItemViewController setType:]
0x10006ef5c	20	objc	ADDraggableArmoryItemViewController	-[ADDraggableArmoryItemViewController previousOffset]
0x10006ef70	20	objc	ADDraggableArmoryItemViewController	-[ADDraggableArmoryItemViewController setPreviousOffset:]
0x10006ef84	124	objc	ADDraggableArmoryItemViewController	-[ADDraggableArmoryItemViewController .cxx_destruct]
0x10006f000	384	objc	Accessible_ADWeaponDescriptionViewController	-[Accessible_ADWeaponDescriptionViewController initWithWeaponDictionary:]
0x10006f180	92	objc	Accessible_ADWeaponDescriptionViewController	-[Accessible_ADWeaponDescriptionViewController viewDidLoad]
0x10006f1dc	2188	objc	Accessible_ADWeaponDescriptionViewController	-[Accessible_ADWeaponDescriptionViewController loadInformations]
0x10006fa68	1316	objc	Accessible_ADWeaponDescriptionViewController	-[Accessible_ADWeaponDescriptionViewController checkBuyOrUpgradeButton]
0x10006ff8c	2088	objc	Accessible_ADWeaponDescriptionViewController	-[Accessible_ADWeaponDescriptionViewController checkEquipButtons]
0x1000707b4	168	objc	Accessible_ADWeaponDescriptionViewController	-[Accessible_ADWeaponDescriptionViewController backButtonPressed:]
0x10007085c	2044	objc	Accessible_ADWeaponDescriptionViewController	-[Accessible_ADWeaponDescriptionViewController buyOrUpgradeButtonPressed:]
0x100071058	464	objc	Accessible_ADWeaponDescriptionViewController	-[Accessible_ADWeaponDescriptionViewController equipSlot1ButtonPressed:]
0x100071228	228	objc	Accessible_ADWeaponDescriptionViewController	-[Accessible_ADWeaponDescriptionViewController equipSlot2ButtonPressed:]
0x10007130c	60	objc	Accessible_ADWeaponDescriptionViewController	-[Accessible_ADWeaponDescriptionViewController didReceiveMemoryWarning]
0x100071348	32	objc	Accessible_ADWeaponDescriptionViewController	-[Accessible_ADWeaponDescriptionViewController armoryViewController]
0x100071368	20	objc	Accessible_ADWeaponDescriptionViewController	-[Accessible_ADWeaponDescriptionViewController setArmoryViewController:]
0x10007137c	32	objc	Accessible_ADWeaponDescriptionViewController	-[Accessible_ADWeaponDescriptionViewController parentTableView]
0x10007139c	20	objc	Accessible_ADWeaponDescriptionViewController	-[Accessible_ADWeaponDescriptionViewController setParentTableView:]
0x1000713b0	16	objc	Accessible_ADWeaponDescriptionViewController	-[Accessible_ADWeaponDescriptionViewController weaponName]
0x1000713c0	56	objc	Accessible_ADWeaponDescriptionViewController	-[Accessible_ADWeaponDescriptionViewController setWeaponName:]
0x1000713f8	16	objc	Accessible_ADWeaponDescriptionViewController	-[Accessible_ADWeaponDescriptionViewController weaponDescription]
0x100071408	56	objc	Accessible_ADWeaponDescriptionViewController	-[Accessible_ADWeaponDescriptionViewController setWeaponDescription:]
0x100071440	16	objc	Accessible_ADWeaponDescriptionViewController	-[Accessible_ADWeaponDescriptionViewController weaponStats]
0x100071450	56	objc	Accessible_ADWeaponDescriptionViewController	-[Accessible_ADWeaponDescriptionViewController setWeaponStats:]
0x100071488	16	objc	Accessible_ADWeaponDescriptionViewController	-[Accessible_ADWeaponDescriptionViewController buyOrUpgradeButton]
0x100071498	56	objc	Accessible_ADWeaponDescriptionViewController	-[Accessible_ADWeaponDescriptionViewController setBuyOrUpgradeButton:]
0x1000714d0	16	objc	Accessible_ADWeaponDescriptionViewController	-[Accessible_ADWeaponDescriptionViewController equip1Button]
0x1000714e0	56	objc	Accessible_ADWeaponDescriptionViewController	-[Accessible_ADWeaponDescriptionViewController setEquip1Button:]
0x100071518	16	objc	Accessible_ADWeaponDescriptionViewController	-[Accessible_ADWeaponDescriptionViewController equip2Button]
0x100071528	56	objc	Accessible_ADWeaponDescriptionViewController	-[Accessible_ADWeaponDescriptionViewController setEquip2Button:]
0x100071560	16	objc	Accessible_ADWeaponDescriptionViewController	-[Accessible_ADWeaponDescriptionViewController equip3Button]
0x100071570	56	objc	Accessible_ADWeaponDescriptionViewController	-[Accessible_ADWeaponDescriptionViewController setEquip3Button:]
0x1000715a8	16	objc	Accessible_ADWeaponDescriptionViewController	-[Accessible_ADWeaponDescriptionViewController hideButtons]
0x1000715b8	16	objc	Accessible_ADWeaponDescriptionViewController	-[Accessible_ADWeaponDescriptionViewController setHideButtons:]
0x1000715c8	276	objc	Accessible_ADWeaponDescriptionViewController	-[Accessible_ADWeaponDescriptionViewController .cxx_destruct]
0x1000716dc	60	objc	ADChallengeFailedViewController	-[ADChallengeFailedViewController didReceiveMemoryWarning]
0x100071718	1332	objc	ADChallengeFailedViewController	-[ADChallengeFailedViewController viewDidLoad]
0x100071c4c	116	block	ADChallengeFailedViewController	-[ADChallengeFailedViewController viewDidLoad]_block_invoke
0x100071cc0	8	sub	ADChallengeFailedViewController	sub_100071cc0
0x100071cc8	8	sub	ADChallengeFailedViewController	sub_100071cc8
0x100071cd0	332	objc	ADChallengeFailedViewController	-[ADChallengeFailedViewController loadView]
0x100071e1c	204	objc	ADChallengeFailedViewController	-[ADChallengeFailedViewController missionSelectButtonPressed:]
0x100071ee8	284	objc	ADChallengeFailedViewController	-[ADChallengeFailedViewController tryAgainButtonPressed:]
0x100072004	192	objc	ADChallengeFailedViewController	-[ADChallengeFailedViewController backButtonPressed]
0x1000720c4	252	objc	ADChallengeFailedViewController	-[ADChallengeFailedViewController playButtonSound]
0x1000721c0	16	objc	ADChallengeFailedViewController	-[ADChallengeFailedViewController tipTextView]
0x1000721d0	56	objc	ADChallengeFailedViewController	-[ADChallengeFailedViewController setTipTextView:]
0x100072208	64	objc	ADChallengeFailedViewController	-[ADChallengeFailedViewController .cxx_destruct]
0x100072248	424	objc	ADViewController	-[ADViewController viewDidLoad]
0x1000723f0	148	objc	ADViewController	-[ADViewController dealloc]
0x100072484	1120	objc	ADViewController	-[ADViewController addParticles]
0x1000728e4	92	objc	ADViewController	-[ADViewController accessibilityPerformEscape]
0x100072940	44	objc	ADViewController	-[ADViewController accessibilityPerformMagicTap]
0x10007296c	16	objc	ADViewController	-[ADViewController background]
0x10007297c	12	objc	ADViewController	-[ADViewController setBackground:]
0x100072988	16	objc	ADViewController	-[ADViewController firstAccessibleElement]
0x100072998	12	objc	ADViewController	-[ADViewController setFirstAccessibleElement:]
0x1000729a4	16	objc	ADViewController	-[ADViewController skView]
0x1000729b4	56	objc	ADViewController	-[ADViewController setSkView:]
0x1000729ec	84	objc	ADViewController	-[ADViewController .cxx_destruct]
0x100072a40	264	objc	ADTypefaceGenerator	+[ADTypefaceGenerator createTitle:]
0x100072b48	276	objc	ADTypefaceGenerator	+[ADTypefaceGenerator createButton:]
0x100072c5c	276	objc	ADTypefaceGenerator	+[ADTypefaceGenerator createBlockedButton:]
0x100072d70	232	objc	ADTypefaceGenerator	+[ADTypefaceGenerator createInfoText:]
0x100072e58	232	objc	ADTypefaceGenerator	+[ADTypefaceGenerator createParagraphText:]
0x100072f40	60	objc	ADButtonWithFont	-[ADButtonWithFont initWithFrame:]
0x100072f7c	176	objc	ADButtonWithFont	-[ADButtonWithFont awakeFromNib]
0x10007302c	972	objc	ADButtonWithFont	-[ADButtonWithFont makeAccessible]
0x1000733f8	384	objc	ADButtonWithFont	-[ADButtonWithFont setTitle:forState:]
0x100073578	252	objc	ADButtonWithFont	-[ADButtonWithFont playSound]
0x100073674	112	objc	ADButtonWithFont	-[ADButtonWithFont isIphone]
0x1000736e4	16	objc	ADButtonWithFont	-[ADButtonWithFont fontSize]
0x1000736f4	56	objc	ADButtonWithFont	-[ADButtonWithFont setFontSize:]
0x10007372c	16	objc	ADButtonWithFont	-[ADButtonWithFont fontName]
0x10007373c	56	objc	ADButtonWithFont	-[ADButtonWithFont setFontName:]
0x100073774	16	objc	ADButtonWithFont	-[ADButtonWithFont glow]
0x100073784	56	objc	ADButtonWithFont	-[ADButtonWithFont setGlow:]
0x1000737bc	16	objc	ADButtonWithFont	-[ADButtonWithFont diamonds]
0x1000737cc	16	objc	ADButtonWithFont	-[ADButtonWithFont setDiamonds:]
0x1000737dc	16	objc	ADButtonWithFont	-[ADButtonWithFont coins]
0x1000737ec	16	objc	ADButtonWithFont	-[ADButtonWithFont setCoins:]
0x1000737fc	104	objc	ADButtonWithFont	-[ADButtonWithFont .cxx_destruct]
0x100073864	224	objc	ADArmoryViewController	-[ADArmoryViewController initWithNibName:bundle:loadoutEnabled:]
0x100073944	312	objc	ADArmoryViewController	-[ADArmoryViewController initWithNibName:bundle:tab:loadoutEnabled:]
0x100073a7c	808	objc	ADArmoryViewController	-[ADArmoryViewController loadView]
0x100073da4	244	objc	ADArmoryViewController	-[ADArmoryViewController initWithNibName:bundle:weapon:]
0x100073e98	2792	objc	ADArmoryViewController	-[ADArmoryViewController viewDidLoad]
0x100074980	28	objc	ADArmoryViewController	-[ADArmoryViewController updateBrowseTimer:]
0x10007499c	32	objc	ADArmoryViewController	-[ADArmoryViewController browse_dt]
0x1000749bc	740	objc	ADArmoryViewController	-[ADArmoryViewController loadWeapons]
0x100074ca0	140	block	ADArmoryViewController	-[ADArmoryViewController loadWeapons]_block_invoke
0x100074d2c	8	sub	ADArmoryViewController	sub_100074d2c
0x100074d34	8	sub	ADArmoryViewController	sub_100074d34
0x100074d3c	780	objc	ADArmoryViewController	-[ADArmoryViewController loadLoadout]
0x100075048	648	objc	ADArmoryViewController	-[ADArmoryViewController loadPowerUps]
0x1000752d0	652	objc	ADArmoryViewController	-[ADArmoryViewController loadCurrency]
0x10007555c	448	objc	ADArmoryViewController	-[ADArmoryViewController weaponsButtonPressed:]
0x10007571c	844	objc	ADArmoryViewController	-[ADArmoryViewController loadoutButtonPressed:]
0x100075a68	448	objc	ADArmoryViewController	-[ADArmoryViewController powerUpButtonPressed:]
0x100075c28	448	objc	ADArmoryViewController	-[ADArmoryViewController currencyButtonPressed:]
0x100075de8	604	objc	ADArmoryViewController	-[ADArmoryViewController updateTabsAfterButtonPressed:]
0x100076044	60	objc	ADArmoryViewController	-[ADArmoryViewController didReceiveMemoryWarning]
0x100076080	372	objc	ADArmoryViewController	-[ADArmoryViewController backButtonPressed]
0x1000761f4	4	block	ADArmoryViewController	-[ADArmoryViewController backButtonPressed]_block_invoke
0x1000761f8	1056	objc	ADArmoryViewController	-[ADArmoryViewController trackBrowsingTime]
0x100076618	60	objc	ADArmoryViewController	-[ADArmoryViewController sendDetailViewToBack]
0x100076654	44	objc	ADArmoryViewController	-[ADArmoryViewController setAccessibilityOnView:to:]
0x100076680	596	objc	ADArmoryViewController	-[ADArmoryViewController toggleAccessibilityAfterTabWasSelected:]
0x1000768d4	684	objc	ADArmoryViewController	-[ADArmoryViewController showNotEnoughMoneyAlert]
0x100076b80	320	objc	ADArmoryViewController	-[ADArmoryViewController alertView:willDismissWithButtonIndex:]
0x100076cc0	268	objc	ADArmoryViewController	-[ADArmoryViewController dealloc]
0x100076dcc	16	objc	ADArmoryViewController	-[ADArmoryViewController contentContainer]
0x100076ddc	56	objc	ADArmoryViewController	-[ADArmoryViewController setContentContainer:]
0x100076e14	16	objc	ADArmoryViewController	-[ADArmoryViewController weaponsButton]
0x100076e24	56	objc	ADArmoryViewController	-[ADArmoryViewController setWeaponsButton:]
0x100076e5c	16	objc	ADArmoryViewController	-[ADArmoryViewController powerUpButton]
0x100076e6c	56	objc	ADArmoryViewController	-[ADArmoryViewController setPowerUpButton:]
0x100076ea4	16	objc	ADArmoryViewController	-[ADArmoryViewController currencyButton]
0x100076eb4	56	objc	ADArmoryViewController	-[ADArmoryViewController setCurrencyButton:]
0x100076eec	16	objc	ADArmoryViewController	-[ADArmoryViewController loadOutButton]
0x100076efc	56	objc	ADArmoryViewController	-[ADArmoryViewController setLoadOutButton:]
0x100076f34	16	objc	ADArmoryViewController	-[ADArmoryViewController browsingTime]
0x100076f44	12	objc	ADArmoryViewController	-[ADArmoryViewController setBrowsingTime:]
0x100076f50	16	objc	ADArmoryViewController	-[ADArmoryViewController setBrowse_dt:]
0x100076f60	16	objc	ADArmoryViewController	-[ADArmoryViewController previousTab]
0x100076f70	12	objc	ADArmoryViewController	-[ADArmoryViewController setPreviousTab:]
0x100076f7c	20	objc	ADArmoryViewController	-[ADArmoryViewController loadoutEnabled]
0x100076f90	16	objc	ADArmoryViewController	-[ADArmoryViewController setLoadoutEnabled:]
0x100076fa0	284	objc	ADArmoryViewController	-[ADArmoryViewController .cxx_destruct]
0x1000770bc	180	objc	ADChallengeViewController	-[ADChallengeViewController initWithDictionary:]
0x100077170	684	objc	ADChallengeViewController	-[ADChallengeViewController viewDidLoad]
0x10007741c	2512	objc	ADChallengeViewController	-[ADChallengeViewController initStarUnlockArea]
0x100077dec	624	objc	ADChallengeViewController	-[ADChallengeViewController dealloc]
0x10007805c	16	objc	ADChallengeViewController	-[ADChallengeViewController challengeIcon]
0x10007806c	56	objc	ADChallengeViewController	-[ADChallengeViewController setChallengeIcon:]
0x1000780a4	16	objc	ADChallengeViewController	-[ADChallengeViewController challengeDict]
0x1000780b4	56	objc	ADChallengeViewController	-[ADChallengeViewController setChallengeDict:]
0x1000780ec	16	objc	ADChallengeViewController	-[ADChallengeViewController starUnlockArea]
0x1000780fc	56	objc	ADChallengeViewController	-[ADChallengeViewController setStarUnlockArea:]
0x100078134	16	objc	ADChallengeViewController	-[ADChallengeViewController missionStar]
0x100078144	56	objc	ADChallengeViewController	-[ADChallengeViewController setMissionStar:]
0x10007817c	16	objc	ADChallengeViewController	-[ADChallengeViewController accuracyStar]
0x10007818c	56	objc	ADChallengeViewController	-[ADChallengeViewController setAccuracyStar:]
0x1000781c4	16	objc	ADChallengeViewController	-[ADChallengeViewController timeStar]
0x1000781d4	56	objc	ADChallengeViewController	-[ADChallengeViewController setTimeStar:]
0x10007820c	16	objc	ADChallengeViewController	-[ADChallengeViewController coinsReward]
0x10007821c	56	objc	ADChallengeViewController	-[ADChallengeViewController setCoinsReward:]
0x100078254	184	objc	ADChallengeViewController	-[ADChallengeViewController .cxx_destruct]
0x10007830c	60	objc	ADButtonWithCost	-[ADButtonWithCost initWithFrame:]
0x100078348	1008	objc	ADEncyclopediaViewController	-[ADEncyclopediaViewController initWithNibName:bundle:]
0x100078738	1116	objc	ADEncyclopediaViewController	-[ADEncyclopediaViewController getDisplayNameToUnlockRequirement]
0x100078b94	804	objc	ADEncyclopediaViewController	-[ADEncyclopediaViewController mapDisplayNameToName]
0x100078eb8	792	objc	ADEncyclopediaViewController	-[ADEncyclopediaViewController viewDidLoad]
0x1000791d0	424	objc	ADEncyclopediaViewController	-[ADEncyclopediaViewController loadView]
0x100079378	300	objc	ADEncyclopediaViewController	-[ADEncyclopediaViewController viewWillAppear:]
0x1000794a4	296	block	ADEncyclopediaViewController	-[ADEncyclopediaViewController viewWillAppear:]_block_invoke
0x1000795cc	8	sub	ADEncyclopediaViewController	sub_1000795cc
0x1000795d4	8	sub	ADEncyclopediaViewController	sub_1000795d4
0x1000795dc	52	objc	ADEncyclopediaViewController	-[ADEncyclopediaViewController getSoundForName:]
0x100079610	128	objc	ADEncyclopediaViewController	-[ADEncyclopediaViewController sortZombieNames]
0x100079690	204	block	ADEncyclopediaViewController	-[ADEncyclopediaViewController sortZombieNames]_block_invoke
0x10007975c	3748	objc	ADEncyclopediaViewController	-[ADEncyclopediaViewController addDetailViewControllersToHorizontalScroller]
0x10007a600	484	objc	ADEncyclopediaViewController	-[ADEncyclopediaViewController closeDetail]
0x10007a7e4	112	objc	ADEncyclopediaViewController	-[ADEncyclopediaViewController tableView:numberOfRowsInSection:]
0x10007a854	140	objc	ADEncyclopediaViewController	-[ADEncyclopediaViewController tableView:heightForRowAtIndexPath:]
0x10007a8e0	596	objc	ADEncyclopediaViewController	-[ADEncyclopediaViewController tableView:cellForRowAtIndexPath:]
0x10007ab34	152	objc	ADEncyclopediaViewController	-[ADEncyclopediaViewController tableView:willDisplayCell:forRowAtIndexPath:]
0x10007abcc	1252	objc	ADEncyclopediaViewController	-[ADEncyclopediaViewController cellSelectedWithZombieName:]
0x10007b0b0	60	objc	ADEncyclopediaViewController	-[ADEncyclopediaViewController didReceiveMemoryWarning]
0x10007b0ec	180	objc	ADEncyclopediaViewController	-[ADEncyclopediaViewController dealloc]
0x10007b1a0	272	objc	ADEncyclopediaViewController	-[ADEncyclopediaViewController backButtonPressed]
0x10007b2b0	4	block	ADEncyclopediaViewController	-[ADEncyclopediaViewController backButtonPressed]_block_invoke
0x10007b2b4	884	objc	ADEncyclopediaViewController	-[ADEncyclopediaViewController nextButtonPressed:]
0x10007b628	800	objc	ADEncyclopediaViewController	-[ADEncyclopediaViewController previousButtonPressed:]
0x10007b948	800	objc	ADEncyclopediaViewController	-[ADEncyclopediaViewController scrollViewDidEndDecelerating:]
0x10007bc68	16	objc	ADEncyclopediaViewController	-[ADEncyclopediaViewController encyclopediaPlaylist]
0x10007bc78	12	objc	ADEncyclopediaViewController	-[ADEncyclopediaViewController setEncyclopediaPlaylist:]
0x10007bc84	16	objc	ADEncyclopediaViewController	-[ADEncyclopediaViewController zombieDetailHorizontalScrollTable]
0x10007bc94	56	objc	ADEncyclopediaViewController	-[ADEncyclopediaViewController setZombieDetailHorizontalScrollTable:]
0x10007bccc	16	objc	ADEncyclopediaViewController	-[ADEncyclopediaViewController zombieNameVerticalTable]
0x10007bcdc	56	objc	ADEncyclopediaViewController	-[ADEncyclopediaViewController setZombieNameVerticalTable:]
0x10007bd14	16	objc	ADEncyclopediaViewController	-[ADEncyclopediaViewController zombieEnemies]
0x10007bd24	12	objc	ADEncyclopediaViewController	-[ADEncyclopediaViewController setZombieEnemies:]
0x10007bd30	16	objc	ADEncyclopediaViewController	-[ADEncyclopediaViewController itemViewControllers]
0x10007bd40	12	objc	ADEncyclopediaViewController	-[ADEncyclopediaViewController setItemViewControllers:]
0x10007bd4c	16	objc	ADEncyclopediaViewController	-[ADEncyclopediaViewController enemiesPlist]
0x10007bd5c	12	objc	ADEncyclopediaViewController	-[ADEncyclopediaViewController setEnemiesPlist:]
0x10007bd68	16	objc	ADEncyclopediaViewController	-[ADEncyclopediaViewController displayNameToNameMap]
0x10007bd78	12	objc	ADEncyclopediaViewController	-[ADEncyclopediaViewController setDisplayNameToNameMap:]
0x10007bd84	16	objc	ADEncyclopediaViewController	-[ADEncyclopediaViewController displayNameToUnlockRequirement]
0x10007bd94	12	objc	ADEncyclopediaViewController	-[ADEncyclopediaViewController setDisplayNameToUnlockRequirement:]
0x10007bda0	16	objc	ADEncyclopediaViewController	-[ADEncyclopediaViewController enemyPersistentData]
0x10007bdb0	12	objc	ADEncyclopediaViewController	-[ADEncyclopediaViewController setEnemyPersistentData:]
0x10007bdbc	16	objc	ADEncyclopediaViewController	-[ADEncyclopediaViewController sortedZombieNames]
0x10007bdcc	12	objc	ADEncyclopediaViewController	-[ADEncyclopediaViewController setSortedZombieNames:]
0x10007bdd8	16	objc	ADEncyclopediaViewController	-[ADEncyclopediaViewController encVCList]
0x10007bde8	12	objc	ADEncyclopediaViewController	-[ADEncyclopediaViewController setEncVCList:]
0x10007bdf4	16	objc	ADEncyclopediaViewController	-[ADEncyclopediaViewController currentEnemyBeingShown]
0x10007be04	16	objc	ADEncyclopediaViewController	-[ADEncyclopediaViewController setCurrentEnemyBeingShown:]
0x10007be14	20	objc	ADEncyclopediaViewController	-[ADEncyclopediaViewController displayingDetailView]
0x10007be28	16	objc	ADEncyclopediaViewController	-[ADEncyclopediaViewController setDisplayingDetailView:]
0x10007be38	244	objc	ADEncyclopediaViewController	-[ADEncyclopediaViewController .cxx_destruct]
0x10007bf2c	60	objc	ADEnemyStatsCell	-[ADEnemyStatsCell initWithStyle:reuseIdentifier:]
0x10007bf68	568	objc	ADEnemyStatsCell	-[ADEnemyStatsCell awakeFromNib]
0x10007c1a0	60	objc	ADEnemyStatsCell	-[ADEnemyStatsCell setSelected:animated:]
0x10007c1dc	16	objc	ADEnemyStatsCell	-[ADEnemyStatsCell customView]
0x10007c1ec	56	objc	ADEnemyStatsCell	-[ADEnemyStatsCell setCustomView:]
0x10007c224	16	objc	ADEnemyStatsCell	-[ADEnemyStatsCell enemyNameLabel]
0x10007c234	56	objc	ADEnemyStatsCell	-[ADEnemyStatsCell setEnemyNameLabel:]
0x10007c26c	16	objc	ADEnemyStatsCell	-[ADEnemyStatsCell coinsAmountLabel]
0x10007c27c	56	objc	ADEnemyStatsCell	-[ADEnemyStatsCell setCoinsAmountLabel:]
0x10007c2b4	84	objc	ADEnemyStatsCell	-[ADEnemyStatsCell .cxx_destruct]
0x10007c308	140	objc	ADWeaponsStatsDetailCell	-[ADWeaponsStatsDetailCell initWithStyle:reuseIdentifier:data:]
0x10007c394	1160	objc	ADWeaponsStatsDetailCell	-[ADWeaponsStatsDetailCell awakeFromNib]
0x10007c81c	60	objc	ADWeaponsStatsDetailCell	-[ADWeaponsStatsDetailCell setSelected:animated:]
0x10007c858	16	objc	ADWeaponsStatsDetailCell	-[ADWeaponsStatsDetailCell cellItemLabel]
0x10007c868	56	objc	ADWeaponsStatsDetailCell	-[ADWeaponsStatsDetailCell setCellItemLabel:]
0x10007c8a0	16	objc	ADWeaponsStatsDetailCell	-[ADWeaponsStatsDetailCell cellItemImageView]
0x10007c8b0	56	objc	ADWeaponsStatsDetailCell	-[ADWeaponsStatsDetailCell setCellItemImageView:]
0x10007c8e8	16	objc	ADWeaponsStatsDetailCell	-[ADWeaponsStatsDetailCell nameLabel]
0x10007c8f8	56	objc	ADWeaponsStatsDetailCell	-[ADWeaponsStatsDetailCell setNameLabel:]
0x10007c930	16	objc	ADWeaponsStatsDetailCell	-[ADWeaponsStatsDetailCell accuracyLabel]
0x10007c940	56	objc	ADWeaponsStatsDetailCell	-[ADWeaponsStatsDetailCell setAccuracyLabel:]
0x10007c978	16	objc	ADWeaponsStatsDetailCell	-[ADWeaponsStatsDetailCell killsLabel]
0x10007c988	56	objc	ADWeaponsStatsDetailCell	-[ADWeaponsStatsDetailCell setKillsLabel:]
0x10007c9c0	16	objc	ADWeaponsStatsDetailCell	-[ADWeaponsStatsDetailCell accuracyValLabel]
0x10007c9d0	56	objc	ADWeaponsStatsDetailCell	-[ADWeaponsStatsDetailCell setAccuracyValLabel:]
0x10007ca08	16	objc	ADWeaponsStatsDetailCell	-[ADWeaponsStatsDetailCell killsValLabel]
0x10007ca18	56	objc	ADWeaponsStatsDetailCell	-[ADWeaponsStatsDetailCell setKillsValLabel:]
0x10007ca50	16	objc	ADWeaponsStatsDetailCell	-[ADWeaponsStatsDetailCell detailViewHierarchy]
0x10007ca60	12	objc	ADWeaponsStatsDetailCell	-[ADWeaponsStatsDetailCell setDetailViewHierarchy:]
0x10007ca6c	184	objc	ADWeaponsStatsDetailCell	-[ADWeaponsStatsDetailCell .cxx_destruct]
0x10007cb24	8	objc	UILabelCounter	-[UILabelCounter update:]
0x10007cb2c	20	objc	UILabelCounter	-[UILabelCounter rate]
0x10007cb40	20	objc	UILabelCounter	-[UILabelCounter setRate:]
0x10007cb54	4	objc	UILabelCounterLinear	-[UILabelCounterLinear update:]
0x10007cb58	52	objc	UILabelCounterEaseIn	-[UILabelCounterEaseIn update:]
0x10007cb8c	64	objc	UILabelCounterEaseOut	-[UILabelCounterEaseOut update:]
0x10007cbcc	196	objc	UILabelCounterEaseInOut	-[UILabelCounterEaseInOut update:]
0x10007cc90	20	objc	UICountingLabel	-[UICountingLabel countFrom:to:]
0x10007cca4	924	objc	UICountingLabel	-[UICountingLabel countFrom:to:withDuration:]
0x10007d040	1252	objc	UICountingLabel	-[UICountingLabel updateValue:]
0x10007d524	16	objc	UICountingLabel	-[UICountingLabel format]
0x10007d534	56	objc	UICountingLabel	-[UICountingLabel setFormat:]
0x10007d56c	16	objc	UICountingLabel	-[UICountingLabel method]
0x10007d57c	16	objc	UICountingLabel	-[UICountingLabel setMethod:]
0x10007d58c	16	objc	UICountingLabel	-[UICountingLabel formatBlock]
0x10007d59c	12	objc	UICountingLabel	-[UICountingLabel setFormatBlock:]
0x10007d5a8	16	objc	UICountingLabel	-[UICountingLabel completionBlock]
0x10007d5b8	12	objc	UICountingLabel	-[UICountingLabel setCompletionBlock:]
0x10007d5c4	20	objc	UICountingLabel	-[UICountingLabel startingValue]
0x10007d5d8	20	objc	UICountingLabel	-[UICountingLabel setStartingValue:]
0x10007d5ec	20	objc	UICountingLabel	-[UICountingLabel destinationValue]
0x10007d600	20	objc	UICountingLabel	-[UICountingLabel setDestinationValue:]
0x10007d614	20	objc	UICountingLabel	-[UICountingLabel progress]
0x10007d628	20	objc	UICountingLabel	-[UICountingLabel setProgress:]
0x10007d63c	20	objc	UICountingLabel	-[UICountingLabel lastUpdate]
0x10007d650	20	objc	UICountingLabel	-[UICountingLabel setLastUpdate:]
0x10007d664	20	objc	UICountingLabel	-[UICountingLabel totalTime]
0x10007d678	20	objc	UICountingLabel	-[UICountingLabel setTotalTime:]
0x10007d68c	20	objc	UICountingLabel	-[UICountingLabel easingRate]
0x10007d6a0	20	objc	UICountingLabel	-[UICountingLabel setEasingRate:]
0x10007d6b4	16	objc	UICountingLabel	-[UICountingLabel counter]
0x10007d6c4	56	objc	UICountingLabel	-[UICountingLabel setCounter:]
0x10007d6fc	104	objc	UICountingLabel	-[UICountingLabel .cxx_destruct]
0x10007d764	40	block	SharkfoodMuteSwitchDetector	-[SharkfoodMuteSwitchDetector init]_block_invoke
0x10007d78c	664	objc	SharkfoodMuteSwitchDetector	-[SharkfoodMuteSwitchDetector init]
0x10007da24	20	objc	SharkfoodMuteSwitchDetector	-[SharkfoodMuteSwitchDetector didEnterBackground]
0x10007da38	100	objc	SharkfoodMuteSwitchDetector	-[SharkfoodMuteSwitchDetector willReturnToForeground]
0x10007da9c	128	objc	SharkfoodMuteSwitchDetector	-[SharkfoodMuteSwitchDetector setSilentNotify:]
0x10007db1c	80	objc	SharkfoodMuteSwitchDetector	+[SharkfoodMuteSwitchDetector shared]
0x10007db6c	112	objc	SharkfoodMuteSwitchDetector	-[SharkfoodMuteSwitchDetector scheduleCall]
0x10007dbdc	360	objc	SharkfoodMuteSwitchDetector	-[SharkfoodMuteSwitchDetector complete]
0x10007dd44	148	objc	SharkfoodMuteSwitchDetector	-[SharkfoodMuteSwitchDetector loopCheck]
0x10007ddd8	268	objc	SharkfoodMuteSwitchDetector	-[SharkfoodMuteSwitchDetector dealloc]
0x10007dee4	16	objc	SharkfoodMuteSwitchDetector	-[SharkfoodMuteSwitchDetector isMute]
0x10007def4	16	objc	SharkfoodMuteSwitchDetector	-[SharkfoodMuteSwitchDetector silentNotify]
0x10007df04	16	objc	SharkfoodMuteSwitchDetector	-[SharkfoodMuteSwitchDetector interval]
0x10007df14	16	objc	SharkfoodMuteSwitchDetector	-[SharkfoodMuteSwitchDetector setInterval:]
0x10007df24	16	objc	SharkfoodMuteSwitchDetector	-[SharkfoodMuteSwitchDetector soundId]
0x10007df34	16	objc	SharkfoodMuteSwitchDetector	-[SharkfoodMuteSwitchDetector setSoundId:]
0x10007df44	16	objc	SharkfoodMuteSwitchDetector	-[SharkfoodMuteSwitchDetector forceEmit]
0x10007df54	16	objc	SharkfoodMuteSwitchDetector	-[SharkfoodMuteSwitchDetector setForceEmit:]
0x10007df64	16	objc	SharkfoodMuteSwitchDetector	-[SharkfoodMuteSwitchDetector isPaused]
0x10007df74	16	objc	SharkfoodMuteSwitchDetector	-[SharkfoodMuteSwitchDetector setIsPaused:]
0x10007df84	16	objc	SharkfoodMuteSwitchDetector	-[SharkfoodMuteSwitchDetector isPlaying]
0x10007df94	16	objc	SharkfoodMuteSwitchDetector	-[SharkfoodMuteSwitchDetector setIsPlaying:]
0x10007dfa4	20	objc	SharkfoodMuteSwitchDetector	-[SharkfoodMuteSwitchDetector .cxx_destruct]
0x10007dfb8	140	objc	Accessible_ADArmoryViewController	-[Accessible_ADArmoryViewController initWithNibName:bundle:]
0x10007e044	148	objc	Accessible_ADArmoryViewController	-[Accessible_ADArmoryViewController initWithNibName:bundle:loadoutEnabled:]
0x10007e0d8	364	objc	Accessible_ADArmoryViewController	-[Accessible_ADArmoryViewController updateTabsAfterButtonPressed:]
0x10007e244	60	objc	Accessible_ADArmoryViewController	-[Accessible_ADArmoryViewController viewDidLoad]
0x10007e280	60	objc	Accessible_ADArmoryViewController	-[Accessible_ADArmoryViewController didReceiveMemoryWarning]
0x10007e2bc	148	objc	ADDiamondDropper	-[ADDiamondDropper spawn]
0x10007e350	1128	objc	ADDiamondDropper	-[ADDiamondDropper update:]
0x10007e7b8	72	objc	ADDiamondDropper	-[ADDiamondDropper glow]
0x10007e800	404	objc	ADDiamondDropper	-[ADDiamondDropper die]
0x10007e994	20	block	ADDiamondDropper	-[ADDiamondDropper die]_block_invoke
0x10007e9a8	104	objc	ADDiamondDropper	-[ADDiamondDropper initSounds]
0x10007ea10	128	objc	ADStatsHeader	-[ADStatsHeader initWithFrame:]
0x10007ea90	128	objc	ADStatsHeader	-[ADStatsHeader init]
0x10007eb10	172	objc	ADStatsHeader	-[ADStatsHeader initWithReuseIdentifier:]
0x10007ebbc	1640	objc	ADStatsHeader	-[ADStatsHeader customInit]
0x10007f224	952	objc	ADStatsHeader	-[ADStatsHeader addContainerViewConstraints]
0x10007f5dc	964	objc	ADStatsHeader	-[ADStatsHeader addBackgroundImageConstraints]
0x10007f9a0	604	objc	ADStatsHeader	-[ADStatsHeader addTitleLabelConstraints]
0x10007fbfc	16	objc	ADStatsHeader	-[ADStatsHeader headerTitleLabel]
0x10007fc0c	12	objc	ADStatsHeader	-[ADStatsHeader setHeaderTitleLabel:]
0x10007fc18	16	objc	ADStatsHeader	-[ADStatsHeader containerView]
0x10007fc28	12	objc	ADStatsHeader	-[ADStatsHeader setContainerView:]
0x10007fc34	16	objc	ADStatsHeader	-[ADStatsHeader backgroundImageView]
0x10007fc44	12	objc	ADStatsHeader	-[ADStatsHeader setBackgroundImageView:]
0x10007fc50	16	objc	ADStatsHeader	-[ADStatsHeader titleLabelInset]
0x10007fc60	16	objc	ADStatsHeader	-[ADStatsHeader setTitleLabelInset:]
0x10007fc70	84	objc	ADStatsHeader	-[ADStatsHeader .cxx_destruct]
0x10007fcc4	180	objc	ADChallengeIconViewController	-[ADChallengeIconViewController initWithDictionary:]
0x10007fd78	780	objc	ADChallengeIconViewController	-[ADChallengeIconViewController viewDidLoad]
0x100080084	1248	objc	ADChallengeIconViewController	-[ADChallengeIconViewController initStars]
0x100080564	124	objc	ADChallengeIconViewController	-[ADChallengeIconViewController initLock]
0x1000805e0	252	objc	ADChallengeIconViewController	-[ADChallengeIconViewController isLocked]
0x1000806dc	60	objc	ADChallengeIconViewController	-[ADChallengeIconViewController didReceiveMemoryWarning]
0x100080718	16	objc	ADChallengeIconViewController	-[ADChallengeIconViewController star_1]
0x100080728	56	objc	ADChallengeIconViewController	-[ADChallengeIconViewController setStar_1:]
0x100080760	16	objc	ADChallengeIconViewController	-[ADChallengeIconViewController star_2]
0x100080770	56	objc	ADChallengeIconViewController	-[ADChallengeIconViewController setStar_2:]
0x1000807a8	16	objc	ADChallengeIconViewController	-[ADChallengeIconViewController star_3]
0x1000807b8	56	objc	ADChallengeIconViewController	-[ADChallengeIconViewController setStar_3:]
0x1000807f0	16	objc	ADChallengeIconViewController	-[ADChallengeIconViewController challengeLock]
0x100080800	56	objc	ADChallengeIconViewController	-[ADChallengeIconViewController setChallengeLock:]
0x100080838	16	objc	ADChallengeIconViewController	-[ADChallengeIconViewController challengeDict]
0x100080848	56	objc	ADChallengeIconViewController	-[ADChallengeIconViewController setChallengeDict:]
0x100080880	16	objc	ADChallengeIconViewController	-[ADChallengeIconViewController challengeTitle]
0x100080890	56	objc	ADChallengeIconViewController	-[ADChallengeIconViewController setChallengeTitle:]
0x1000808c8	32	objc	ADChallengeIconViewController	-[ADChallengeIconViewController warning_icon]
0x1000808e8	20	objc	ADChallengeIconViewController	-[ADChallengeIconViewController setWarning_icon:]
0x1000808fc	160	objc	ADChallengeIconViewController	-[ADChallengeIconViewController .cxx_destruct]
0x10008099c	1652	objc	ADAppDelegate	-[ADAppDelegate application:didFinishLaunchingWithOptions:]
0x100081010	4	block	ADAppDelegate	-[ADAppDelegate application:didFinishLaunchingWithOptions:]_block_invoke
0x100081014	180	objc	ADAppDelegate	-[ADAppDelegate runSanityCheck]
0x1000810c8	244	objc	ADAppDelegate	-[ADAppDelegate dictionaryForChallengeWithName:]
0x1000811bc	300	objc	ADAppDelegate	-[ADAppDelegate loadViewController:]
0x1000812e8	116	block	ADAppDelegate	-[ADAppDelegate loadViewController:]_block_invoke
0x10008135c	4	block	ADAppDelegate	-[ADAppDelegate loadViewController:]_block_invoke_block_invoke
0x100081360	40	sub	ADAppDelegate	sub_100081360
0x100081388	40	sub	ADAppDelegate	sub_100081388
0x1000813b0	168	objc	ADAppDelegate	-[ADAppDelegate goToAccessibleChallengeOverviewWithDictionary:]
0x100081458	168	objc	ADAppDelegate	-[ADAppDelegate goToChallengeOverviewWithDictionary:]
0x100081500	132	objc	ADAppDelegate	-[ADAppDelegate goToInputModeSelectScreen]
0x100081584	132	objc	ADAppDelegate	-[ADAppDelegate goToOpener]
0x100081608	216	objc	ADAppDelegate	-[ADAppDelegate goToGameOverEndless]
0x1000816e0	444	objc	ADAppDelegate	-[ADAppDelegate goToChallengeSelector]
0x10008189c	284	objc	ADAppDelegate	-[ADAppDelegate goToChallengeCompletedWithDictionary:]
0x1000819b8	168	objc	ADAppDelegate	-[ADAppDelegate goToChallengeFailedWithDictionary:]
0x100081a60	524	objc	ADAppDelegate	-[ADAppDelegate goToArmoryFromVC:EnableLoadOut:]
0x100081c6c	4	block	ADAppDelegate	-[ADAppDelegate goToArmoryFromVC:EnableLoadOut:]_block_invoke
0x100081c70	1132	objc	ADAppDelegate	-[ADAppDelegate goToChallengeAfter:]
0x1000820dc	132	objc	ADAppDelegate	-[ADAppDelegate goToStory]
0x100082160	132	objc	ADAppDelegate	-[ADAppDelegate goToRoulette]
0x1000821e4	148	objc	ADAppDelegate	-[ADAppDelegate goToGameplay]
0x100082278	196	objc	ADAppDelegate	-[ADAppDelegate goToChallengeWithDict:]
0x10008233c	156	objc	ADAppDelegate	-[ADAppDelegate goToWorldSelector]
0x1000823d8	156	objc	ADAppDelegate	-[ADAppDelegate goToMainMenu]
0x100082474	160	objc	ADAppDelegate	-[ADAppDelegate goToPlayMenu]
0x100082514	168	objc	ADAppDelegate	-[ADAppDelegate goToInfoScreen:]
0x1000825bc	132	objc	ADAppDelegate	-[ADAppDelegate goToTarot]
0x100082640	4	objc	ADAppDelegate	-[ADAppDelegate popToRoot]
0x100082644	132	objc	ADAppDelegate	-[ADAppDelegate goToTabbedChallengeScreen]
0x1000826c8	724	objc	ADAppDelegate	-[ADAppDelegate showMetrics]
0x10008299c	56	objc	ADAppDelegate	-[ADAppDelegate setStatusBar:]
0x1000829d4	548	objc	ADAppDelegate	-[ADAppDelegate initPapaEngine]
0x100082bf8	168	objc	ADAppDelegate	-[ADAppDelegate activateButtonsPlaylist]
0x100082ca0	576	objc	ADAppDelegate	-[ADAppDelegate startMenuMusic:]
0x100082ee0	664	block	ADAppDelegate	-[ADAppDelegate startMenuMusic:]_block_invoke
0x100083178	436	block	ADAppDelegate	-[ADAppDelegate startMenuMusic:]_block_invoke_block_invoke
0x10008332c	40	sub	ADAppDelegate	sub_10008332c
0x100083354	40	sub	ADAppDelegate	sub_100083354
0x10008337c	48	sub	ADAppDelegate	sub_10008337c
0x1000833ac	48	sub	ADAppDelegate	sub_1000833ac
0x1000833dc	132	objc	ADAppDelegate	-[ADAppDelegate stopMenuMusic]
0x100083460	728	objc	ADAppDelegate	-[ADAppDelegate reduceMainMenuThemeVolume]
0x100083738	228	objc	ADAppDelegate	-[ADAppDelegate pauseGame]
0x10008381c	32	objc	ADAppDelegate	-[ADAppDelegate applicationWillResignActive:]
0x10008383c	32	objc	ADAppDelegate	-[ADAppDelegate applicationDidEnterBackground:]
0x10008385c	4	objc	ADAppDelegate	-[ADAppDelegate applicationWillEnterForeground:]
0x100083860	4	objc	ADAppDelegate	-[ADAppDelegate applicationDidBecomeActive:]
0x100083864	4	objc	ADAppDelegate	-[ADAppDelegate applicationWillTerminate:]
0x100083868	16	objc	ADAppDelegate	-[ADAppDelegate window]
0x100083878	56	objc	ADAppDelegate	-[ADAppDelegate setWindow:]
0x1000838b0	16	objc	ADAppDelegate	-[ADAppDelegate viewController]
0x1000838c0	56	objc	ADAppDelegate	-[ADAppDelegate setViewController:]
0x1000838f8	16	objc	ADAppDelegate	-[ADAppDelegate statusBar]
0x100083908	16	objc	ADAppDelegate	-[ADAppDelegate menu_music_playing]
0x100083918	16	objc	ADAppDelegate	-[ADAppDelegate setMenu_music_playing:]
0x100083928	16	objc	ADAppDelegate	-[ADAppDelegate currentMenuMusic]
0x100083938	56	objc	ADAppDelegate	-[ADAppDelegate setCurrentMenuMusic:]
0x100083970	184	objc	ADAppDelegate	-[ADAppDelegate .cxx_destruct]
0x100083a28	196	objc	ADPersistentStats	-[ADPersistentStats init]
0x100083aec	2844	objc	ADPersistentStats	+[ADPersistentStats persistentStats]
0x100084608	1236	objc	ADPersistentStats	-[ADPersistentStats buildFromDictionary:ClearItems:]
0x100084adc	196	objc	ADPersistentStats	-[ADPersistentStats getEnemyStatData]
0x100084ba0	196	objc	ADPersistentStats	-[ADPersistentStats getTotalStatData]
0x100084c64	196	objc	ADPersistentStats	-[ADPersistentStats getWeaponStatData]
0x100084d28	384	objc	ADPersistentStats	-[ADPersistentStats getEnemyKillsByName:]
0x100084ea8	468	objc	ADPersistentStats	-[ADPersistentStats getKillRequirementForEnemyWithName:]
0x10008507c	104	objc	ADPersistentStats	-[ADPersistentStats getNumberOfZombiesUnlocked]
0x1000850e4	3312	objc	ADPersistentStats	-[ADPersistentStats saveEnemyData:]
0x100085dd4	508	objc	ADPersistentStats	-[ADPersistentStats getAllUnlockedEnemies]
0x100085fd0	528	objc	ADPersistentStats	-[ADPersistentStats getNextUnlockEnemy]
0x1000861e0	724	objc	ADPersistentStats	-[ADPersistentStats saveEndlessModeKills:]
0x1000864b4	1344	objc	ADPersistentStats	-[ADPersistentStats savePlayTimeData:AndMode:]
0x1000869f4	568	objc	ADPersistentStats	-[ADPersistentStats saveCoinsData:]
0x100086c2c	568	objc	ADPersistentStats	-[ADPersistentStats saveDiamondsData:]
0x100086e64	852	objc	ADPersistentStats	-[ADPersistentStats saveShotsData:]
0x1000871b8	1852	objc	ADPersistentStats	-[ADPersistentStats saveWeaponsData:]
0x1000878f4	592	objc	ADPersistentStats	-[ADPersistentStats updateCounterStatsWithKey:]
0x100087b44	568	objc	ADPersistentStats	-[ADPersistentStats updateMissionsCompleted:]
0x100087d7c	568	objc	ADPersistentStats	-[ADPersistentStats updateMissionsSkipped:]
0x100087fb4	560	objc	ADPersistentStats	-[ADPersistentStats updateDeaths]
0x1000881e4	560	objc	ADPersistentStats	-[ADPersistentStats updateNumberOfWeaponsOwned]
0x100088414	172	objc	ADPersistentStats	-[ADPersistentStats gameTimeToString:]
0x1000884c0	640	objc	ADPersistentStats	-[ADPersistentStats updateTotalPlayTime:WithKey:]
0x100088740	540	objc	ADPersistentStats	-[ADPersistentStats updateLongestEndlessPlayTime:]
0x10008895c	504	objc	ADPersistentStats	-[ADPersistentStats computeTotalEnemyKillCount]
0x100088b54	556	objc	ADPersistentStats	-[ADPersistentStats computeChallengesWonAndSave]
0x100088d80	120	objc	ADPersistentStats	-[ADPersistentStats highScore]
0x100088df8	228	objc	ADPersistentStats	-[ADPersistentStats saveScore:]
0x100088edc	684	objc	ADPersistentStats	-[ADPersistentStats getEnemyListWithKillsGreaterThan:]
0x100089188	768	objc	ADPersistentStats	-[ADPersistentStats getUnlockedWeapons]
0x100089488	636	objc	ADPersistentStats	-[ADPersistentStats getTotalTimePlayed]
0x100089704	800	objc	ADPersistentStats	-[ADPersistentStats nearestDiscreteTime:]
0x100089a24	16	objc	ADPersistentStats	-[ADPersistentStats enemyStatsDataRef]
0x100089a34	16	objc	ADPersistentStats	-[ADPersistentStats totalsStatsDataRef]
0x100089a44	16	objc	ADPersistentStats	-[ADPersistentStats weaponsStatsDataRef]
0x100089a54	16	objc	ADPersistentStats	-[ADPersistentStats enemyBestiaryDataRef]
0x100089a64	16	objc	ADPersistentStats	-[ADPersistentStats unlockedEnemies]
0x100089a74	56	objc	ADPersistentStats	-[ADPersistentStats setUnlockedEnemies:]
0x100089aac	16	objc	ADPersistentStats	-[ADPersistentStats bestiary]
0x100089abc	12	objc	ADPersistentStats	-[ADPersistentStats setBestiary:]
0x100089ac8	16	objc	ADPersistentStats	-[ADPersistentStats enemies]
0x100089ad8	12	objc	ADPersistentStats	-[ADPersistentStats setEnemies:]
0x100089ae4	164	objc	ADPersistentStats	-[ADPersistentStats .cxx_destruct]
0x100089b88	60	objc	ADCustomTableViewCellWithSubtitles	-[ADCustomTableViewCellWithSubtitles initWithStyle:reuseIdentifier:]
0x100089bc4	172	objc	ADCustomTableViewCellWithSubtitles	-[ADCustomTableViewCellWithSubtitles awakeFromNib]
0x100089c70	16	objc	ADCustomTableViewCellWithSubtitles	-[ADCustomTableViewCellWithSubtitles detailLabel]
0x100089c80	56	objc	ADCustomTableViewCellWithSubtitles	-[ADCustomTableViewCellWithSubtitles setDetailLabel:]
0x100089cb8	16	objc	ADCustomTableViewCellWithSubtitles	-[ADCustomTableViewCellWithSubtitles titleLabel]
0x100089cc8	56	objc	ADCustomTableViewCellWithSubtitles	-[ADCustomTableViewCellWithSubtitles setTitleLabel:]
0x100089d00	16	objc	ADCustomTableViewCellWithSubtitles	-[ADCustomTableViewCellWithSubtitles image]
0x100089d10	56	objc	ADCustomTableViewCellWithSubtitles	-[ADCustomTableViewCellWithSubtitles setImage:]
0x100089d48	16	objc	ADCustomTableViewCellWithSubtitles	-[ADCustomTableViewCellWithSubtitles statusLevel]
0x100089d58	56	objc	ADCustomTableViewCellWithSubtitles	-[ADCustomTableViewCellWithSubtitles setStatusLevel:]
0x100089d90	16	objc	ADCustomTableViewCellWithSubtitles	-[ADCustomTableViewCellWithSubtitles lockIcon]
0x100089da0	56	objc	ADCustomTableViewCellWithSubtitles	-[ADCustomTableViewCellWithSubtitles setLockIcon:]
0x100089dd8	16	objc	ADCustomTableViewCellWithSubtitles	-[ADCustomTableViewCellWithSubtitles buyUpgradeButton]
0x100089de8	56	objc	ADCustomTableViewCellWithSubtitles	-[ADCustomTableViewCellWithSubtitles setBuyUpgradeButton:]
0x100089e20	144	objc	ADCustomTableViewCellWithSubtitles	-[ADCustomTableViewCellWithSubtitles .cxx_destruct]
0x100089eb0	180	objc	ADAccessibleGameView	-[ADAccessibleGameView didMoveToSuperview]
0x100089f64	560	objc	ADAccessibleGameView	-[ADAccessibleGameView initGestureRecognizers]
0x10008a194	80	objc	ADAccessibleGameView	-[ADAccessibleGameView handleSwipeGesture]
0x10008a1e4	8	objc	ADAccessibleGameView	-[ADAccessibleGameView gestureRecognizer:shouldRecognizeSimultaneouslyWithGestureRecognizer:]
0x10008a1ec	268	objc	ADAccessibleGameView	-[ADAccessibleGameView handleSwipeUpGesture]
0x10008a2f8	268	objc	ADAccessibleGameView	-[ADAccessibleGameView handleSwipeDownGesture]
0x10008a404	264	objc	ADAccessibleGameView	-[ADAccessibleGameView touchesBegan:withEvent:]
0x10008a50c	152	objc	ADAccessibleGameView	-[ADAccessibleGameView touchesEnded:withEvent:]
0x10008a5a4	432	objc	ADAccessibleGameView	-[ADAccessibleGameView touchesMoved:withEvent:]
0x10008a754	448	objc	ADAccessibleGameView	-[ADAccessibleGameView update:]
0x10008a914	696	objc	ADAccessibleGameView	-[ADAccessibleGameView solveButtonPress]
0x10008abcc	136	objc	ADAccessibleGameView	-[ADAccessibleGameView touchCanceled]
0x10008ac54	164	objc	ADAccessibleGameView	-[ADAccessibleGameView setButtonIsDown:]
0x10008acf8	196	objc	ADAccessibleGameView	-[ADAccessibleGameView handleTripleTap]
0x10008adbc	32	objc	ADAccessibleGameView	-[ADAccessibleGameView weaponManager]
0x10008addc	20	objc	ADAccessibleGameView	-[ADAccessibleGameView setWeaponManager:]
0x10008adf0	32	objc	ADAccessibleGameView	-[ADAccessibleGameView gameplayViewController]
0x10008ae10	20	objc	ADAccessibleGameView	-[ADAccessibleGameView setGameplayViewController:]
0x10008ae24	16	objc	ADAccessibleGameView	-[ADAccessibleGameView buttonIsDown]
0x10008ae34	136	objc	ADAccessibleGameView	-[ADAccessibleGameView .cxx_destruct]
0x10008aebc	4	objc	ADAccessibleGameView	-[ADAccessibleGameView .cxx_construct]
0x10008aec0	324	objc	UILabel+ADTitleLabel	-[UILabel(ADTitleLabel) setupAsTitle]
0x10008b004	292	objc	UILabel+ADTitleLabel	-[UILabel(ADTitleLabel) setupAsMain]
0x10008b128	292	objc	UILabel+ADTitleLabel	-[UILabel(ADTitleLabel) setupAsInfo]
0x10008b24c	252	objc	UILabel+ADTitleLabel	-[UILabel(ADTitleLabel) playButtonSound]
0x10008b348	148	objc	OBLongPressDragDropGestureRecognizer	-[OBLongPressDragDropGestureRecognizer dealloc]
0x10008b3dc	16	objc	OBLongPressDragDropGestureRecognizer	-[OBLongPressDragDropGestureRecognizer ovum]
0x10008b3ec	56	objc	OBLongPressDragDropGestureRecognizer	-[OBLongPressDragDropGestureRecognizer setOvum:]
0x10008b424	16	objc	OBLongPressDragDropGestureRecognizer	-[OBLongPressDragDropGestureRecognizer ovumSource]
0x10008b434	16	objc	OBLongPressDragDropGestureRecognizer	-[OBLongPressDragDropGestureRecognizer setOvumSource:]
0x10008b444	20	objc	OBLongPressDragDropGestureRecognizer	-[OBLongPressDragDropGestureRecognizer .cxx_destruct]
0x10008b458	4	objc	ADStatsMultiCell_iPhone4STableViewCell	-[ADStatsMultiCell_iPhone4STableViewCell awakeFromNib]
0x10008b45c	648	objc	ADStatsMultiCell_iPhone4STableViewCell	-[ADStatsMultiCell_iPhone4STableViewCell populateWithSubtitleString:Values:]
0x10008b6e4	60	objc	ADStatsMultiCell_iPhone4STableViewCell	-[ADStatsMultiCell_iPhone4STableViewCell setSelected:animated:]
0x10008b720	16	objc	ADStatsMultiCell_iPhone4STableViewCell	-[ADStatsMultiCell_iPhone4STableViewCell killsLabel]
0x10008b730	56	objc	ADStatsMultiCell_iPhone4STableViewCell	-[ADStatsMultiCell_iPhone4STableViewCell setKillsLabel:]
0x10008b768	16	objc	ADStatsMultiCell_iPhone4STableViewCell	-[ADStatsMultiCell_iPhone4STableViewCell accuracyLabel]
0x10008b778	56	objc	ADStatsMultiCell_iPhone4STableViewCell	-[ADStatsMultiCell_iPhone4STableViewCell setAccuracyLabel:]
0x10008b7b0	16	objc	ADStatsMultiCell_iPhone4STableViewCell	-[ADStatsMultiCell_iPhone4STableViewCell killsValueLabel]
0x10008b7c0	56	objc	ADStatsMultiCell_iPhone4STableViewCell	-[ADStatsMultiCell_iPhone4STableViewCell setKillsValueLabel:]
0x10008b7f8	16	objc	ADStatsMultiCell_iPhone4STableViewCell	-[ADStatsMultiCell_iPhone4STableViewCell accuracyValueLabel]
0x10008b808	56	objc	ADStatsMultiCell_iPhone4STableViewCell	-[ADStatsMultiCell_iPhone4STableViewCell setAccuracyValueLabel:]
0x10008b840	16	objc	ADStatsMultiCell_iPhone4STableViewCell	-[ADStatsMultiCell_iPhone4STableViewCell subTitleLabel]
0x10008b850	56	objc	ADStatsMultiCell_iPhone4STableViewCell	-[ADStatsMultiCell_iPhone4STableViewCell setSubTitleLabel:]
0x10008b888	20	objc	ADStatsMultiCell_iPhone4STableViewCell	-[ADStatsMultiCell_iPhone4STableViewCell isEnemyCell]
0x10008b89c	16	objc	ADStatsMultiCell_iPhone4STableViewCell	-[ADStatsMultiCell_iPhone4STableViewCell setIsEnemyCell:]
0x10008b8ac	124	objc	ADStatsMultiCell_iPhone4STableViewCell	-[ADStatsMultiCell_iPhone4STableViewCell .cxx_destruct]
0x10008b928	140	objc	ADEncyclopediaItemLockedViewController	-[ADEncyclopediaItemLockedViewController initWithNibName:bundle:]
0x10008b9b4	292	objc	ADEncyclopediaItemLockedViewController	-[ADEncyclopediaItemLockedViewController handleTapForSound:]
0x10008bad8	100	block	ADEncyclopediaItemLockedViewController	-[ADEncyclopediaItemLockedViewController handleTapForSound:]_block_invoke
0x10008bb3c	8	sub	ADEncyclopediaItemLockedViewController	sub_10008bb3c
0x10008bb44	8	sub	ADEncyclopediaItemLockedViewController	sub_10008bb44
0x10008bb4c	312	objc	ADEncyclopediaItemLockedViewController	-[ADEncyclopediaItemLockedViewController initWithNibName:bundle:name:data:]
0x10008bc84	284	objc	ADEncyclopediaItemLockedViewController	-[ADEncyclopediaItemLockedViewController viewDidLoad]
0x10008bda0	536	objc	ADEncyclopediaItemLockedViewController	-[ADEncyclopediaItemLockedViewController loadView]
0x10008bfb8	748	objc	ADEncyclopediaItemLockedViewController	-[ADEncyclopediaItemLockedViewController populateViewWithData]
0x10008c2a4	164	objc	ADEncyclopediaItemLockedViewController	-[ADEncyclopediaItemLockedViewController viewDidAppear:]
0x10008c348	32	objc	ADEncyclopediaItemLockedViewController	-[ADEncyclopediaItemLockedViewController setSound:]
0x10008c368	60	objc	ADEncyclopediaItemLockedViewController	-[ADEncyclopediaItemLockedViewController didReceiveMemoryWarning]
0x10008c3a4	504	objc	ADEncyclopediaItemLockedViewController	-[ADEncyclopediaItemLockedViewController applyAccessibility]
0x10008c59c	16	objc	ADEncyclopediaItemLockedViewController	-[ADEncyclopediaItemLockedViewController closeDetailView]
0x10008c5ac	56	objc	ADEncyclopediaItemLockedViewController	-[ADEncyclopediaItemLockedViewController setCloseDetailView:]
0x10008c5e4	32	objc	ADEncyclopediaItemLockedViewController	-[ADEncyclopediaItemLockedViewController enemyNameLabel]
0x10008c604	20	objc	ADEncyclopediaItemLockedViewController	-[ADEncyclopediaItemLockedViewController setEnemyNameLabel:]
0x10008c618	32	objc	ADEncyclopediaItemLockedViewController	-[ADEncyclopediaItemLockedViewController unlockConditionLabel]
0x10008c638	20	objc	ADEncyclopediaItemLockedViewController	-[ADEncyclopediaItemLockedViewController setUnlockConditionLabel:]
0x10008c64c	16	objc	ADEncyclopediaItemLockedViewController	-[ADEncyclopediaItemLockedViewController rightArrow]
0x10008c65c	56	objc	ADEncyclopediaItemLockedViewController	-[ADEncyclopediaItemLockedViewController setRightArrow:]
0x10008c694	16	objc	ADEncyclopediaItemLockedViewController	-[ADEncyclopediaItemLockedViewController leftArrow]
0x10008c6a4	56	objc	ADEncyclopediaItemLockedViewController	-[ADEncyclopediaItemLockedViewController setLeftArrow:]
0x10008c6dc	16	objc	ADEncyclopediaItemLockedViewController	-[ADEncyclopediaItemLockedViewController audioButton]
0x10008c6ec	56	objc	ADEncyclopediaItemLockedViewController	-[ADEncyclopediaItemLockedViewController setAudioButton:]
0x10008c724	16	objc	ADEncyclopediaItemLockedViewController	-[ADEncyclopediaItemLockedViewController setupData]
0x10008c734	12	objc	ADEncyclopediaItemLockedViewController	-[ADEncyclopediaItemLockedViewController setSetupData:]
0x10008c740	16	objc	ADEncyclopediaItemLockedViewController	-[ADEncyclopediaItemLockedViewController enemyName]
0x10008c750	12	objc	ADEncyclopediaItemLockedViewController	-[ADEncyclopediaItemLockedViewController setEnemyName:]
0x10008c75c	16	objc	ADEncyclopediaItemLockedViewController	-[ADEncyclopediaItemLockedViewController enemySound]
0x10008c76c	12	objc	ADEncyclopediaItemLockedViewController	-[ADEncyclopediaItemLockedViewController setEnemySound:]
0x10008c778	196	objc	ADEncyclopediaItemLockedViewController	-[ADEncyclopediaItemLockedViewController .cxx_destruct]
0x10008c83c	3084	objc	ADStatsCell	-[ADStatsCell initWithStyle:reuseIdentifier:]
0x10008d448	952	objc	ADStatsCell	-[ADStatsCell addContainerViewConstraints]
0x10008d800	968	objc	ADStatsCell	-[ADStatsCell addKeyImageConstraintsToCell:]
0x10008dbc8	964	objc	ADStatsCell	-[ADStatsCell addValueImageConstraintsToCell]
0x10008df8c	964	objc	ADStatsCell	-[ADStatsCell addKeyLabelConstraints]
0x10008e350	964	objc	ADStatsCell	-[ADStatsCell addValueLabelConstraints]
0x10008e714	424	objc	ADStatsCell	-[ADStatsCell keyLabelSize:]
0x10008e8bc	60	objc	ADStatsCell	-[ADStatsCell setSelected:animated:]
0x10008e8f8	16	objc	ADStatsCell	-[ADStatsCell keyLabel]
0x10008e908	12	objc	ADStatsCell	-[ADStatsCell setKeyLabel:]
0x10008e914	16	objc	ADStatsCell	-[ADStatsCell valueLabel]
0x10008e924	12	objc	ADStatsCell	-[ADStatsCell setValueLabel:]
0x10008e930	16	objc	ADStatsCell	-[ADStatsCell containerView]
0x10008e940	12	objc	ADStatsCell	-[ADStatsCell setContainerView:]
0x10008e94c	16	objc	ADStatsCell	-[ADStatsCell backgroundKeyView]
0x10008e95c	12	objc	ADStatsCell	-[ADStatsCell setBackgroundKeyView:]
0x10008e968	16	objc	ADStatsCell	-[ADStatsCell backgroundValueView]
0x10008e978	12	objc	ADStatsCell	-[ADStatsCell setBackgroundValueView:]
0x10008e984	124	objc	ADStatsCell	-[ADStatsCell .cxx_destruct]
0x10008ea00	612	objc	ADArmoryShopViewController	-[ADArmoryShopViewController viewDidLoad]
0x10008ec64	220	objc	ADArmoryShopViewController	-[ADArmoryShopViewController dealloc]
0x10008ed40	260	objc	ADArmoryShopViewController	-[ADArmoryShopViewController loadView]
0x10008ee44	140	objc	ADArmoryShopViewController	-[ADArmoryShopViewController tableView:heightForRowAtIndexPath:]
0x10008eed0	8	objc	ADArmoryShopViewController	-[ADArmoryShopViewController numberOfSectionsInTableView:]
0x10008eed8	184	objc	ADArmoryShopViewController	-[ADArmoryShopViewController tableView:numberOfRowsInSection:]
0x10008ef90	6500	objc	ADArmoryShopViewController	-[ADArmoryShopViewController tableView:cellForRowAtIndexPath:]
0x1000908f4	100	objc	ADArmoryShopViewController	-[ADArmoryShopViewController handleWeaponUpgrade:]
0x100090958	252	objc	ADArmoryShopViewController	-[ADArmoryShopViewController playSound]
0x100090a54	476	objc	ADArmoryShopViewController	-[ADArmoryShopViewController tableView:didSelectRowAtIndexPath:]
0x100090c30	820	objc	ADArmoryShopViewController	-[ADArmoryShopViewController showAccessibleDetailViewForWeaponWithName:]
0x100090f64	172	objc	ADArmoryShopViewController	-[ADArmoryShopViewController viewWillLayoutSubviews]
0x100091010	16	objc	ADArmoryShopViewController	-[ADArmoryShopViewController tableView]
0x100091020	56	objc	ADArmoryShopViewController	-[ADArmoryShopViewController setTableView:]
0x100091058	32	objc	ADArmoryShopViewController	-[ADArmoryShopViewController armoryViewController]
0x100091078	20	objc	ADArmoryShopViewController	-[ADArmoryShopViewController setArmoryViewController:]
0x10009108c	16	objc	ADArmoryShopViewController	-[ADArmoryShopViewController weaponReverseLookUp]
0x10009109c	12	objc	ADArmoryShopViewController	-[ADArmoryShopViewController setWeaponReverseLookUp:]
0x1000910a8	100	objc	ADArmoryShopViewController	-[ADArmoryShopViewController .cxx_destruct]
0x10009110c	60	objc	ADChallengeDescription	-[ADChallengeDescription initWithFrame:]
0x100091148	92	objc	ADChallengeDescription	-[ADChallengeDescription awakeFromNib]
0x1000911a4	92	objc	ADChallengeDescription	-[ADChallengeDescription didMoveToSuperview]
0x100091200	828	objc	ADChallengeDescription	-[ADChallengeDescription updateLayout]
0x10009153c	360	objc	ADChallengeDescription	-[ADChallengeDescription setText:]
0x1000916a4	112	objc	ADChallengeDescription	-[ADChallengeDescription isIphone]
0x100091714	16	objc	ADChallengeDescription	-[ADChallengeDescription fontSize]
0x100091724	56	objc	ADChallengeDescription	-[ADChallengeDescription setFontSize:]
0x10009175c	20	objc	ADChallengeDescription	-[ADChallengeDescription .cxx_destruct]
0x100091770	240	objc	ADFireworksPowerUp	-[ADFireworksPowerUp preload]
0x100091860	1464	objc	ADFireworksPowerUp	-[ADFireworksPowerUp use]
0x100091e18	204	objc	ADFireworksPowerUp	-[ADFireworksPowerUp update:]
0x100091ee4	152	objc	ADFireworksPowerUp	-[ADFireworksPowerUp randomizeNextExplosionTime]
0x100091f7c	840	objc	ADFireworksPowerUp	-[ADFireworksPowerUp playRandomExplosion]
0x1000922c4	388	objc	ADFireworksPowerUp	-[ADFireworksPowerUp clean]
0x100092448	20	objc	ADFireworksPowerUp	-[ADFireworksPowerUp dispersal]
0x10009245c	20	objc	ADFireworksPowerUp	-[ADFireworksPowerUp setDispersal:]
0x100092470	20	objc	ADFireworksPowerUp	-[ADFireworksPowerUp radius]
0x100092484	20	objc	ADFireworksPowerUp	-[ADFireworksPowerUp setRadius:]
0x100092498	20	objc	ADFireworksPowerUp	-[ADFireworksPowerUp damages]
0x1000924ac	20	objc	ADFireworksPowerUp	-[ADFireworksPowerUp setDamages:]
0x1000924c0	196	objc	Reachability	+[Reachability reachabilityWithHostName:]
0x100092584	128	objc	Reachability	+[Reachability reachabilityWithAddress:]
0x100092604	104	objc	Reachability	+[Reachability reachabilityForInternetConnection]
0x10009266c	132	objc	Reachability	+[Reachability reachabilityForLocalWiFi]
0x1000926f0	128	objc	Reachability	-[Reachability startNotifier]
0x100092770	156	block	Reachability	-[Reachability startNotifier]_block_invoke
0x10009280c	76	objc	Reachability	-[Reachability stopNotifier]
0x100092858	160	objc	Reachability	-[Reachability dealloc]
0x1000928f8	60	objc	Reachability	-[Reachability localWiFiStatusForFlags:]
0x100092934	168	sub	Reachability	sub_100092934
0x1000929dc	104	objc	Reachability	-[Reachability networkStatusForFlags:]
0x100092a44	64	objc	Reachability	-[Reachability connectionRequired]
0x100092a84	120	objc	Reachability	-[Reachability currentReachabilityStatus]
0x100092afc	452	objc	ADArmoryWeaponDescriptionViewController	-[ADArmoryWeaponDescriptionViewController initWithWeaponDictionary:]
0x100092cc0	656	objc	ADArmoryWeaponDescriptionViewController	-[ADArmoryWeaponDescriptionViewController viewDidLoad]
0x100092f50	1408	objc	ADArmoryWeaponDescriptionViewController	-[ADArmoryWeaponDescriptionViewController loadView]
0x1000934d0	672	objc	ADArmoryWeaponDescriptionViewController	-[ADArmoryWeaponDescriptionViewController viewWillAppear:]
0x100093770	92	objc	ADArmoryWeaponDescriptionViewController	-[ADArmoryWeaponDescriptionViewController handleBackActionFromStatusBar]
0x1000937cc	1048	objc	ADArmoryWeaponDescriptionViewController	-[ADArmoryWeaponDescriptionViewController initForCurrentLevel]
0x100093be4	1920	objc	ADArmoryWeaponDescriptionViewController	-[ADArmoryWeaponDescriptionViewController setStatBars]
0x100094364	1700	objc	ADArmoryWeaponDescriptionViewController	-[ADArmoryWeaponDescriptionViewController checkLock]
0x100094a08	32	objc	ADArmoryWeaponDescriptionViewController	-[ADArmoryWeaponDescriptionViewController cancelBuyOrUpgradeButtonPressed:]
0x100094a28	3920	objc	ADArmoryWeaponDescriptionViewController	-[ADArmoryWeaponDescriptionViewController buyOrUpgradeButtonPressed:]
0x100095978	288	block	ADArmoryWeaponDescriptionViewController	-[ADArmoryWeaponDescriptionViewController buyOrUpgradeButtonPressed:]_block_invoke
0x100095a98	8	sub	ADArmoryWeaponDescriptionViewController	sub_100095a98
0x100095aa0	8	sub	ADArmoryWeaponDescriptionViewController	sub_100095aa0
0x100095aa8	232	block	ADArmoryWeaponDescriptionViewController	-[ADArmoryWeaponDescriptionViewController buyOrUpgradeButtonPressed:]_block_invoke_2
0x100095b90	8	sub	ADArmoryWeaponDescriptionViewController	sub_100095b90
0x100095b98	8	sub	ADArmoryWeaponDescriptionViewController	sub_100095b98
0x100095ba0	308	objc	ADArmoryWeaponDescriptionViewController	-[ADArmoryWeaponDescriptionViewController showNextLevel]
0x100095cd4	2908	objc	ADArmoryWeaponDescriptionViewController	-[ADArmoryWeaponDescriptionViewController upgradeToNextLevel]
0x100096830	20	block	ADArmoryWeaponDescriptionViewController	-[ADArmoryWeaponDescriptionViewController upgradeToNextLevel]_block_invoke
0x100096844	8	sub	ADArmoryWeaponDescriptionViewController	sub_100096844
0x10009684c	8	sub	ADArmoryWeaponDescriptionViewController	sub_10009684c
0x100096854	20	block	ADArmoryWeaponDescriptionViewController	-[ADArmoryWeaponDescriptionViewController upgradeToNextLevel]_block_invoke_2
0x100096868	8	sub	ADArmoryWeaponDescriptionViewController	sub_100096868
0x100096870	8	sub	ADArmoryWeaponDescriptionViewController	sub_100096870
0x100096878	1056	objc	ADArmoryWeaponDescriptionViewController	-[ADArmoryWeaponDescriptionViewController checkEquipButtons]
0x100096c98	300	objc	ADArmoryWeaponDescriptionViewController	-[ADArmoryWeaponDescriptionViewController equipSlot1ButtonPressed:]
0x100096dc4	300	objc	ADArmoryWeaponDescriptionViewController	-[ADArmoryWeaponDescriptionViewController equipSlot2ButtonPressed:]
0x100096ef0	492	objc	ADArmoryWeaponDescriptionViewController	-[ADArmoryWeaponDescriptionViewController dealloc]
0x1000970dc	16	objc	ADArmoryWeaponDescriptionViewController	-[ADArmoryWeaponDescriptionViewController damagesView]
0x1000970ec	56	objc	ADArmoryWeaponDescriptionViewController	-[ADArmoryWeaponDescriptionViewController setDamagesView:]
0x100097124	16	objc	ADArmoryWeaponDescriptionViewController	-[ADArmoryWeaponDescriptionViewController capacityView]
0x100097134	56	objc	ADArmoryWeaponDescriptionViewController	-[ADArmoryWeaponDescriptionViewController setCapacityView:]
0x10009716c	16	objc	ADArmoryWeaponDescriptionViewController	-[ADArmoryWeaponDescriptionViewController reloadSpeedView]
0x10009717c	56	objc	ADArmoryWeaponDescriptionViewController	-[ADArmoryWeaponDescriptionViewController setReloadSpeedView:]
0x1000971b4	16	objc	ADArmoryWeaponDescriptionViewController	-[ADArmoryWeaponDescriptionViewController fireRateView]
0x1000971c4	56	objc	ADArmoryWeaponDescriptionViewController	-[ADArmoryWeaponDescriptionViewController setFireRateView:]
0x1000971fc	16	objc	ADArmoryWeaponDescriptionViewController	-[ADArmoryWeaponDescriptionViewController levelImage]
0x10009720c	56	objc	ADArmoryWeaponDescriptionViewController	-[ADArmoryWeaponDescriptionViewController setLevelImage:]
0x100097244	16	objc	ADArmoryWeaponDescriptionViewController	-[ADArmoryWeaponDescriptionViewController lockImage]
0x100097254	56	objc	ADArmoryWeaponDescriptionViewController	-[ADArmoryWeaponDescriptionViewController setLockImage:]
0x10009728c	16	objc	ADArmoryWeaponDescriptionViewController	-[ADArmoryWeaponDescriptionViewController cancelBuyOrUpgradeButton]
0x10009729c	56	objc	ADArmoryWeaponDescriptionViewController	-[ADArmoryWeaponDescriptionViewController setCancelBuyOrUpgradeButton:]
0x1000972d4	16	objc	ADArmoryWeaponDescriptionViewController	-[ADArmoryWeaponDescriptionViewController shopInfoTextView]
0x1000972e4	56	objc	ADArmoryWeaponDescriptionViewController	-[ADArmoryWeaponDescriptionViewController setShopInfoTextView:]
0x10009731c	16	objc	ADArmoryWeaponDescriptionViewController	-[ADArmoryWeaponDescriptionViewController equip1Button]
0x10009732c	56	objc	ADArmoryWeaponDescriptionViewController	-[ADArmoryWeaponDescriptionViewController setEquip1Button:]
0x100097364	16	objc	ADArmoryWeaponDescriptionViewController	-[ADArmoryWeaponDescriptionViewController equip2Button]
0x100097374	56	objc	ADArmoryWeaponDescriptionViewController	-[ADArmoryWeaponDescriptionViewController setEquip2Button:]
0x1000973ac	16	objc	ADArmoryWeaponDescriptionViewController	-[ADArmoryWeaponDescriptionViewController hideEquipButtons]
0x1000973bc	16	objc	ADArmoryWeaponDescriptionViewController	-[ADArmoryWeaponDescriptionViewController setHideEquipButtons:]
0x1000973cc	16	objc	ADArmoryWeaponDescriptionViewController	-[ADArmoryWeaponDescriptionViewController damamgesLabel]
0x1000973dc	56	objc	ADArmoryWeaponDescriptionViewController	-[ADArmoryWeaponDescriptionViewController setDamamgesLabel:]
0x100097414	16	objc	ADArmoryWeaponDescriptionViewController	-[ADArmoryWeaponDescriptionViewController capacityLabel]
0x100097424	56	objc	ADArmoryWeaponDescriptionViewController	-[ADArmoryWeaponDescriptionViewController setCapacityLabel:]
0x10009745c	16	objc	ADArmoryWeaponDescriptionViewController	-[ADArmoryWeaponDescriptionViewController effectiveAngleLabel]
0x10009746c	56	objc	ADArmoryWeaponDescriptionViewController	-[ADArmoryWeaponDescriptionViewController setEffectiveAngleLabel:]
0x1000974a4	384	objc	ADArmoryWeaponDescriptionViewController	-[ADArmoryWeaponDescriptionViewController .cxx_destruct]
0x100097624	240	objc	ADTornadoPowerUp	-[ADTornadoPowerUp preload]
0x100097714	988	objc	ADTornadoPowerUp	-[ADTornadoPowerUp use]
0x100097af0	172	objc	ADTornadoPowerUp	-[ADTornadoPowerUp update:]
0x100097b9c	140	objc	ADTornadoPowerUp	-[ADTornadoPowerUp randomizeNextWindTime]
0x100097c28	480	objc	ADTornadoPowerUp	-[ADTornadoPowerUp playRandomWind]
0x100097e08	92	objc	ADTornadoPowerUp	-[ADTornadoPowerUp clean]
0x100097e64	152	objc	ADAmbientManager	+[ADAmbientManager sharedAmbiantManager]
0x100097efc	264	objc	ADAmbientManager	-[ADAmbientManager startWithRandomAmbient]
0x100098004	1188	objc	ADAmbientManager	-[ADAmbientManager startWithambient:gain:]
0x1000984a8	608	block	ADAmbientManager	-[ADAmbientManager startWithambient:gain:]_block_invoke
0x100098708	8	sub	ADAmbientManager	sub_100098708
0x100098710	8	sub	ADAmbientManager	sub_100098710
0x100098718	224	objc	ADAmbientManager	-[ADAmbientManager startBaseSound]
0x1000987f8	132	objc	ADAmbientManager	-[ADAmbientManager randomPositionAtDistance:]
0x10009887c	760	objc	ADAmbientManager	-[ADAmbientManager update:]
0x100098b74	156	objc	ADAmbientManager	-[ADAmbientManager randomPosition]
0x100098c10	304	objc	ADAmbientManager	-[ADAmbientManager stopAmbient]
0x100098d40	120	objc	ADAmbientManager	-[ADAmbientManager randomiseNextStormTime]
0x100098db8	164	objc	ADAmbientManager	-[ADAmbientManager playThunder]
0x100098e5c	236	objc	ADAmbientManager	-[ADAmbientManager initEnemiesAmbiant]
0x100098f48	32	objc	ADAmbientManager	-[ADAmbientManager enemyWithAmbiantNameAppeared:]
0x100098f68	32	objc	ADAmbientManager	-[ADAmbientManager enemyWithAmbiantNameKilled:]
0x100098f88	32	objc	ADAmbientManager	-[ADAmbientManager brickWithAmbiantStarted:]
0x100098fa8	32	objc	ADAmbientManager	-[ADAmbientManager brickWithAmbiantCleared:]
0x100098fc8	380	objc	ADAmbientManager	-[ADAmbientManager playEnemyAmbiantWithName:forceStop:]
0x100099144	28	objc	ADAmbientManager	-[ADAmbientManager stopAmbiant]
0x100099160	660	objc	ADAmbientManager	-[ADAmbientManager enemyWithCurrentAmbiantIsAlive]
0x1000993f4	80	objc	ADAmbientManager	-[ADAmbientManager stopEnemiesAmbientAndResetCount]
0x100099444	1252	objc	ADAmbientManager	-[ADAmbientManager checkAmbiant]
0x100099928	192	objc	ADAmbientManager	-[ADAmbientManager pause]
0x1000999e8	132	objc	ADAmbientManager	-[ADAmbientManager resume]
0x100099a6c	32	objc	ADAmbientManager	-[ADAmbientManager gameplayViewController]
0x100099a8c	20	objc	ADAmbientManager	-[ADAmbientManager setGameplayViewController:]
0x100099aa0	16	objc	ADAmbientManager	-[ADAmbientManager playlist]
0x100099ab0	56	objc	ADAmbientManager	-[ADAmbientManager setPlaylist:]
0x100099ae8	16	objc	ADAmbientManager	-[ADAmbientManager stormPLaylist]
0x100099af8	56	objc	ADAmbientManager	-[ADAmbientManager setStormPLaylist:]
0x100099b30	16	objc	ADAmbientManager	-[ADAmbientManager ambient_sound]
0x100099b40	56	objc	ADAmbientManager	-[ADAmbientManager setAmbient_sound:]
0x100099b78	240	objc	ADAmbientManager	-[ADAmbientManager .cxx_destruct]
0x100099c68	280	objc	Accessible_ADGameOverEndlessViewController	-[Accessible_ADGameOverEndlessViewController initWithNibName:bundle:]
0x100099d80	4	objc	Accessible_ADGameOverEndlessViewController	-[Accessible_ADGameOverEndlessViewController initMissions]
0x100099d84	460	objc	Accessible_ADGameOverEndlessViewController	-[Accessible_ADGameOverEndlessViewController loadView]
0x100099f50	992	objc	Accessible_ADGameOverEndlessViewController	-[Accessible_ADGameOverEndlessViewController viewDidLoad]
0x10009a330	160	objc	Accessible_ADGameOverEndlessViewController	-[Accessible_ADGameOverEndlessViewController backButtonPressed]
0x10009a3d0	396	objc	Accessible_ADGameOverEndlessViewController	-[Accessible_ADGameOverEndlessViewController tableView:willDisplayCell:forRowAtIndexPath:]
0x10009a55c	140	objc	Accessible_ADGameOverEndlessViewController	-[Accessible_ADGameOverEndlessViewController tableView:heightForRowAtIndexPath:]
0x10009a5e8	140	objc	Accessible_ADGameOverEndlessViewController	-[Accessible_ADGameOverEndlessViewController tableView:heightForHeaderInSection:]
0x10009a674	28	objc	Accessible_ADGameOverEndlessViewController	-[Accessible_ADGameOverEndlessViewController tableView:numberOfRowsInSection:]
0x10009a690	524	objc	Accessible_ADGameOverEndlessViewController	-[Accessible_ADGameOverEndlessViewController tableView:viewForHeaderInSection:]
0x10009a89c	8	objc	Accessible_ADGameOverEndlessViewController	-[Accessible_ADGameOverEndlessViewController numberOfSectionsInTableView:]
0x10009a8a4	476	objc	Accessible_ADGameOverEndlessViewController	-[Accessible_ADGameOverEndlessViewController tableView:cellForRowAtIndexPath:]
0x10009aa80	820	objc	Accessible_ADGameOverEndlessViewController	-[Accessible_ADGameOverEndlessViewController cellForRewardsAtIndex:]
0x10009adb4	1200	objc	Accessible_ADGameOverEndlessViewController	-[Accessible_ADGameOverEndlessViewController cellForMissionAtIndex:]
0x10009b264	708	objc	Accessible_ADGameOverEndlessViewController	-[Accessible_ADGameOverEndlessViewController skipMission:]
0x10009b528	104	block	Accessible_ADGameOverEndlessViewController	-[Accessible_ADGameOverEndlessViewController skipMission:]_block_invoke
0x10009b590	8	sub	Accessible_ADGameOverEndlessViewController	sub_10009b590
0x10009b598	8	sub	Accessible_ADGameOverEndlessViewController	sub_10009b598
0x10009b5a0	556	objc	Accessible_ADGameOverEndlessViewController	-[Accessible_ADGameOverEndlessViewController cellForMissionCompletedAtIndex:]
0x10009b7cc	1704	objc	Accessible_ADGameOverEndlessViewController	-[Accessible_ADGameOverEndlessViewController cellForStatsAtIndex:]
0x10009be74	224	objc	Accessible_ADGameOverEndlessViewController	-[Accessible_ADGameOverEndlessViewController timeStringFromSeconds:]
0x10009bf54	164	objc	Accessible_ADGameOverEndlessViewController	-[Accessible_ADGameOverEndlessViewController playAgainButtonPressed:]
0x10009bff8	40	objc	Accessible_ADGameOverEndlessViewController	-[Accessible_ADGameOverEndlessViewController accessibilityPerformMagicTap]
0x10009c020	168	objc	Accessible_ADGameOverEndlessViewController	-[Accessible_ADGameOverEndlessViewController viewWillAppear:]
0x10009c0c8	4	objc	Accessible_ADGameOverEndlessViewController	-[Accessible_ADGameOverEndlessViewController scrollViewDidScroll:]
0x10009c0cc	696	objc	Accessible_ADGameOverEndlessViewController	-[Accessible_ADGameOverEndlessViewController AccessibleTwitterButtonPressed:]
0x10009c384	16	objc	Accessible_ADGameOverEndlessViewController	-[Accessible_ADGameOverEndlessViewController completedMissions]
0x10009c394	56	objc	Accessible_ADGameOverEndlessViewController	-[Accessible_ADGameOverEndlessViewController setCompletedMissions:]
0x10009c3cc	16	objc	Accessible_ADGameOverEndlessViewController	-[Accessible_ADGameOverEndlessViewController tableView]
0x10009c3dc	56	objc	Accessible_ADGameOverEndlessViewController	-[Accessible_ADGameOverEndlessViewController setTableView:]
0x10009c414	16	objc	Accessible_ADGameOverEndlessViewController	-[Accessible_ADGameOverEndlessViewController enemyData]
0x10009c424	56	objc	Accessible_ADGameOverEndlessViewController	-[Accessible_ADGameOverEndlessViewController setEnemyData:]
0x10009c45c	84	objc	Accessible_ADGameOverEndlessViewController	-[Accessible_ADGameOverEndlessViewController .cxx_destruct]
0x10009c4b0	868	objc	ADInfiniteScrollView	-[ADInfiniteScrollView awakeFromNib]
0x10009c814	176	objc	ADInfiniteScrollView	-[ADInfiniteScrollView scrollViewDidScroll:]
0x10009c8c4	100	objc	ADInfiniteScrollView	-[ADInfiniteScrollView scrollViewWillBeginDecelerating:]
0x10009c928	268	objc	ADInfiniteScrollView	-[ADInfiniteScrollView adjustOffset]
0x10009ca34	284	objc	ADInfiniteScrollView	-[ADInfiniteScrollView sendOffsetToDelegate]
0x10009cb50	436	objc	ADInfiniteScrollView	-[ADInfiniteScrollView controlSchemeChanged]
0x10009cd04	100	objc	ADInfiniteScrollView	-[ADInfiniteScrollView disableGyro]
0x10009cd68	100	objc	ADInfiniteScrollView	-[ADInfiniteScrollView enableGyro]
0x10009cdcc	540	objc	ADInfiniteScrollView	-[ADInfiniteScrollView update]
0x10009cfe8	352	objc	ADInfiniteScrollView	-[ADInfiniteScrollView tiltDidMoveFromAngle:]
0x10009d148	304	objc	ADInfiniteScrollView	-[ADInfiniteScrollView gyroDidMoveFromAngle:]
0x10009d278	220	objc	ADInfiniteScrollView	-[ADInfiniteScrollView playerSwiped:]
0x10009d354	208	objc	ADInfiniteScrollView	-[ADInfiniteScrollView dealloc]
0x10009d424	16	objc	ADInfiniteScrollView	-[ADInfiniteScrollView imageName]
0x10009d434	56	objc	ADInfiniteScrollView	-[ADInfiniteScrollView setImageName:]
0x10009d46c	64	objc	ADInfiniteScrollView	-[ADInfiniteScrollView .cxx_destruct]
0x10009d4ac	240	objc	ADAirStrikePowerUp	-[ADAirStrikePowerUp preload]
0x10009d59c	472	objc	ADAirStrikePowerUp	-[ADAirStrikePowerUp use]
0x10009d774	204	objc	ADAirStrikePowerUp	-[ADAirStrikePowerUp update:]
0x10009d840	100	objc	ADAirStrikePowerUp	-[ADAirStrikePowerUp randomizeNextExplosionTime]
0x10009d8a4	956	objc	ADAirStrikePowerUp	-[ADAirStrikePowerUp playRandomExplosion]
0x10009dc60	324	objc	ADAirStrikePowerUp	-[ADAirStrikePowerUp clean]
0x10009dda4	20	objc	ADAirStrikePowerUp	-[ADAirStrikePowerUp dispersal]
0x10009ddb8	20	objc	ADAirStrikePowerUp	-[ADAirStrikePowerUp setDispersal:]
0x10009ddcc	20	objc	ADAirStrikePowerUp	-[ADAirStrikePowerUp radius]
0x10009dde0	20	objc	ADAirStrikePowerUp	-[ADAirStrikePowerUp setRadius:]
0x10009ddf4	20	objc	ADAirStrikePowerUp	-[ADAirStrikePowerUp damages]
0x10009de08	20	objc	ADAirStrikePowerUp	-[ADAirStrikePowerUp setDamages:]
0x10009de1c	16	objc	ADAirStrikePowerUp	-[ADAirStrikePowerUp numberOfExplosions]
0x10009de2c	16	objc	ADAirStrikePowerUp	-[ADAirStrikePowerUp setNumberOfExplosions:]
0x10009de3c	152	objc	ADLogoScreenViewController	-[ADLogoScreenViewController viewDidLoad]
0x10009ded4	28	objc	ADLogoScreenViewController	-[ADLogoScreenViewController loadView]
0x10009def0	260	objc	ADLogoScreenViewController	-[ADLogoScreenViewController viewDidAppear:]
0x10009dff4	100	block	ADLogoScreenViewController	-[ADLogoScreenViewController viewDidAppear:]_block_invoke
0x10009e058	8	sub	ADLogoScreenViewController	sub_10009e058
0x10009e060	8	sub	ADLogoScreenViewController	sub_10009e060
0x10009e068	80	block	ADLogoScreenViewController	-[ADLogoScreenViewController viewDidAppear:]_block_invoke_2
0x10009e0b8	8	sub	ADLogoScreenViewController	sub_10009e0b8
0x10009e0c0	8	sub	ADLogoScreenViewController	sub_10009e0c0
0x10009e0c8	60	objc	ADLogoScreenViewController	-[ADLogoScreenViewController didReceiveMemoryWarning]
0x10009e104	80	objc	ADLogoScreenViewController	-[ADLogoScreenViewController fireTimer]
0x10009e154	156	objc	ADLogoScreenViewController	-[ADLogoScreenViewController moveToOpener]
0x10009e1f0	100	block	ADLogoScreenViewController	-[ADLogoScreenViewController moveToOpener]_block_invoke
0x10009e254	8	sub	ADLogoScreenViewController	sub_10009e254
0x10009e25c	8	sub	ADLogoScreenViewController	sub_10009e25c
0x10009e264	292	block	ADLogoScreenViewController	-[ADLogoScreenViewController moveToOpener]_block_invoke_2
0x10009e388	16	objc	ADLogoScreenViewController	-[ADLogoScreenViewController logo]
0x10009e398	56	objc	ADLogoScreenViewController	-[ADLogoScreenViewController setLogo:]
0x10009e3d0	20	objc	ADLogoScreenViewController	-[ADLogoScreenViewController .cxx_destruct]
0x10009e3e4	12	objc	UIView+OBDragDropManager	-[UIView(OBDragDropManager) dropZoneHandler]
0x10009e3f0	32	objc	UIView+OBDragDropManager	-[UIView(OBDragDropManager) setDropZoneHandler:]
0x10009e410	192	objc	UIView+OBDragDropManager	-[UIView(OBDragDropManager) hasParentView:]
0x10009e4d0	500	objc	ADAccessibilityTableHeaderLabel	-[ADAccessibilityTableHeaderLabel initWithFrame:]
0x10009e6c4	4	objc	ADStatsCell_iPodTouch	-[ADStatsCell_iPodTouch awakeFromNib]
0x10009e6c8	60	objc	ADStatsCell_iPodTouch	-[ADStatsCell_iPodTouch setSelected:animated:]
0x10009e704	16	objc	ADStatsCell_iPodTouch	-[ADStatsCell_iPodTouch placeholderKey]
0x10009e714	56	objc	ADStatsCell_iPodTouch	-[ADStatsCell_iPodTouch setPlaceholderKey:]
0x10009e74c	16	objc	ADStatsCell_iPodTouch	-[ADStatsCell_iPodTouch placeholderValue]
0x10009e75c	56	objc	ADStatsCell_iPodTouch	-[ADStatsCell_iPodTouch setPlaceholderValue:]
0x10009e794	64	objc	ADStatsCell_iPodTouch	-[ADStatsCell_iPodTouch .cxx_destruct]
0x10009e7d4	684	objc	ADSingleEnemyBrickLoader	+[ADSingleEnemyBrickLoader loadBrickWithSingleEnemyName:]
0x10009ea80	2036	objc	ADBrick	-[ADBrick initBrickWithName:]
0x10009f274	588	objc	ADBrick	-[ADBrick initSounds]
0x10009f4c0	420	block	ADBrick	-[ADBrick initSounds]_block_invoke
0x10009f664	40	sub	ADBrick	sub_10009f664
0x10009f68c	40	sub	ADBrick	sub_10009f68c
0x10009f6b4	1508	objc	ADBrick	-[ADBrick initPassersBy]
0x10009fc98	340	objc	ADBrick	-[ADBrick activateAllPlaylists]
0x10009fdec	380	objc	ADBrick	-[ADBrick loadPLaylistWithName:]
0x10009ff68	16	block	ADBrick	-[ADBrick loadPLaylistWithName:]_block_invoke
0x10009ff78	8	block	ADBrick	-[ADBrick loadPLaylistWithName:]_block_invoke_2
0x10009ff80	44	block	ADBrick	-[ADBrick loadPLaylistWithName:]_block_invoke_3
0x10009ffac	16	sub	ADBrick	sub_10009ffac
0x10009ffbc	12	sub	ADBrick	sub_10009ffbc
0x10009ffc8	840	objc	ADBrick	-[ADBrick activatePLaylistsNotInSet:]
0x1000a0310	592	objc	ADBrick	-[ADBrick randomTip]
0x1000a0560	540	objc	ADBrick	-[ADBrick deactivatePlaylistsFromSet:]
0x1000a077c	44	block	ADBrick	-[ADBrick deactivatePlaylistsFromSet:]_block_invoke
0x1000a07a8	8	sub	ADBrick	sub_1000a07a8
0x1000a07b0	8	sub	ADBrick	sub_1000a07b0
0x1000a07b8	592	objc	ADBrick	-[ADBrick deactivateAllPlaylists]
0x1000a0a08	4	block	ADBrick	-[ADBrick deactivateAllPlaylists]_block_invoke
0x1000a0a0c	8	sub	ADBrick	sub_1000a0a0c
0x1000a0a14	8	sub	ADBrick	sub_1000a0a14
0x1000a0a1c	472	objc	ADBrick	-[ADBrick onPlaylistActivated:]
0x1000a0bf4	400	objc	ADBrick	-[ADBrick checkAllPlaylistsAreLoaded]
0x1000a0d84	16	objc	ADBrick	-[ADBrick enemies]
0x1000a0d94	316	objc	ADBrick	-[ADBrick clearEnemies]
0x1000a0ed0	1204	objc	ADBrick	-[ADBrick update:]
0x1000a1384	500	objc	ADBrick	-[ADBrick stopAllEnemiesAfterPlayerDeath]
0x1000a1578	224	objc	ADBrick	-[ADBrick stopBrickAmbiant]
0x1000a1658	932	objc	ADBrick	-[ADBrick brickIsCleared]
0x1000a19fc	1712	objc	ADBrick	-[ADBrick checkSpawnOnStart:]
0x1000a20ac	2744	objc	ADBrick	-[ADBrick checkSpawnAfterKill:skipped:]
0x1000a2b64	308	objc	ADBrick	-[ADBrick stopAllSounds]
0x1000a2c98	424	objc	ADBrick	-[ADBrick hasSkippableSoundsPlaying]
0x1000a2e40	380	objc	ADBrick	-[ADBrick skipAllSkippableSounds]
0x1000a2fbc	520	objc	ADBrick	-[ADBrick pause]
0x1000a31c4	520	objc	ADBrick	-[ADBrick resume]
0x1000a33cc	104	objc	ADBrick	-[ADBrick clean]
0x1000a3434	16	objc	ADBrick	-[ADBrick tag]
0x1000a3444	16	objc	ADBrick	-[ADBrick setTag:]
0x1000a3454	16	objc	ADBrick	-[ADBrick name]
0x1000a3464	56	objc	ADBrick	-[ADBrick setName:]
0x1000a349c	16	objc	ADBrick	-[ADBrick ambiantName]
0x1000a34ac	56	objc	ADBrick	-[ADBrick setAmbiantName:]
0x1000a34e4	16	objc	ADBrick	-[ADBrick playlists]
0x1000a34f4	56	objc	ADBrick	-[ADBrick setPlaylists:]
0x1000a352c	224	objc	ADBrick	-[ADBrick .cxx_destruct]
0x1000a360c	480	objc	ADGameParameters	-[ADGameParameters init]
0x1000a37ec	140	block	ADGameParameters	-[ADGameParameters init]_block_invoke
0x1000a3878	152	objc	ADGameParameters	+[ADGameParameters sharedParameters]
0x1000a3910	320	objc	ADGameParameters	-[ADGameParameters isIphone]
0x1000a3a50	156	objc	ADGameParameters	-[ADGameParameters setButtonMode:]
0x1000a3aec	180	objc	ADGameParameters	-[ADGameParameters lastButtonMode]
0x1000a3ba0	256	objc	ADGameParameters	-[ADGameParameters setMasterGain:]
0x1000a3ca0	260	objc	ADGameParameters	-[ADGameParameters lastMasterGain]
0x1000a3da4	188	objc	ADGameParameters	-[ADGameParameters setAnnouncer:]
0x1000a3e60	228	objc	ADGameParameters	-[ADGameParameters lastAnnouncerValue]
0x1000a3f44	204	objc	ADGameParameters	-[ADGameParameters setLastGoodNews:]
0x1000a4010	236	objc	ADGameParameters	-[ADGameParameters timeSinceLastGoodNews]
0x1000a40fc	160	objc	ADGameParameters	-[ADGameParameters setControlScheme:]
0x1000a419c	160	objc	ADGameParameters	-[ADGameParameters setSensivity:]
0x1000a423c	288	objc	ADGameParameters	-[ADGameParameters lastSensivity]
0x1000a435c	160	objc	ADGameParameters	-[ADGameParameters setDebugMapVisible:]
0x1000a43fc	236	objc	ADGameParameters	-[ADGameParameters lastDebugMapVisible]
0x1000a44e8	232	objc	ADGameParameters	-[ADGameParameters lastControlScheme]
0x1000a45d0	180	objc	ADGameParameters	-[ADGameParameters isHeadsetPluggedIn]
0x1000a4684	16	objc	ADGameParameters	-[ADGameParameters controlScheme]
0x1000a4694	16	objc	ADGameParameters	-[ADGameParameters sensivity]
0x1000a46a4	16	objc	ADGameParameters	-[ADGameParameters buttonMode]
0x1000a46b4	16	objc	ADGameParameters	-[ADGameParameters endlessMode]
0x1000a46c4	16	objc	ADGameParameters	-[ADGameParameters setEndlessMode:]
0x1000a46d4	16	objc	ADGameParameters	-[ADGameParameters debugMapVisible]
0x1000a46e4	16	objc	ADGameParameters	-[ADGameParameters currentLevel]
0x1000a46f4	56	objc	ADGameParameters	-[ADGameParameters setCurrentLevel:]
0x1000a472c	16	objc	ADGameParameters	-[ADGameParameters playlistName]
0x1000a473c	56	objc	ADGameParameters	-[ADGameParameters setPlaylistName:]
0x1000a4774	16	objc	ADGameParameters	-[ADGameParameters lastGoodNews]
0x1000a4784	16	objc	ADGameParameters	-[ADGameParameters lastChallengeWorld]
0x1000a4794	56	objc	ADGameParameters	-[ADGameParameters setLastChallengeWorld:]
0x1000a47cc	104	objc	ADGameParameters	-[ADGameParameters .cxx_destruct]
0x1000a4834	928	objc	ADAccessibleTableCell	-[ADAccessibleTableCell initWithStyle:reuseIdentifier:]
0x1000a4bd4	1448	objc	ADTarotCardViewController	-[ADTarotCardViewController viewDidLoad]
0x1000a517c	840	objc	ADTarotCardViewController	-[ADTarotCardViewController initWithCardLevel:forbiddenModifier:]
0x1000a54c4	1052	objc	ADTarotCardViewController	-[ADTarotCardViewController initWithCardLevel:modifier:]
0x1000a58e0	1392	objc	ADTarotCardViewController	-[ADTarotCardViewController refreshCard]
0x1000a5e50	640	objc	ADTarotCardViewController	-[ADTarotCardViewController flipCard:]
0x1000a60d0	208	block	ADTarotCardViewController	-[ADTarotCardViewController flipCard:]_block_invoke
0x1000a61a0	280	objc	ADTarotCardViewController	-[ADTarotCardViewController accessibleDescription]
0x1000a62b8	748	objc	ADTarotCardViewController	-[ADTarotCardViewController changeCardButtonPressed:]
0x1000a65a4	804	objc	ADTarotCardViewController	-[ADTarotCardViewController changeCard]
0x1000a68c8	36	objc	ADTarotCardViewController	-[ADTarotCardViewController modifierName]
0x1000a68ec	132	objc	ADTarotCardViewController	-[ADTarotCardViewController isGood]
0x1000a6970	16	objc	ADTarotCardViewController	-[ADTarotCardViewController cardDescription]
0x1000a6980	56	objc	ADTarotCardViewController	-[ADTarotCardViewController setCardDescription:]
0x1000a69b8	16	objc	ADTarotCardViewController	-[ADTarotCardViewController cardTitle]
0x1000a69c8	56	objc	ADTarotCardViewController	-[ADTarotCardViewController setCardTitle:]
0x1000a6a00	16	objc	ADTarotCardViewController	-[ADTarotCardViewController cardLevel]
0x1000a6a10	16	objc	ADTarotCardViewController	-[ADTarotCardViewController setCardLevel:]
0x1000a6a20	32	objc	ADTarotCardViewController	-[ADTarotCardViewController tarotViewController]
0x1000a6a40	20	objc	ADTarotCardViewController	-[ADTarotCardViewController setTarotViewController:]
0x1000a6a54	16	objc	ADTarotCardViewController	-[ADTarotCardViewController changeCardButton]
0x1000a6a64	56	objc	ADTarotCardViewController	-[ADTarotCardViewController setChangeCardButton:]
0x1000a6a9c	16	objc	ADTarotCardViewController	-[ADTarotCardViewController backgroundImage]
0x1000a6aac	56	objc	ADTarotCardViewController	-[ADTarotCardViewController setBackgroundImage:]
0x1000a6ae4	16	objc	ADTarotCardViewController	-[ADTarotCardViewController accessibleCard]
0x1000a6af4	56	objc	ADTarotCardViewController	-[ADTarotCardViewController setAccessibleCard:]
0x1000a6b2c	16	objc	ADTarotCardViewController	-[ADTarotCardViewController cardBack]
0x1000a6b3c	56	objc	ADTarotCardViewController	-[ADTarotCardViewController setCardBack:]
0x1000a6b74	16	objc	ADTarotCardViewController	-[ADTarotCardViewController cardFront]
0x1000a6b84	56	objc	ADTarotCardViewController	-[ADTarotCardViewController setCardFront:]
0x1000a6bbc	20	objc	ADTarotCardViewController	-[ADTarotCardViewController flipped]
0x1000a6bd0	16	objc	ADTarotCardViewController	-[ADTarotCardViewController setFlipped:]
0x1000a6be0	220	objc	ADTarotCardViewController	-[ADTarotCardViewController .cxx_destruct]
0x1000a6cbc	240	objc	ADSlowMotionPowerUp	-[ADSlowMotionPowerUp preload]
0x1000a6dac	216	objc	ADSlowMotionPowerUp	-[ADSlowMotionPowerUp use]
0x1000a6e84	92	objc	ADSlowMotionPowerUp	-[ADSlowMotionPowerUp clean]
0x1000a6ee0	152	objc	ADWeaponManager	+[ADWeaponManager sharedWeaponManager]
0x1000a6f78	320	objc	ADWeaponManager	-[ADWeaponManager getAllWeaponsArray]
0x1000a70b8	492	objc	ADWeaponManager	-[ADWeaponManager dictionaryForWeaponWithName:]
0x1000a72a4	184	objc	ADWeaponManager	-[ADWeaponManager isMeleeForWeaponWithName:]
0x1000a735c	524	objc	ADWeaponManager	-[ADWeaponManager getAllMeleeWeapons]
0x1000a7568	348	objc	ADWeaponManager	-[ADWeaponManager displayNameForItemWithName:]
0x1000a76c4	1472	objc	ADWeaponManager	-[ADWeaponManager initWithWeaponsFromArmory]
0x1000a7c84	192	objc	ADWeaponManager	-[ADWeaponManager getEquippedWeaponsList]
0x1000a7d44	944	objc	ADWeaponManager	-[ADWeaponManager initWithWeaponList:]
0x1000a80f4	1496	objc	ADWeaponManager	-[ADWeaponManager initWithChallengeWeaponArray:]
0x1000a86cc	1388	objc	ADWeaponManager	-[ADWeaponManager initWithWeaponDictionary:]
0x1000a8c38	524	objc	ADWeaponManager	-[ADWeaponManager update:]
0x1000a8e44	680	objc	ADWeaponManager	-[ADWeaponManager numberOfWeaponsAvailableForSale]
0x1000a90ec	1044	objc	ADWeaponManager	-[ADWeaponManager numberOfWeaponsUpgradable]
0x1000a9500	320	objc	ADWeaponManager	-[ADWeaponManager getAllPowerUpsArray]
0x1000a9640	492	objc	ADWeaponManager	-[ADWeaponManager dictionaryForPowerupWithName:]
0x1000a982c	72	objc	ADWeaponManager	-[ADWeaponManager initRandomPowerUp]
0x1000a9874	1124	objc	ADWeaponManager	-[ADWeaponManager initPowerUp:]
0x1000a9cd8	160	objc	ADWeaponManager	-[ADWeaponManager usePowerUp]
0x1000a9d78	4	objc	ADWeaponManager	-[ADWeaponManager weaponTouchedDown]
0x1000a9d7c	4	objc	ADWeaponManager	-[ADWeaponManager weaponTouchedUp]
0x1000a9d80	132	objc	ADWeaponManager	-[ADWeaponManager weaponSingleShot]
0x1000a9e04	800	objc	ADWeaponManager	-[ADWeaponManager selectNextWeapon]
0x1000aa124	56	objc	ADWeaponManager	-[ADWeaponManager setCurrentWeapon:]
0x1000aa15c	272	objc	ADWeaponManager	-[ADWeaponManager shot]
0x1000aa26c	132	objc	ADWeaponManager	-[ADWeaponManager continuousStart]
0x1000aa2f0	92	objc	ADWeaponManager	-[ADWeaponManager continuousStop]
0x1000aa34c	4	objc	ADWeaponManager	-[ADWeaponManager weaponDidFinishReloading]
0x1000aa350	156	objc	ADWeaponManager	-[ADWeaponManager isWeaponReadyToShoot]
0x1000aa3ec	1692	objc	ADWeaponManager	-[ADWeaponManager createProjectileForCurrentWeapon]
0x1000aaa88	16	objc	ADWeaponManager	-[ADWeaponManager projectiles]
0x1000aaa98	340	objc	ADWeaponManager	-[ADWeaponManager shootWithMelee]
0x1000aabec	116	objc	ADWeaponManager	-[ADWeaponManager didShotWithMelee]
0x1000aac60	28	objc	ADWeaponManager	-[ADWeaponManager meleeWeaponName]
0x1000aac7c	92	objc	ADWeaponManager	-[ADWeaponManager reloadGestureDown]
0x1000aacd8	92	objc	ADWeaponManager	-[ADWeaponManager reloadGestureUp]
0x1000aad34	28	objc	ADWeaponManager	-[ADWeaponManager shutDown]
0x1000aad50	272	objc	ADWeaponManager	-[ADWeaponManager clean]
0x1000aae60	16	objc	ADWeaponManager	-[ADWeaponManager currentWeapon]
0x1000aae70	16	objc	ADWeaponManager	-[ADWeaponManager powerUp]
0x1000aae80	56	objc	ADWeaponManager	-[ADWeaponManager setPowerUp:]
0x1000aaeb8	164	objc	ADWeaponManager	-[ADWeaponManager .cxx_destruct]
0x1000aaf5c	140	objc	ADPlayMenuViewController	-[ADPlayMenuViewController initWithNibName:bundle:]
0x1000aafe8	220	objc	ADPlayMenuViewController	-[ADPlayMenuViewController initWithNibName:bundle:shouldAnimate:]
0x1000ab0c4	920	objc	ADPlayMenuViewController	-[ADPlayMenuViewController viewDidLoad]
0x1000ab45c	536	objc	ADPlayMenuViewController	-[ADPlayMenuViewController loadView]
0x1000ab674	148	objc	ADPlayMenuViewController	-[ADPlayMenuViewController viewDidAppear:]
0x1000ab708	60	objc	ADPlayMenuViewController	-[ADPlayMenuViewController didReceiveMemoryWarning]
0x1000ab744	388	objc	ADPlayMenuViewController	-[ADPlayMenuViewController endlessModeButtonTouched:]
0x1000ab8c8	164	objc	ADPlayMenuViewController	-[ADPlayMenuViewController challengeButtonTouched:]
0x1000ab96c	160	objc	ADPlayMenuViewController	-[ADPlayMenuViewController backButtonPressed]
0x1000aba0c	252	objc	ADPlayMenuViewController	-[ADPlayMenuViewController playSound]
0x1000abb08	188	objc	ADPlayMenuViewController	-[ADPlayMenuViewController challengeInfoButtonPressed:]
0x1000abbc4	188	objc	ADPlayMenuViewController	-[ADPlayMenuViewController endlessInfoButtonPressed:]
0x1000abc80	172	objc	ADPlayMenuViewController	-[ADPlayMenuViewController accessibilityPerformMagicTap]
0x1000abd2c	16	objc	ADPlayMenuViewController	-[ADPlayMenuViewController endlessModeLockView]
0x1000abd3c	56	objc	ADPlayMenuViewController	-[ADPlayMenuViewController setEndlessModeLockView:]
0x1000abd74	16	objc	ADPlayMenuViewController	-[ADPlayMenuViewController endlessModeButton]
0x1000abd84	56	objc	ADPlayMenuViewController	-[ADPlayMenuViewController setEndlessModeButton:]
0x1000abdbc	16	objc	ADPlayMenuViewController	-[ADPlayMenuViewController challengeInfoButton]
0x1000abdcc	56	objc	ADPlayMenuViewController	-[ADPlayMenuViewController setChallengeInfoButton:]
0x1000abe04	16	objc	ADPlayMenuViewController	-[ADPlayMenuViewController endlessInfoButton]
0x1000abe14	56	objc	ADPlayMenuViewController	-[ADPlayMenuViewController setEndlessInfoButton:]
0x1000abe4c	16	objc	ADPlayMenuViewController	-[ADPlayMenuViewController slidingView]
0x1000abe5c	56	objc	ADPlayMenuViewController	-[ADPlayMenuViewController setSlidingView:]
0x1000abe94	20	objc	ADPlayMenuViewController	-[ADPlayMenuViewController animateCheck]
0x1000abea8	16	objc	ADPlayMenuViewController	-[ADPlayMenuViewController setAnimateCheck:]
0x1000abeb8	124	objc	ADPlayMenuViewController	-[ADPlayMenuViewController .cxx_destruct]
0x1000abf34	408	objc	ADScenarioRouletteViewController	-[ADScenarioRouletteViewController playButtonTouched:]
0x1000ac0cc	572	objc	ADScenarioRouletteViewController	-[ADScenarioRouletteViewController applyBothModifiers]
0x1000ac308	724	objc	ADScenarioRouletteViewController	-[ADScenarioRouletteViewController applyRouletteModifier:]
0x1000ac5dc	456	objc	ADScenarioRouletteViewController	-[ADScenarioRouletteViewController rerollBadNews:]
0x1000ac7a4	396	block	ADScenarioRouletteViewController	-[ADScenarioRouletteViewController rerollBadNews:]_block_invoke
0x1000ac930	8	sub	ADScenarioRouletteViewController	sub_1000ac930
0x1000ac938	8	sub	ADScenarioRouletteViewController	sub_1000ac938
0x1000ac940	768	objc	ADScenarioRouletteViewController	-[ADScenarioRouletteViewController rerollGoodNews:]
0x1000acc40	196	block	ADScenarioRouletteViewController	-[ADScenarioRouletteViewController rerollGoodNews:]_block_invoke
0x1000acd04	8	sub	ADScenarioRouletteViewController	sub_1000acd04
0x1000acd0c	8	sub	ADScenarioRouletteViewController	sub_1000acd0c
0x1000acd14	180	block	ADScenarioRouletteViewController	-[ADScenarioRouletteViewController rerollGoodNews:]_block_invoke_2
0x1000acdc8	8	sub	ADScenarioRouletteViewController	sub_1000acdc8
0x1000acdd0	8	sub	ADScenarioRouletteViewController	sub_1000acdd0
0x1000acdd8	1628	objc	ADScenarioRouletteViewController	-[ADScenarioRouletteViewController rouletteDidStop:]
0x1000ad434	180	block	ADScenarioRouletteViewController	-[ADScenarioRouletteViewController rouletteDidStop:]_block_invoke
0x1000ad4e8	8	sub	ADScenarioRouletteViewController	sub_1000ad4e8
0x1000ad4f0	8	sub	ADScenarioRouletteViewController	sub_1000ad4f0
0x1000ad4f8	180	block	ADScenarioRouletteViewController	-[ADScenarioRouletteViewController rouletteDidStop:]_block_invoke_2
0x1000ad5ac	8	sub	ADScenarioRouletteViewController	sub_1000ad5ac
0x1000ad5b4	8	sub	ADScenarioRouletteViewController	sub_1000ad5b4
0x1000ad5bc	2112	objc	ADScenarioRouletteViewController	-[ADScenarioRouletteViewController viewDidLoad]
0x1000addfc	548	objc	ADScenarioRouletteViewController	-[ADScenarioRouletteViewController update]
0x1000ae020	440	objc	ADScenarioRouletteViewController	-[ADScenarioRouletteViewController checkPlayButton]
0x1000ae1d8	100	block	ADScenarioRouletteViewController	-[ADScenarioRouletteViewController checkPlayButton]_block_invoke
0x1000ae23c	8	sub	ADScenarioRouletteViewController	sub_1000ae23c
0x1000ae244	8	sub	ADScenarioRouletteViewController	sub_1000ae244
0x1000ae24c	100	block	ADScenarioRouletteViewController	-[ADScenarioRouletteViewController checkPlayButton]_block_invoke_2
0x1000ae2b0	8	sub	ADScenarioRouletteViewController	sub_1000ae2b0
0x1000ae2b8	8	sub	ADScenarioRouletteViewController	sub_1000ae2b8
0x1000ae2c0	224	objc	ADScenarioRouletteViewController	-[ADScenarioRouletteViewController timeStringFromSeconds:]
0x1000ae3a0	428	objc	ADScenarioRouletteViewController	-[ADScenarioRouletteViewController dealloc]
0x1000ae54c	16	objc	ADScenarioRouletteViewController	-[ADScenarioRouletteViewController goodRoulette]
0x1000ae55c	56	objc	ADScenarioRouletteViewController	-[ADScenarioRouletteViewController setGoodRoulette:]
0x1000ae594	16	objc	ADScenarioRouletteViewController	-[ADScenarioRouletteViewController badRoulette]
0x1000ae5a4	56	objc	ADScenarioRouletteViewController	-[ADScenarioRouletteViewController setBadRoulette:]
0x1000ae5dc	16	objc	ADScenarioRouletteViewController	-[ADScenarioRouletteViewController badNewsLabel]
0x1000ae5ec	56	objc	ADScenarioRouletteViewController	-[ADScenarioRouletteViewController setBadNewsLabel:]
0x1000ae624	16	objc	ADScenarioRouletteViewController	-[ADScenarioRouletteViewController goodNewsLabel]
0x1000ae634	56	objc	ADScenarioRouletteViewController	-[ADScenarioRouletteViewController setGoodNewsLabel:]
0x1000ae66c	16	objc	ADScenarioRouletteViewController	-[ADScenarioRouletteViewController playButton]
0x1000ae67c	56	objc	ADScenarioRouletteViewController	-[ADScenarioRouletteViewController setPlayButton:]
0x1000ae6b4	16	objc	ADScenarioRouletteViewController	-[ADScenarioRouletteViewController rerollGoodNewsButton]
0x1000ae6c4	56	objc	ADScenarioRouletteViewController	-[ADScenarioRouletteViewController setRerollGoodNewsButton:]
0x1000ae6fc	16	objc	ADScenarioRouletteViewController	-[ADScenarioRouletteViewController removeBadNews]
0x1000ae70c	56	objc	ADScenarioRouletteViewController	-[ADScenarioRouletteViewController setRemoveBadNews:]
0x1000ae744	16	objc	ADScenarioRouletteViewController	-[ADScenarioRouletteViewController goodNewsTitle]
0x1000ae754	56	objc	ADScenarioRouletteViewController	-[ADScenarioRouletteViewController setGoodNewsTitle:]
0x1000ae78c	16	objc	ADScenarioRouletteViewController	-[ADScenarioRouletteViewController badNewsTitle]
0x1000ae79c	56	objc	ADScenarioRouletteViewController	-[ADScenarioRouletteViewController setBadNewsTitle:]
0x1000ae7d4	224	objc	ADScenarioRouletteViewController	-[ADScenarioRouletteViewController .cxx_destruct]
0x1000ae8b4	4	objc	ADScenarioRouletteViewController	-[ADScenarioRouletteViewController .cxx_construct]
0x1000ae8b8	176	objc	ADCarAlarm	-[ADCarAlarm initWithName:]
0x1000ae968	336	objc	ADCarAlarm	-[ADCarAlarm update:]
0x1000aeab8	500	objc	ADCarAlarm	-[ADCarAlarm startAlarm]
0x1000aecac	152	objc	ADCarAlarm	-[ADCarAlarm die]
0x1000aed44	60	objc	ADDebugMapView	-[ADDebugMapView initWithFrame:]
0x1000aed80	324	objc	ADDebugMapView	-[ADDebugMapView drawRect:]
0x1000aeec4	444	objc	ADDebugMapView	-[ADDebugMapView drawFieldForSpread:inRect:]
0x1000af080	16	objc	ADDebugMapView	-[ADDebugMapView weapon]
0x1000af090	56	objc	ADDebugMapView	-[ADDebugMapView setWeapon:]
0x1000af0c8	20	objc	ADDebugMapView	-[ADDebugMapView angle]
0x1000af0dc	20	objc	ADDebugMapView	-[ADDebugMapView setAngle:]
0x1000af0f0	20	objc	ADDebugMapView	-[ADDebugMapView range]
0x1000af104	20	objc	ADDebugMapView	-[ADDebugMapView setRange:]
0x1000af118	20	objc	ADDebugMapView	-[ADDebugMapView .cxx_destruct]
0x1000af12c	140	objc	ADSettingsViewController	-[ADSettingsViewController initWithNibName:bundle:]
0x1000af1b8	548	objc	ADSettingsViewController	-[ADSettingsViewController viewDidLoad]
0x1000af3dc	260	objc	ADSettingsViewController	-[ADSettingsViewController loadView]
0x1000af4e0	216	objc	ADSettingsViewController	-[ADSettingsViewController viewWillAppear:]
0x1000af5b8	704	objc	ADSettingsViewController	-[ADSettingsViewController addControlSchemePanel]
0x1000af878	148	objc	ADSettingsViewController	-[ADSettingsViewController dealloc]
0x1000af90c	60	objc	ADSettingsViewController	-[ADSettingsViewController didReceiveMemoryWarning]
0x1000af948	272	objc	ADSettingsViewController	-[ADSettingsViewController backButtonPressed]
0x1000afa58	40	objc	ADSettingsViewController	-[ADSettingsViewController validateButtonPressed:]
0x1000afa80	16	objc	ADSettingsViewController	-[ADSettingsViewController controlSchemeView]
0x1000afa90	56	objc	ADSettingsViewController	-[ADSettingsViewController setControlSchemeView:]
0x1000afac8	16	objc	ADSettingsViewController	-[ADSettingsViewController controlScheme]
0x1000afad8	12	objc	ADSettingsViewController	-[ADSettingsViewController setControlScheme:]
0x1000afae4	64	objc	ADSettingsViewController	-[ADSettingsViewController .cxx_destruct]
0x1000afb24	584	objc	ADMoreGamesViewController	-[ADMoreGamesViewController initWithNibName:bundle:]
0x1000afd6c	1220	objc	ADMoreGamesViewController	-[ADMoreGamesViewController viewDidLoad]
0x1000b0230	16	objc	ADMoreGamesViewController	-[ADMoreGamesViewController viewWillDisappear:]
0x1000b0240	156	objc	ADMoreGamesViewController	-[ADMoreGamesViewController backButtonPressed]
0x1000b02dc	156	objc	ADMoreGamesViewController	-[ADMoreGamesViewController applicationWillEnterForeground:]
0x1000b0378	320	objc	ADMoreGamesViewController	-[ADMoreGamesViewController applicationWillEnterBackground:]
0x1000b04b8	528	objc	ADMoreGamesViewController	-[ADMoreGamesViewController webView:shouldStartLoadWithRequest:navigationType:]
0x1000b06c8	312	objc	ADMoreGamesViewController	-[ADMoreGamesViewController webViewDidStartLoad:]
0x1000b0800	592	objc	ADMoreGamesViewController	-[ADMoreGamesViewController webViewDidFinishLoad:]
0x1000b0a50	568	objc	ADMoreGamesViewController	-[ADMoreGamesViewController webView:didFailLoadWithError:]
0x1000b0c88	220	objc	ADMoreGamesViewController	-[ADMoreGamesViewController dealloc]
0x1000b0d64	60	objc	ADMoreGamesViewController	-[ADMoreGamesViewController didReceiveMemoryWarning]
0x1000b0da0	16	objc	ADMoreGamesViewController	-[ADMoreGamesViewController webView]
0x1000b0db0	56	objc	ADMoreGamesViewController	-[ADMoreGamesViewController setWebView:]
0x1000b0de8	16	objc	ADMoreGamesViewController	-[ADMoreGamesViewController creditsDictionary]
0x1000b0df8	12	objc	ADMoreGamesViewController	-[ADMoreGamesViewController setCreditsDictionary:]
0x1000b0e04	16	objc	ADMoreGamesViewController	-[ADMoreGamesViewController creditKeys]
0x1000b0e14	12	objc	ADMoreGamesViewController	-[ADMoreGamesViewController setCreditKeys:]
0x1000b0e20	16	objc	ADMoreGamesViewController	-[ADMoreGamesViewController alertView]
0x1000b0e30	12	objc	ADMoreGamesViewController	-[ADMoreGamesViewController setAlertView:]
0x1000b0e3c	20	objc	ADMoreGamesViewController	-[ADMoreGamesViewController didLoadWebPage]
0x1000b0e50	16	objc	ADMoreGamesViewController	-[ADMoreGamesViewController setDidLoadWebPage:]
0x1000b0e60	104	objc	ADMoreGamesViewController	-[ADMoreGamesViewController .cxx_destruct]
0x1000b0ec8	452	objc	ADArmoryItemDescriptionViewController	-[ADArmoryItemDescriptionViewController initWithWeaponDictionary:]
0x1000b108c	1056	objc	ADArmoryItemDescriptionViewController	-[ADArmoryItemDescriptionViewController viewDidLoad]
0x1000b14ac	92	objc	ADArmoryItemDescriptionViewController	-[ADArmoryItemDescriptionViewController handleBackActionFromStatusBar]
0x1000b1508	748	objc	ADArmoryItemDescriptionViewController	-[ADArmoryItemDescriptionViewController buyOrUpgradeButtonPressed:]
0x1000b17f4	100	objc	ADArmoryItemDescriptionViewController	-[ADArmoryItemDescriptionViewController backButtonPressed:]
0x1000b1858	492	objc	ADArmoryItemDescriptionViewController	-[ADArmoryItemDescriptionViewController dealloc]
0x1000b1a44	32	objc	ADArmoryItemDescriptionViewController	-[ADArmoryItemDescriptionViewController armoryViewController]
0x1000b1a64	20	objc	ADArmoryItemDescriptionViewController	-[ADArmoryItemDescriptionViewController setArmoryViewController:]
0x1000b1a78	16	objc	ADArmoryItemDescriptionViewController	-[ADArmoryItemDescriptionViewController weaponTitle]
0x1000b1a88	56	objc	ADArmoryItemDescriptionViewController	-[ADArmoryItemDescriptionViewController setWeaponTitle:]
0x1000b1ac0	16	objc	ADArmoryItemDescriptionViewController	-[ADArmoryItemDescriptionViewController weaponImage]
0x1000b1ad0	56	objc	ADArmoryItemDescriptionViewController	-[ADArmoryItemDescriptionViewController setWeaponImage:]
0x1000b1b08	16	objc	ADArmoryItemDescriptionViewController	-[ADArmoryItemDescriptionViewController buyOrUpgradeButton]
0x1000b1b18	56	objc	ADArmoryItemDescriptionViewController	-[ADArmoryItemDescriptionViewController setBuyOrUpgradeButton:]
0x1000b1b50	16	objc	ADArmoryItemDescriptionViewController	-[ADArmoryItemDescriptionViewController quantityLabel]
0x1000b1b60	56	objc	ADArmoryItemDescriptionViewController	-[ADArmoryItemDescriptionViewController setQuantityLabel:]
0x1000b1b98	16	objc	ADArmoryItemDescriptionViewController	-[ADArmoryItemDescriptionViewController buyButton]
0x1000b1ba8	56	objc	ADArmoryItemDescriptionViewController	-[ADArmoryItemDescriptionViewController setBuyButton:]
0x1000b1be0	240	objc	ADArmoryItemDescriptionViewController	-[ADArmoryItemDescriptionViewController .cxx_destruct]
0x1000b1cd0	204	objc	ADScoreFeedbackViewController	-[ADScoreFeedbackViewController initWithEnemi:combo:]
0x1000b1d9c	136	objc	ADScoreFeedbackViewController	-[ADScoreFeedbackViewController initWithCritical]
0x1000b1e24	672	objc	ADScoreFeedbackViewController	-[ADScoreFeedbackViewController viewDidLoad]
0x1000b20c4	216	objc	ADScoreFeedbackViewController	-[ADScoreFeedbackViewController fadeAndRemove]
0x1000b219c	100	block	ADScoreFeedbackViewController	-[ADScoreFeedbackViewController fadeAndRemove]_block_invoke
0x1000b2200	8	sub	ADScoreFeedbackViewController	sub_1000b2200
0x1000b2208	8	sub	ADScoreFeedbackViewController	sub_1000b2208
0x1000b2210	96	block	ADScoreFeedbackViewController	-[ADScoreFeedbackViewController fadeAndRemove]_block_invoke_2
0x1000b2270	8	sub	ADScoreFeedbackViewController	sub_1000b2270
0x1000b2278	8	sub	ADScoreFeedbackViewController	sub_1000b2278
0x1000b2280	140	objc	ADScoreFeedbackViewController	-[ADScoreFeedbackViewController dealloc]
0x1000b230c	16	objc	ADScoreFeedbackViewController	-[ADScoreFeedbackViewController titleLabel]
0x1000b231c	56	objc	ADScoreFeedbackViewController	-[ADScoreFeedbackViewController setTitleLabel:]
0x1000b2354	16	objc	ADScoreFeedbackViewController	-[ADScoreFeedbackViewController scoreLabel]
0x1000b2364	56	objc	ADScoreFeedbackViewController	-[ADScoreFeedbackViewController setScoreLabel:]
0x1000b239c	84	objc	ADScoreFeedbackViewController	-[ADScoreFeedbackViewController .cxx_destruct]
0x1000b23f0	60	objc	ADMinigunPowerUp	-[ADMinigunPowerUp init]
0x1000b242c	1060	objc	ADMinigunPowerUp	-[ADMinigunPowerUp preload]
0x1000b2850	228	objc	ADMinigunPowerUp	-[ADMinigunPowerUp use]
0x1000b2934	568	objc	ADMinigunPowerUp	-[ADMinigunPowerUp update:]
0x1000b2b6c	20	block	ADMinigunPowerUp	-[ADMinigunPowerUp update:]_block_invoke
0x1000b2b80	36	block	ADMinigunPowerUp	-[ADMinigunPowerUp update:]_block_invoke_2
0x1000b2ba4	388	objc	ADMinigunPowerUp	-[ADMinigunPowerUp clean]
0x1000b2d28	64	objc	ADMinigunPowerUp	-[ADMinigunPowerUp .cxx_destruct]
0x1000b2d68	2092	objc	ADSound	-[ADSound initWithDictionary:]
0x1000b3594	896	objc	ADSound	-[ADSound initSound]
0x1000b3914	1848	objc	ADSound	-[ADSound update:]
0x1000b404c	20	objc	ADSound	-[ADSound skip]
0x1000b4060	268	objc	ADSound	-[ADSound finishSoundWithSkip:]
0x1000b416c	716	objc	ADSound	-[ADSound play]
0x1000b4438	184	objc	ADSound	-[ADSound stopWithNoCallback]
0x1000b44f0	208	objc	ADSound	-[ADSound setState:]
0x1000b45c0	180	objc	ADSound	-[ADSound pause]
0x1000b4674	120	objc	ADSound	-[ADSound resume]
0x1000b46ec	16	objc	ADSound	-[ADSound speed]
0x1000b46fc	16	objc	ADSound	-[ADSound setSpeed:]
0x1000b470c	16	objc	ADSound	-[ADSound name]
0x1000b471c	56	objc	ADSound	-[ADSound setName:]
0x1000b4754	16	objc	ADSound	-[ADSound spawn_time]
0x1000b4764	16	objc	ADSound	-[ADSound setSpawn_time:]
0x1000b4774	16	objc	ADSound	-[ADSound gain]
0x1000b4784	16	objc	ADSound	-[ADSound setGain:]
0x1000b4794	20	objc	ADSound	-[ADSound position]
0x1000b47a8	20	objc	ADSound	-[ADSound setPosition:]
0x1000b47bc	20	objc	ADSound	-[ADSound finalPosition]
0x1000b47d0	20	objc	ADSound	-[ADSound setFinalPosition:]
0x1000b47e4	20	objc	ADSound	-[ADSound orientation]
0x1000b47f8	20	objc	ADSound	-[ADSound setOrientation:]
0x1000b480c	20	objc	ADSound	-[ADSound timeInState]
0x1000b4820	20	objc	ADSound	-[ADSound setTimeInState:]
0x1000b4834	16	objc	ADSound	-[ADSound spawn_after]
0x1000b4844	56	objc	ADSound	-[ADSound setSpawn_after:]
0x1000b487c	16	objc	ADSound	-[ADSound state]
0x1000b488c	16	objc	ADSound	-[ADSound loop]
0x1000b489c	16	objc	ADSound	-[ADSound setLoop:]
0x1000b48ac	16	objc	ADSound	-[ADSound blocker]
0x1000b48bc	16	objc	ADSound	-[ADSound setBlocker:]
0x1000b48cc	16	objc	ADSound	-[ADSound stopsOtherSounds]
0x1000b48dc	16	objc	ADSound	-[ADSound setStopsOtherSounds:]
0x1000b48ec	16	objc	ADSound	-[ADSound sound]
0x1000b48fc	56	objc	ADSound	-[ADSound setSound:]
0x1000b4934	16	objc	ADSound	-[ADSound skippable]
0x1000b4944	16	objc	ADSound	-[ADSound setSkippable:]
0x1000b4954	16	objc	ADSound	-[ADSound startMusicBeforeEnd]
0x1000b4964	16	objc	ADSound	-[ADSound setStartMusicBeforeEnd:]
0x1000b4974	104	objc	ADSound	-[ADSound .cxx_destruct]
0x1000b49dc	4	objc	ADSound	-[ADSound .cxx_construct]
0x1000b49e0	140	objc	Accessible_ADControlSchemeViewController	-[Accessible_ADControlSchemeViewController initWithNibName:bundle:]
0x1000b4a6c	60	objc	Accessible_ADControlSchemeViewController	-[Accessible_ADControlSchemeViewController viewDidLoad]
0x1000b4aa8	396	objc	Accessible_ADControlSchemeViewController	-[Accessible_ADControlSchemeViewController tableView:willDisplayCell:forRowAtIndexPath:]
0x1000b4c34	32	objc	Accessible_ADControlSchemeViewController	-[Accessible_ADControlSchemeViewController tableView:numberOfRowsInSection:]
0x1000b4c54	140	objc	Accessible_ADControlSchemeViewController	-[Accessible_ADControlSchemeViewController tableView:heightForRowAtIndexPath:]
0x1000b4ce0	140	objc	Accessible_ADControlSchemeViewController	-[Accessible_ADControlSchemeViewController tableView:heightForHeaderInSection:]
0x1000b4d6c	564	objc	Accessible_ADControlSchemeViewController	-[Accessible_ADControlSchemeViewController tableView:viewForHeaderInSection:]
0x1000b4fa0	8	objc	Accessible_ADControlSchemeViewController	-[Accessible_ADControlSchemeViewController numberOfSectionsInTableView:]
0x1000b4fa8	520	objc	Accessible_ADControlSchemeViewController	-[Accessible_ADControlSchemeViewController tableView:cellForRowAtIndexPath:]
0x1000b51b0	1412	objc	Accessible_ADControlSchemeViewController	-[Accessible_ADControlSchemeViewController tableView:willSelectRowAtIndexPath:]
0x1000b5734	1584	objc	Accessible_ADControlSchemeViewController	-[Accessible_ADControlSchemeViewController cellForAimingAtIndex:]
0x1000b5d64	1080	objc	Accessible_ADControlSchemeViewController	-[Accessible_ADControlSchemeViewController cellForControlAtIndex:]
0x1000b619c	644	objc	Accessible_ADControlSchemeViewController	-[Accessible_ADControlSchemeViewController cellForSound:]
0x1000b6420	16	objc	Accessible_ADControlSchemeViewController	-[Accessible_ADControlSchemeViewController tableView]
0x1000b6430	56	objc	Accessible_ADControlSchemeViewController	-[Accessible_ADControlSchemeViewController setTableView:]
0x1000b6468	20	objc	Accessible_ADControlSchemeViewController	-[Accessible_ADControlSchemeViewController .cxx_destruct]
0x1000b647c	400	objc	ADPlayer	-[ADPlayer init]
0x1000b660c	820	objc	ADPlayer	-[ADPlayer update:]
0x1000b6940	68	objc	ADPlayer	-[ADPlayer startTinitusWithIntensity:]
0x1000b6984	456	objc	ADPlayer	-[ADPlayer startTinnitusWithDuration:gain:]
0x1000b6b4c	196	objc	ADPlayer	-[ADPlayer stopTinnitus]
0x1000b6c10	204	objc	ADPlayer	-[ADPlayer dealloc]
0x1000b6cdc	84	objc	ADPlayer	-[ADPlayer .cxx_destruct]
0x1000b6d30	220	objc	ADEncyclopediaItemViewController	-[ADEncyclopediaItemViewController initWithNibName:bundle:name:data:]
0x1000b6e0c	92	objc	ADEncyclopediaItemViewController	-[ADEncyclopediaItemViewController viewDidLoad]
0x1000b6e68	808	objc	ADEncyclopediaItemViewController	-[ADEncyclopediaItemViewController loadView]
0x1000b7190	1380	objc	ADEncyclopediaItemViewController	-[ADEncyclopediaItemViewController populateViewWithData]
0x1000b76f4	92	objc	ADEncyclopediaItemViewController	-[ADEncyclopediaItemViewController viewWillAppear:]
0x1000b7750	608	objc	ADEncyclopediaItemViewController	-[ADEncyclopediaItemViewController applyAccessibility]
0x1000b79b0	32	objc	ADEncyclopediaItemViewController	-[ADEncyclopediaItemViewController killsLabel]
0x1000b79d0	20	objc	ADEncyclopediaItemViewController	-[ADEncyclopediaItemViewController setKillsLabel:]
0x1000b79e4	16	objc	ADEncyclopediaItemViewController	-[ADEncyclopediaItemViewController killsValueLabel]
0x1000b79f4	56	objc	ADEncyclopediaItemViewController	-[ADEncyclopediaItemViewController setKillsValueLabel:]
0x1000b7a2c	16	objc	ADEncyclopediaItemViewController	-[ADEncyclopediaItemViewController killedByLabel]
0x1000b7a3c	56	objc	ADEncyclopediaItemViewController	-[ADEncyclopediaItemViewController setKilledByLabel:]
0x1000b7a74	16	objc	ADEncyclopediaItemViewController	-[ADEncyclopediaItemViewController killedByValueLabel]
0x1000b7a84	56	objc	ADEncyclopediaItemViewController	-[ADEncyclopediaItemViewController setKilledByValueLabel:]
0x1000b7abc	32	objc	ADEncyclopediaItemViewController	-[ADEncyclopediaItemViewController bioView]
0x1000b7adc	20	objc	ADEncyclopediaItemViewController	-[ADEncyclopediaItemViewController setBioView:]
0x1000b7af0	116	objc	ADEncyclopediaItemViewController	-[ADEncyclopediaItemViewController .cxx_destruct]
0x1000b7b64	60	objc	ADCreditsTableCell	-[ADCreditsTableCell initWithStyle:reuseIdentifier:]
0x1000b7ba0	4	objc	ADCreditsTableCell	-[ADCreditsTableCell awakeFromNib]
0x1000b7ba4	60	objc	ADCreditsTableCell	-[ADCreditsTableCell setSelected:animated:]
0x1000b7be0	16	objc	ADCreditsTableCell	-[ADCreditsTableCell nameLabel]
0x1000b7bf0	56	objc	ADCreditsTableCell	-[ADCreditsTableCell setNameLabel:]
0x1000b7c28	16	objc	ADCreditsTableCell	-[ADCreditsTableCell roleLabel]
0x1000b7c38	56	objc	ADCreditsTableCell	-[ADCreditsTableCell setRoleLabel:]
0x1000b7c70	64	objc	ADCreditsTableCell	-[ADCreditsTableCell .cxx_destruct]
0x1000b7cb0	68	objc	ADInGameStats	-[ADInGameStats forceCompleteAccuracy]
0x1000b7cf4	116	objc	ADInGameStats	+[ADInGameStats singleton]
0x1000b7d68	72	block	ADInGameStats	+[ADInGameStats singleton]_block_invoke
0x1000b7db0	4	sub	ADInGameStats	sub_1000b7db0
0x1000b7db4	4	sub	ADInGameStats	sub_1000b7db4
0x1000b7db8	60	objc	ADInGameStats	-[ADInGameStats init]
0x1000b7df4	1504	objc	ADInGameStats	+[ADInGameStats toggleOnOff:]
0x1000b83d4	1324	objc	ADInGameStats	-[ADInGameStats startNewLevel:]
0x1000b8900	240	objc	ADInGameStats	-[ADInGameStats saveGameSessionStats]
0x1000b89f0	540	objc	ADInGameStats	-[ADInGameStats endLevel]
0x1000b8c0c	836	objc	ADInGameStats	-[ADInGameStats saveStats]
0x1000b8f50	1736	objc	ADInGameStats	-[ADInGameStats filterEnemiesByDisplayName]
0x1000b9618	1020	objc	ADInGameStats	-[ADInGameStats filterWeaponsByShotsFired]
0x1000b9a14	332	objc	ADInGameStats	-[ADInGameStats prepareTotalsStats]
0x1000b9b60	872	objc	ADInGameStats	-[ADInGameStats killedEnemi:]
0x1000b9ec8	464	objc	ADInGameStats	-[ADInGameStats cheatKillCount:]
0x1000ba098	424	objc	ADInGameStats	-[ADInGameStats deathByEnemyWithName:]
0x1000ba240	96	objc	ADInGameStats	-[ADInGameStats decrementCombo]
0x1000ba2a0	212	objc	ADInGameStats	-[ADInGameStats updateMeleeWeaponsWithName:Hit:]
0x1000ba374	1432	objc	ADInGameStats	-[ADInGameStats updateDataForWeaponWithName:FiredShot:HitFired:Killed:Critical:Time:]
0x1000ba90c	112	objc	ADInGameStats	-[ADInGameStats setCombo:]
0x1000ba97c	96	objc	ADInGameStats	-[ADInGameStats setChallengeTimeElapsed:]
0x1000ba9dc	16	objc	ADInGameStats	-[ADInGameStats challengeTimeElapsed]
0x1000ba9ec	96	objc	ADInGameStats	-[ADInGameStats setTimeElapsed:]
0x1000baa4c	16	objc	ADInGameStats	-[ADInGameStats timeElapsed]
0x1000baa5c	96	objc	ADInGameStats	-[ADInGameStats setBrickTime:]
0x1000baabc	16	objc	ADInGameStats	-[ADInGameStats brickTime]
0x1000baacc	112	objc	ADInGameStats	-[ADInGameStats currentAccuracy]
0x1000bab3c	396	objc	ADInGameStats	-[ADInGameStats computeCurrentEnemyKillCount]
0x1000bacc8	16	objc	ADInGameStats	-[ADInGameStats getShotsFired]
0x1000bacd8	16	objc	ADInGameStats	-[ADInGameStats getShotsOnTarget]
0x1000bace8	20	objc	ADInGameStats	-[ADInGameStats resetPowerupKills]
0x1000bacfc	4776	objc	ADInGameStats	-[ADInGameStats buildMiscPostGameDataDictionary]
0x1000bbfa4	648	objc	ADInGameStats	-[ADInGameStats getEnemyData]
0x1000bc22c	84	objc	ADInGameStats	-[ADInGameStats getWeaponData]
0x1000bc280	84	objc	ADInGameStats	-[ADInGameStats getWeaponCriticalHitsData]
0x1000bc2d4	84	objc	ADInGameStats	-[ADInGameStats getMiscData]
0x1000bc328	128	objc	ADInGameStats	-[ADInGameStats getEnemiesToCoinsReward]
0x1000bc3a8	2248	objc	ADInGameStats	-[ADInGameStats description]
0x1000bcc70	16	objc	ADInGameStats	-[ADInGameStats debugDescription]
0x1000bcc80	208	objc	ADInGameStats	-[ADInGameStats dealloc]
0x1000bcd50	16	objc	ADInGameStats	-[ADInGameStats enemyList]
0x1000bcd60	12	objc	ADInGameStats	-[ADInGameStats setEnemyList:]
0x1000bcd6c	16	objc	ADInGameStats	-[ADInGameStats weaponsData]
0x1000bcd7c	12	objc	ADInGameStats	-[ADInGameStats setWeaponsData:]
0x1000bcd88	16	objc	ADInGameStats	-[ADInGameStats combo]
0x1000bcd98	16	objc	ADInGameStats	-[ADInGameStats meleeSwings]
0x1000bcda8	16	objc	ADInGameStats	-[ADInGameStats setMeleeSwings:]
0x1000bcdb8	16	objc	ADInGameStats	-[ADInGameStats meleeHits]
0x1000bcdc8	16	objc	ADInGameStats	-[ADInGameStats setMeleeHits:]
0x1000bcdd8	16	objc	ADInGameStats	-[ADInGameStats highestCombo]
0x1000bcde8	16	objc	ADInGameStats	-[ADInGameStats setHighestCombo:]
0x1000bcdf8	16	objc	ADInGameStats	-[ADInGameStats gameScore]
0x1000bce08	16	objc	ADInGameStats	-[ADInGameStats setGameScore:]
0x1000bce18	16	objc	ADInGameStats	-[ADInGameStats coinsForKill]
0x1000bce28	16	objc	ADInGameStats	-[ADInGameStats setCoinsForKill:]
0x1000bce38	16	objc	ADInGameStats	-[ADInGameStats totalCoins]
0x1000bce48	16	objc	ADInGameStats	-[ADInGameStats setTotalCoins:]
0x1000bce58	16	objc	ADInGameStats	-[ADInGameStats diamondLoot]
0x1000bce68	16	objc	ADInGameStats	-[ADInGameStats setDiamondLoot:]
0x1000bce78	16	objc	ADInGameStats	-[ADInGameStats gameMode]
0x1000bce88	12	objc	ADInGameStats	-[ADInGameStats setGameMode:]
0x1000bce94	16	objc	ADInGameStats	-[ADInGameStats numCriticalHits]
0x1000bcea4	16	objc	ADInGameStats	-[ADInGameStats setNumCriticalHits:]
0x1000bceb4	16	objc	ADInGameStats	-[ADInGameStats weaponCriticalHits]
0x1000bcec4	12	objc	ADInGameStats	-[ADInGameStats setWeaponCriticalHits:]
0x1000bced0	16	objc	ADInGameStats	-[ADInGameStats currentBrickName]
0x1000bcee0	12	objc	ADInGameStats	-[ADInGameStats setCurrentBrickName:]
0x1000bceec	16	objc	ADInGameStats	-[ADInGameStats enemyKillsWithPowerup]
0x1000bcefc	16	objc	ADInGameStats	-[ADInGameStats setEnemyKillsWithPowerup:]
0x1000bcf0c	16	objc	ADInGameStats	-[ADInGameStats numberOfEnemyKills]
0x1000bcf1c	16	objc	ADInGameStats	-[ADInGameStats setNumberOfEnemyKills:]
0x1000bcf2c	16	objc	ADInGameStats	-[ADInGameStats numberOfBricksDefeated]
0x1000bcf3c	16	objc	ADInGameStats	-[ADInGameStats setNumberOfBricksDefeated:]
0x1000bcf4c	20	objc	ADInGameStats	-[ADInGameStats death]
0x1000bcf60	16	objc	ADInGameStats	-[ADInGameStats setDeath:]
0x1000bcf70	16	objc	ADInGameStats	-[ADInGameStats numberMissionsCompleted]
0x1000bcf80	16	objc	ADInGameStats	-[ADInGameStats setNumberMissionsCompleted:]
0x1000bcf90	16	objc	ADInGameStats	-[ADInGameStats numberMissionsSkipped]
0x1000bcfa0	16	objc	ADInGameStats	-[ADInGameStats setNumberMissionsSkipped:]
0x1000bcfb0	16	objc	ADInGameStats	-[ADInGameStats shotsOnTarget]
0x1000bcfc0	16	objc	ADInGameStats	-[ADInGameStats setShotsOnTarget:]
0x1000bcfd0	16	objc	ADInGameStats	-[ADInGameStats totalShotsFired]
0x1000bcfe0	16	objc	ADInGameStats	-[ADInGameStats setTotalShotsFired:]
0x1000bcff0	20	objc	ADInGameStats	-[ADInGameStats challengeTimeElapsedCalls]
0x1000bd004	20	objc	ADInGameStats	-[ADInGameStats setChallengeTimeElapsedCalls:]
0x1000bd018	20	objc	ADInGameStats	-[ADInGameStats timeElapsedCalls]
0x1000bd02c	20	objc	ADInGameStats	-[ADInGameStats setTimeElapsedCalls:]
0x1000bd040	20	objc	ADInGameStats	-[ADInGameStats brickTimeCalls]
0x1000bd054	20	objc	ADInGameStats	-[ADInGameStats setBrickTimeCalls:]
0x1000bd068	20	objc	ADInGameStats	-[ADInGameStats sessionCompleted]
0x1000bd07c	16	objc	ADInGameStats	-[ADInGameStats setSessionCompleted:]
0x1000bd08c	16	objc	ADInGameStats	-[ADInGameStats postGameData]
0x1000bd09c	12	objc	ADInGameStats	-[ADInGameStats setPostGameData:]
0x1000bd0a8	16	objc	ADInGameStats	-[ADInGameStats enemiesToCoins]
0x1000bd0b8	12	objc	ADInGameStats	-[ADInGameStats setEnemiesToCoins:]
0x1000bd0c4	164	objc	ADInGameStats	-[ADInGameStats .cxx_destruct]
0x1000bd168	140	objc	ADStoryViewController	-[ADStoryViewController initWithNibName:bundle:]
0x1000bd1f4	60	objc	ADStoryViewController	-[ADStoryViewController viewDidLoad]
0x1000bd230	60	objc	ADStoryViewController	-[ADStoryViewController didReceiveMemoryWarning]
0x1000bd26c	148	objc	ADStoryViewController	-[ADStoryViewController skipButtonPressed:]
0x1000bd300	140	objc	ADStoryViewController	-[ADStoryViewController dealloc]
0x1000bd38c	444	objc	UIScrollView+DAAutoScroll	-[UIScrollView(DAAutoScroll) startScrolling]
0x1000bd548	120	objc	UIScrollView+DAAutoScroll	-[UIScrollView(DAAutoScroll) stopScrolling]
0x1000bd5c0	480	objc	UIScrollView+DAAutoScroll	-[UIScrollView(DAAutoScroll) scrollTick]
0x1000bd7a0	28	block	UIScrollView+DAAutoScroll	-[UIScrollView(DAAutoScroll) scrollTick]_block_invoke
0x1000bd7bc	8	sub	UIScrollView+DAAutoScroll	sub_1000bd7bc
0x1000bd7c4	8	sub	UIScrollView+DAAutoScroll	sub_1000bd7c4
0x1000bd7cc	36	objc	UIScrollView+DAAutoScroll	-[UIScrollView(DAAutoScroll) setScrolling:]
0x1000bd7f0	64	objc	UIScrollView+DAAutoScroll	-[UIScrollView(DAAutoScroll) isScrolling]
0x1000bd830	124	objc	UIScrollView+DAAutoScroll	-[UIScrollView(DAAutoScroll) scrollPointsPerSecond]
0x1000bd8ac	180	objc	UIScrollView+DAAutoScroll	-[UIScrollView(DAAutoScroll) setScrollPointsPerSecond:]
0x1000bd960	16	objc	UIScrollView+DAAutoScroll	-[UIScrollView(DAAutoScroll) autoScrollTimer]
0x1000bd970	148	objc	UIScrollView+DAAutoScroll	-[UIScrollView(DAAutoScroll) setAutoScrollTimer:]
0x1000bda04	760	objc	NSObject+StatsNotifier	-[NSObject(StatsNotifier) notifyStatsSystemWithNotificationWithName:AndData:]
0x1000bdcfc	276	objc	ADStarUnlockViewController	-[ADStarUnlockViewController initWithtype:dictionary:challenge_id:orientation:]
0x1000bde10	920	objc	ADStarUnlockViewController	-[ADStarUnlockViewController loadView]
0x1000be1a8	520	objc	ADStarUnlockViewController	-[ADStarUnlockViewController setUpOutlets]
0x1000be3b0	228	objc	ADStarUnlockViewController	-[ADStarUnlockViewController viewDidLoad]
0x1000be494	1392	objc	ADStarUnlockViewController	-[ADStarUnlockViewController initStarContent]
0x1000bea04	348	objc	ADStarUnlockViewController	-[ADStarUnlockViewController setRewardToCompleted]
0x1000beb60	264	objc	ADStarUnlockViewController	-[ADStarUnlockViewController unlockStar]
0x1000bec68	300	objc	ADStarUnlockViewController	-[ADStarUnlockViewController glow]
0x1000bed94	100	block	ADStarUnlockViewController	-[ADStarUnlockViewController glow]_block_invoke
0x1000bedf8	8	sub	ADStarUnlockViewController	sub_1000bedf8
0x1000bee00	8	sub	ADStarUnlockViewController	sub_1000bee00
0x1000bee08	100	block	ADStarUnlockViewController	-[ADStarUnlockViewController glow]_block_invoke_2
0x1000bee6c	8	sub	ADStarUnlockViewController	sub_1000bee6c
0x1000bee74	8	sub	ADStarUnlockViewController	sub_1000bee74
0x1000bee7c	412	objc	ADStarUnlockViewController	-[ADStarUnlockViewController showReward]
0x1000bf018	124	objc	ADStarUnlockViewController	-[ADStarUnlockViewController rewardValue]
0x1000bf094	224	objc	ADStarUnlockViewController	-[ADStarUnlockViewController timeStringFromSeconds:]
0x1000bf174	60	objc	ADStarUnlockViewController	-[ADStarUnlockViewController didReceiveMemoryWarning]
0x1000bf1b0	16	objc	ADStarUnlockViewController	-[ADStarUnlockViewController starDescription]
0x1000bf1c0	56	objc	ADStarUnlockViewController	-[ADStarUnlockViewController setStarDescription:]
0x1000bf1f8	16	objc	ADStarUnlockViewController	-[ADStarUnlockViewController starImage]
0x1000bf208	56	objc	ADStarUnlockViewController	-[ADStarUnlockViewController setStarImage:]
0x1000bf240	16	objc	ADStarUnlockViewController	-[ADStarUnlockViewController lockedDescription]
0x1000bf250	56	objc	ADStarUnlockViewController	-[ADStarUnlockViewController setLockedDescription:]
0x1000bf288	16	objc	ADStarUnlockViewController	-[ADStarUnlockViewController blurImage]
0x1000bf298	56	objc	ADStarUnlockViewController	-[ADStarUnlockViewController setBlurImage:]
0x1000bf2d0	16	objc	ADStarUnlockViewController	-[ADStarUnlockViewController rewardLabel]
0x1000bf2e0	56	objc	ADStarUnlockViewController	-[ADStarUnlockViewController setRewardLabel:]
0x1000bf318	16	objc	ADStarUnlockViewController	-[ADStarUnlockViewController coinsImage]
0x1000bf328	56	objc	ADStarUnlockViewController	-[ADStarUnlockViewController setCoinsImage:]
0x1000bf360	16	objc	ADStarUnlockViewController	-[ADStarUnlockViewController completedImage]
0x1000bf370	56	objc	ADStarUnlockViewController	-[ADStarUnlockViewController setCompletedImage:]
0x1000bf3a8	204	objc	ADStarUnlockViewController	-[ADStarUnlockViewController .cxx_destruct]
0x1000bf474	140	objc	PEMetricsViewController	-[PEMetricsViewController initWithNibName:bundle:]
0x1000bf500	1256	objc	PEMetricsViewController	-[PEMetricsViewController updateMetrics]
0x1000bf9e8	8	objc	PEMetricsViewController	-[PEMetricsViewController shouldAutotate]
0x1000bf9f0	160	objc	PEMetricsViewController	-[PEMetricsViewController viewDidLoad]
0x1000bfa90	60	objc	PEMetricsViewController	-[PEMetricsViewController didReceiveMemoryWarning]
0x1000bfacc	60	objc	PEMetricsViewController	-[PEMetricsViewController dealloc]
0x1000bfb08	308	objc	PEMetricsViewController	-[PEMetricsViewController viewDidUnload]
0x1000bfc3c	16	objc	PEMetricsViewController	-[PEMetricsViewController ctrlAppCPU]
0x1000bfc4c	56	objc	PEMetricsViewController	-[PEMetricsViewController setCtrlAppCPU:]
0x1000bfc84	16	objc	PEMetricsViewController	-[PEMetricsViewController ctrlLoadedSnds]
0x1000bfc94	56	objc	PEMetricsViewController	-[PEMetricsViewController setCtrlLoadedSnds:]
0x1000bfccc	16	objc	PEMetricsViewController	-[PEMetricsViewController ctrlMixPercent]
0x1000bfcdc	56	objc	PEMetricsViewController	-[PEMetricsViewController setCtrlMixPercent:]
0x1000bfd14	16	objc	PEMetricsViewController	-[PEMetricsViewController ctrlMixPercentLP]
0x1000bfd24	56	objc	PEMetricsViewController	-[PEMetricsViewController setCtrlMixPercentLP:]
0x1000bfd5c	16	objc	PEMetricsViewController	-[PEMetricsViewController ctrlTotalActiveSnds]
0x1000bfd6c	56	objc	PEMetricsViewController	-[PEMetricsViewController setCtrlTotalActiveSnds:]
0x1000bfda4	16	objc	PEMetricsViewController	-[PEMetricsViewController ctrlActSpatial]
0x1000bfdb4	56	objc	PEMetricsViewController	-[PEMetricsViewController setCtrlActSpatial:]
0x1000bfdec	16	objc	PEMetricsViewController	-[PEMetricsViewController ctrlActNonSpatial]
0x1000bfdfc	56	objc	PEMetricsViewController	-[PEMetricsViewController setCtrlActNonSpatial:]
0x1000bfe34	16	objc	PEMetricsViewController	-[PEMetricsViewController ctrlAudioMemMB]
0x1000bfe44	56	objc	PEMetricsViewController	-[PEMetricsViewController setCtrlAudioMemMB:]
0x1000bfe7c	16	objc	PEMetricsViewController	-[PEMetricsViewController ctrlPapaEngineVersion]
0x1000bfe8c	56	objc	PEMetricsViewController	-[PEMetricsViewController setCtrlPapaEngineVersion:]
0x1000bfec4	16	objc	PEMetricsViewController	-[PEMetricsViewController ctrlMixPercentMax]
0x1000bfed4	56	objc	PEMetricsViewController	-[PEMetricsViewController setCtrlMixPercentMax:]
0x1000bff0c	16	objc	PEMetricsViewController	-[PEMetricsViewController myViewController]
0x1000bff1c	16	objc	PEMetricsViewController	-[PEMetricsViewController setMyViewController:]
0x1000bff2c	16	objc	PEMetricsViewController	-[PEMetricsViewController ctrlCPUMeter]
0x1000bff3c	16	objc	PEMetricsViewController	-[PEMetricsViewController setCtrlCPUMeter:]
0x1000bff4c	244	objc	PEMetricsViewController	-[PEMetricsViewController .cxx_destruct]
0x1000c0040	244	objc	ADWeaponStatBarViewController	-[ADWeaponStatBarViewController initWithNibName:bundle:]
0x1000c0134	472	objc	ADWeaponStatBarViewController	-[ADWeaponStatBarViewController loadView]
0x1000c030c	16	objc	ADWeaponStatBarViewController	-[ADWeaponStatBarViewController setCurrentValue:]
0x1000c031c	16	objc	ADWeaponStatBarViewController	-[ADWeaponStatBarViewController setMaxValue:]
0x1000c032c	16	objc	ADWeaponStatBarViewController	-[ADWeaponStatBarViewController setNextLevelValue:]
0x1000c033c	836	objc	ADWeaponStatBarViewController	-[ADWeaponStatBarViewController refreshBars]
0x1000c0680	464	objc	ADWeaponStatBarViewController	-[ADWeaponStatBarViewController showNextLevel]
0x1000c0850	428	block	ADWeaponStatBarViewController	-[ADWeaponStatBarViewController showNextLevel]_block_invoke
0x1000c09fc	8	sub	ADWeaponStatBarViewController	sub_1000c09fc
0x1000c0a04	8	sub	ADWeaponStatBarViewController	sub_1000c0a04
0x1000c0a0c	340	objc	ADWeaponStatBarViewController	-[ADWeaponStatBarViewController upgradeToNextLevel]
0x1000c0b60	184	block	ADWeaponStatBarViewController	-[ADWeaponStatBarViewController upgradeToNextLevel]_block_invoke
0x1000c0c18	8	sub	ADWeaponStatBarViewController	sub_1000c0c18
0x1000c0c20	8	sub	ADWeaponStatBarViewController	sub_1000c0c20
0x1000c0c28	220	objc	ADWeaponStatBarViewController	-[ADWeaponStatBarViewController upgrade]
0x1000c0d04	164	objc	ADWeaponStatBarViewController	-[ADWeaponStatBarViewController viewDidLoad]
0x1000c0da8	16	objc	ADWeaponStatBarViewController	-[ADWeaponStatBarViewController viewDidAppear:]
0x1000c0db8	60	objc	ADWeaponStatBarViewController	-[ADWeaponStatBarViewController didReceiveMemoryWarning]
0x1000c0df4	16	objc	ADWeaponStatBarViewController	-[ADWeaponStatBarViewController currentValueBar]
0x1000c0e04	56	objc	ADWeaponStatBarViewController	-[ADWeaponStatBarViewController setCurrentValueBar:]
0x1000c0e3c	16	objc	ADWeaponStatBarViewController	-[ADWeaponStatBarViewController nextLevelValueBar]
0x1000c0e4c	56	objc	ADWeaponStatBarViewController	-[ADWeaponStatBarViewController setNextLevelValueBar:]
0x1000c0e84	16	objc	ADWeaponStatBarViewController	-[ADWeaponStatBarViewController maxValueBar]
0x1000c0e94	56	objc	ADWeaponStatBarViewController	-[ADWeaponStatBarViewController setMaxValueBar:]
0x1000c0ecc	16	objc	ADWeaponStatBarViewController	-[ADWeaponStatBarViewController currentValueLabel]
0x1000c0edc	56	objc	ADWeaponStatBarViewController	-[ADWeaponStatBarViewController setCurrentValueLabel:]
0x1000c0f14	16	objc	ADWeaponStatBarViewController	-[ADWeaponStatBarViewController maxValue]
0x1000c0f24	16	objc	ADWeaponStatBarViewController	-[ADWeaponStatBarViewController currentValue]
0x1000c0f34	16	objc	ADWeaponStatBarViewController	-[ADWeaponStatBarViewController nextLevelValue]
0x1000c0f44	104	objc	ADWeaponStatBarViewController	-[ADWeaponStatBarViewController .cxx_destruct]
0x1000c0fac	152	objc	ADBrickManager	+[ADBrickManager sharedBrickManager]
0x1000c1044	1424	objc	ADBrickManager	-[ADBrickManager init]
0x1000c15d4	408	objc	ADBrickManager	-[ADBrickManager loadBrickChancePlist:]
0x1000c176c	296	objc	ADBrickManager	-[ADBrickManager loadBrickScenarioPlist:]
0x1000c1894	252	objc	ADBrickManager	-[ADBrickManager loadBrickChallengeArray:]
0x1000c1990	168	objc	ADBrickManager	-[ADBrickManager loadImpactPlaylist]
0x1000c1a38	92	objc	ADBrickManager	-[ADBrickManager reset]
0x1000c1a94	560	objc	ADBrickManager	-[ADBrickManager runSanityCheck]
0x1000c1cc4	1044	objc	ADBrickManager	-[ADBrickManager isBrickWithNameSane:]
0x1000c20d8	28	objc	ADBrickManager	-[ADBrickManager currentBrick]
0x1000c20f4	176	objc	ADBrickManager	-[ADBrickManager randomItemInBrickDictionary:]
0x1000c21a4	1016	objc	ADBrickManager	-[ADBrickManager brickNameForWaveNumber:]
0x1000c259c	828	objc	ADBrickManager	-[ADBrickManager canUseBrickWithName:]
0x1000c28d8	88	objc	ADBrickManager	-[ADBrickManager scenarioBrickNameForWaveNumber:]
0x1000c2930	1144	objc	ADBrickManager	-[ADBrickManager loadBrickWithName:]
0x1000c2da8	380	objc	ADBrickManager	-[ADBrickManager checkPlaylistDeactivation]
0x1000c2f24	108	block	ADBrickManager	-[ADBrickManager checkPlaylistDeactivation]_block_invoke
0x1000c2f90	8	sub	ADBrickManager	sub_1000c2f90
0x1000c2f98	8	sub	ADBrickManager	sub_1000c2f98
0x1000c2fa0	124	objc	ADBrickManager	-[ADBrickManager currentBrickName]
0x1000c301c	60	objc	ADBrickManager	-[ADBrickManager mode]
0x1000c3058	780	objc	ADBrickManager	-[ADBrickManager loadNextBrick]
0x1000c3364	92	objc	ADBrickManager	-[ADBrickManager clearCurrentBrick]
0x1000c33c0	16	objc	ADBrickManager	-[ADBrickManager enemiesList]
0x1000c33d0	136	objc	ADBrickManager	-[ADBrickManager displayNameForEnemyWithName:]
0x1000c3458	52	objc	ADBrickManager	-[ADBrickManager dictionaryForEnemyName:]
0x1000c348c	344	objc	ADBrickManager	-[ADBrickManager allPotentialTargets]
0x1000c35e4	336	objc	ADBrickManager	-[ADBrickManager numberOfActiveObjectsOnScene]
0x1000c3734	124	objc	ADBrickManager	-[ADBrickManager enemiesFromCurrentBrick]
0x1000c37b0	1552	objc	ADBrickManager	-[ADBrickManager update:]
0x1000c3dc0	184	objc	ADBrickManager	-[ADBrickManager startMainMenuMusic]
0x1000c3e78	16	objc	ADBrickManager	-[ADBrickManager minimumSquaredDistance]
0x1000c3e88	372	objc	ADBrickManager	-[ADBrickManager blowEnemiesAway:]
0x1000c3ffc	456	objc	ADBrickManager	-[ADBrickManager closestEnemy]
0x1000c41c4	2420	objc	ADBrickManager	-[ADBrickManager calculateHitEnemiesWithWeapon:FromAngle:]
0x1000c4b38	708	objc	ADBrickManager	-[ADBrickManager shotWithSpecialWeapon:]
0x1000c4dfc	2492	objc	ADBrickManager	-[ADBrickManager shotWithWeapon:]
0x1000c57b8	1160	objc	ADBrickManager	-[ADBrickManager targetEnemiForExplosiveWeapon:]
0x1000c5c40	1824	objc	ADBrickManager	-[ADBrickManager solveExplosionWithDictionary:atPosition:withWeaponName:ignoreTinnitus:]
0x1000c6360	836	objc	ADBrickManager	-[ADBrickManager solveExplosionOfProjectile:]
0x1000c66a4	1256	objc	ADBrickManager	-[ADBrickManager checkDeathsForHitEnemies:withWeaponName:]
0x1000c6b8c	36	objc	ADBrickManager	-[ADBrickManager soundOrEnemyWithNameWasDeactivated:]
0x1000c6bb0	240	objc	ADBrickManager	-[ADBrickManager soundOrEnemyWithNameWasDeactivated:withSkip:]
0x1000c6ca0	536	objc	ADBrickManager	-[ADBrickManager currentBrickIsCleared]
0x1000c6eb8	460	objc	ADBrickManager	-[ADBrickManager enemiesAliveOrReadyToSpawn]
0x1000c7084	148	objc	ADBrickManager	-[ADBrickManager checkSpawnOnStart:]
0x1000c7118	156	objc	ADBrickManager	-[ADBrickManager checkEnemiesSpawnAfterKill:skipped:]
0x1000c71b4	840	objc	ADBrickManager	-[ADBrickManager stopAllEnemiesAfterPlayerDeathByEnemyWithName:]
0x1000c74fc	92	objc	ADBrickManager	-[ADBrickManager showReviveView]
0x1000c7558	88	objc	ADBrickManager	-[ADBrickManager revive]
0x1000c75b0	408	objc	ADBrickManager	-[ADBrickManager gameOver]
0x1000c7748	420	objc	ADBrickManager	-[ADBrickManager addDiamond]
0x1000c78ec	92	objc	ADBrickManager	-[ADBrickManager randomizeNextDiamondTime]
0x1000c7948	40	objc	ADBrickManager	-[ADBrickManager cleanDiamonds]
0x1000c7970	92	objc	ADBrickManager	-[ADBrickManager stopAllSoundsInCurrentBrick]
0x1000c79cc	104	objc	ADBrickManager	-[ADBrickManager hasSkippableSoundsPlaying]
0x1000c7a34	92	objc	ADBrickManager	-[ADBrickManager skipSkippableSounds]
0x1000c7a90	44	objc	ADBrickManager	-[ADBrickManager addPasserBy:]
0x1000c7abc	116	objc	ADBrickManager	-[ADBrickManager passersByCount]
0x1000c7b30	28	objc	ADBrickManager	-[ADBrickManager cleanPassersBy]
0x1000c7b4c	28	objc	ADBrickManager	-[ADBrickManager tryToPopPowerUpContainer]
0x1000c7b68	516	objc	ADBrickManager	-[ADBrickManager forceToPopPowerUpContainerWithType:]
0x1000c7d6c	124	objc	ADBrickManager	-[ADBrickManager pauseAllBricks]
0x1000c7de8	124	objc	ADBrickManager	-[ADBrickManager resumeAllBricks]
0x1000c7e64	336	objc	ADBrickManager	-[ADBrickManager clean]
0x1000c7fb4	32	objc	ADBrickManager	-[ADBrickManager gameplayViewController]
0x1000c7fd4	20	objc	ADBrickManager	-[ADBrickManager setGameplayViewController:]
0x1000c7fe8	16	objc	ADBrickManager	-[ADBrickManager setMode:]
0x1000c7ff8	20	objc	ADBrickManager	-[ADBrickManager playerIsDead]
0x1000c800c	16	objc	ADBrickManager	-[ADBrickManager setPlayerIsDead:]
0x1000c801c	20	objc	ADBrickManager	-[ADBrickManager currentRandomAngle]
0x1000c8030	20	objc	ADBrickManager	-[ADBrickManager setCurrentRandomAngle:]
0x1000c8044	240	objc	ADBrickManager	-[ADBrickManager .cxx_destruct]
0x1000c8134	140	objc	ADCheatViewController	-[ADCheatViewController initWithNibName:bundle:]
0x1000c81c0	856	objc	ADCheatViewController	-[ADCheatViewController viewDidLoad]
0x1000c8518	60	objc	ADCheatViewController	-[ADCheatViewController didReceiveMemoryWarning]
0x1000c8554	284	objc	ADCheatViewController	-[ADCheatViewController killsSliderValueChanged:]
0x1000c8670	284	objc	ADCheatViewController	-[ADCheatViewController coinsSliderValueChanged:]
0x1000c878c	284	objc	ADCheatViewController	-[ADCheatViewController diamondsSliderValueChanged:]
0x1000c88a8	256	objc	ADCheatViewController	-[ADCheatViewController killsButtonTouched:]
0x1000c89a8	376	objc	ADCheatViewController	-[ADCheatViewController coinsButtonTouched:]
0x1000c8b20	376	objc	ADCheatViewController	-[ADCheatViewController diamondsButtonTouched:]
0x1000c8c98	44	objc	ADCheatViewController	-[ADCheatViewController backButtonTouched:]
0x1000c8cc4	4	block	ADCheatViewController	-[ADCheatViewController backButtonTouched:]_block_invoke
0x1000c8cc8	172	objc	ADCheatViewController	-[ADCheatViewController debugMapValueChanged:]
0x1000c8d74	16	objc	ADCheatViewController	-[ADCheatViewController debugMapSwitch]
0x1000c8d84	56	objc	ADCheatViewController	-[ADCheatViewController setDebugMapSwitch:]
0x1000c8dbc	16	objc	ADCheatViewController	-[ADCheatViewController killsSlider]
0x1000c8dcc	56	objc	ADCheatViewController	-[ADCheatViewController setKillsSlider:]
0x1000c8e04	16	objc	ADCheatViewController	-[ADCheatViewController coinsSlider]
0x1000c8e14	56	objc	ADCheatViewController	-[ADCheatViewController setCoinsSlider:]
0x1000c8e4c	16	objc	ADCheatViewController	-[ADCheatViewController diamondsSlider]
0x1000c8e5c	56	objc	ADCheatViewController	-[ADCheatViewController setDiamondsSlider:]
0x1000c8e94	16	objc	ADCheatViewController	-[ADCheatViewController killsLabel]
0x1000c8ea4	56	objc	ADCheatViewController	-[ADCheatViewController setKillsLabel:]
0x1000c8edc	16	objc	ADCheatViewController	-[ADCheatViewController coinsLabel]
0x1000c8eec	56	objc	ADCheatViewController	-[ADCheatViewController setCoinsLabel:]
0x1000c8f24	16	objc	ADCheatViewController	-[ADCheatViewController diamondsLabel]
0x1000c8f34	56	objc	ADCheatViewController	-[ADCheatViewController setDiamondsLabel:]
0x1000c8f6c	164	objc	ADCheatViewController	-[ADCheatViewController .cxx_destruct]
0x1000c9010	772	objc	ADStatsPortalViewController	-[ADStatsPortalViewController viewDidLoad]
0x1000c9314	472	objc	ADStatsPortalViewController	-[ADStatsPortalViewController loadView]
0x1000c94ec	60	objc	ADStatsPortalViewController	-[ADStatsPortalViewController didReceiveMemoryWarning]
0x1000c9528	104	objc	ADStatsPortalViewController	-[ADStatsPortalViewController backButtonPressed]
0x1000c9590	4	block	ADStatsPortalViewController	-[ADStatsPortalViewController backButtonPressed]_block_invoke
0x1000c9594	252	objc	ADStatsPortalViewController	-[ADStatsPortalViewController playSound]
0x1000c9690	444	objc	ADStatsPortalViewController	-[ADStatsPortalViewController buttonPressed:]
0x1000c984c	16	objc	ADStatsPortalViewController	-[ADStatsPortalViewController zombipedia]
0x1000c985c	56	objc	ADStatsPortalViewController	-[ADStatsPortalViewController setZombipedia:]
0x1000c9894	16	objc	ADStatsPortalViewController	-[ADStatsPortalViewController stats]
0x1000c98a4	56	objc	ADStatsPortalViewController	-[ADStatsPortalViewController setStats:]
0x1000c98dc	16	objc	ADStatsPortalViewController	-[ADStatsPortalViewController moreGames]
0x1000c98ec	56	objc	ADStatsPortalViewController	-[ADStatsPortalViewController setMoreGames:]
0x1000c9924	16	objc	ADStatsPortalViewController	-[ADStatsPortalViewController credits]
0x1000c9934	56	objc	ADStatsPortalViewController	-[ADStatsPortalViewController setCredits:]
0x1000c996c	104	objc	ADStatsPortalViewController	-[ADStatsPortalViewController .cxx_destruct]
0x1000c99d4	644	objc	ADChallengeSelectorViewController	-[ADChallengeSelectorViewController initWithNibName:bundle:loadChallenge:worldName:]
0x1000c9c58	244	objc	ADChallengeSelectorViewController	-[ADChallengeSelectorViewController dictionaryForChallengeWithName:]
0x1000c9d4c	708	objc	ADChallengeSelectorViewController	-[ADChallengeSelectorViewController viewDidLoad]
0x1000ca010	400	objc	ADChallengeSelectorViewController	-[ADChallengeSelectorViewController loadView]
0x1000ca1a0	128	objc	ADChallengeSelectorViewController	-[ADChallengeSelectorViewController viewWillAppear:]
0x1000ca220	60	objc	ADChallengeSelectorViewController	-[ADChallengeSelectorViewController viewDidAppear:]
0x1000ca25c	392	objc	ADChallengeSelectorViewController	-[ADChallengeSelectorViewController dealloc]
0x1000ca3e4	1472	objc	ADChallengeSelectorViewController	-[ADChallengeSelectorViewController initChallengeList]
0x1000ca9a4	1444	block	ADChallengeSelectorViewController	-[ADChallengeSelectorViewController initChallengeList]_block_invoke
0x1000caf48	52	sub	ADChallengeSelectorViewController	sub_1000caf48
0x1000caf7c	44	sub	ADChallengeSelectorViewController	sub_1000caf7c
0x1000cafa8	1268	objc	ADChallengeSelectorViewController	-[ADChallengeSelectorViewController challengeButtonPressed:]
0x1000cb49c	200	block	ADChallengeSelectorViewController	-[ADChallengeSelectorViewController challengeButtonPressed:]_block_invoke_2
0x1000cb564	40	sub	ADChallengeSelectorViewController	sub_1000cb564
0x1000cb58c	40	sub	ADChallengeSelectorViewController	sub_1000cb58c
0x1000cb5b4	172	block	ADChallengeSelectorViewController	-[ADChallengeSelectorViewController challengeButtonPressed:]_block_invoke
0x1000cb660	40	sub	ADChallengeSelectorViewController	sub_1000cb660
0x1000cb688	40	sub	ADChallengeSelectorViewController	sub_1000cb688
0x1000cb6b0	532	objc	ADChallengeSelectorViewController	-[ADChallengeSelectorViewController loadChallengeWithName:]
0x1000cb8c4	244	objc	ADChallengeSelectorViewController	-[ADChallengeSelectorViewController canStartChallengeWithName:]
0x1000cb9b8	160	objc	ADChallengeSelectorViewController	-[ADChallengeSelectorViewController backButtonPressed]
0x1000cba58	252	objc	ADChallengeSelectorViewController	-[ADChallengeSelectorViewController playButtonSound]
0x1000cbb54	16	objc	ADChallengeSelectorViewController	-[ADChallengeSelectorViewController challengeWorldLabel]
0x1000cbb64	56	objc	ADChallengeSelectorViewController	-[ADChallengeSelectorViewController setChallengeWorldLabel:]
0x1000cbb9c	16	objc	ADChallengeSelectorViewController	-[ADChallengeSelectorViewController challengeScrollView]
0x1000cbbac	56	objc	ADChallengeSelectorViewController	-[ADChallengeSelectorViewController setChallengeScrollView:]
0x1000cbbe4	16	objc	ADChallengeSelectorViewController	-[ADChallengeSelectorViewController challengeIndex]
0x1000cbbf4	56	objc	ADChallengeSelectorViewController	-[ADChallengeSelectorViewController setChallengeIndex:]
0x1000cbc2c	16	objc	ADChallengeSelectorViewController	-[ADChallengeSelectorViewController contentView]
0x1000cbc3c	56	objc	ADChallengeSelectorViewController	-[ADChallengeSelectorViewController setContentView:]
0x1000cbc74	16	objc	ADChallengeSelectorViewController	-[ADChallengeSelectorViewController challengeFiles]
0x1000cbc84	12	objc	ADChallengeSelectorViewController	-[ADChallengeSelectorViewController setChallengeFiles:]
0x1000cbc90	164	objc	ADChallengeSelectorViewController	-[ADChallengeSelectorViewController .cxx_destruct]
0x1000cbd34	60	objc	GlowingImage	-[GlowingImage initWithFrame:]
0x1000cbd70	168	objc	GlowingImage	-[GlowingImage awakeFromNib]
0x1000cbe18	84	block	GlowingImage	-[GlowingImage awakeFromNib]_block_invoke
0x1000cbe6c	8	sub	GlowingImage	sub_1000cbe6c
0x1000cbe74	8	sub	GlowingImage	sub_1000cbe74
0x1000cbe7c	4	block	GlowingImage	-[GlowingImage awakeFromNib]_block_invoke_2
0x1000cbe80	740	objc	UIButton+ADMainButton	-[UIButton(ADMainButton) setupAsMain]
0x1000cc164	372	objc	UIButton+ADMainButton	-[UIButton(ADMainButton) setupAsBlocked]
0x1000cc2d8	436	objc	UIButton+ADMainButton	-[UIButton(ADMainButton) setupAsTarotCardInfo]
0x1000cc48c	276	objc	UIButton+ADMainButton	-[UIButton(ADMainButton) setupAsAccessibleTarotCardInfo]
0x1000cc5a0	748	objc	ADStatsViewController	-[ADStatsViewController initWithNibName:bundle:]
0x1000cc88c	2404	objc	ADStatsViewController	-[ADStatsViewController viewDidLoad]
0x1000cd1f0	260	objc	ADStatsViewController	-[ADStatsViewController loadView]
0x1000cd2f4	16	objc	ADStatsViewController	-[ADStatsViewController viewWillDisappear:]
0x1000cd304	260	objc	ADStatsViewController	-[ADStatsViewController handleAppEnteringBackground:]
0x1000cd408	68	objc	ADStatsViewController	-[ADStatsViewController handleAppEnteringForeground:]
0x1000cd44c	300	objc	ADStatsViewController	-[ADStatsViewController loadData]
0x1000cd578	536	block	ADStatsViewController	-[ADStatsViewController loadData]_block_invoke
0x1000cd790	8	sub	ADStatsViewController	sub_1000cd790
0x1000cd798	8	sub	ADStatsViewController	sub_1000cd798
0x1000cd7a0	2792	objc	ADStatsViewController	-[ADStatsViewController loadEnemies]
0x1000ce288	3140	objc	ADStatsViewController	-[ADStatsViewController loadWeapons]
0x1000ceecc	1580	objc	ADStatsViewController	-[ADStatsViewController createSectionsForWeapons]
0x1000cf4f8	356	block	ADStatsViewController	-[ADStatsViewController createSectionsForWeapons]_block_invoke
0x1000cf65c	16	block	ADStatsViewController	-[ADStatsViewController createSectionsForWeapons]_block_invoke_block_invoke
0x1000cf66c	8	block	ADStatsViewController	-[ADStatsViewController createSectionsForWeapons]_block_invoke_block_invoke_2
0x1000cf674	232	block	ADStatsViewController	-[ADStatsViewController createSectionsForWeapons]_block_invoke_block_invoke_3
0x1000cf75c	52	sub	ADStatsViewController	sub_1000cf75c
0x1000cf790	44	sub	ADStatsViewController	sub_1000cf790
0x1000cf7bc	8	sub	ADStatsViewController	sub_1000cf7bc
0x1000cf7c4	8	sub	ADStatsViewController	sub_1000cf7c4
0x1000cf7cc	1168	objc	ADStatsViewController	-[ADStatsViewController createSectionsForEnemies]
0x1000cfc5c	768	objc	ADStatsViewController	-[ADStatsViewController createGlobalSection]
0x1000cff5c	768	objc	ADStatsViewController	-[ADStatsViewController createEndlessModeSection]
0x1000d025c	60	objc	ADStatsViewController	-[ADStatsViewController didReceiveMemoryWarning]
0x1000d0298	104	objc	ADStatsViewController	-[ADStatsViewController backButtonPressed]
0x1000d0300	4	block	ADStatsViewController	-[ADStatsViewController backButtonPressed]_block_invoke
0x1000d0304	1084	objc	ADStatsViewController	-[ADStatsViewController configureGlobalCell:ForRow:]
0x1000d0740	972	objc	ADStatsViewController	-[ADStatsViewController configureEndlessModeCell:ForRow:]
0x1000d0b0c	232	objc	ADStatsViewController	-[ADStatsViewController formattedScoreFromInt:]
0x1000d0bf4	1020	objc	ADStatsViewController	-[ADStatsViewController configureEnemyCell:ForRow:]
0x1000d0ff0	1164	objc	ADStatsViewController	-[ADStatsViewController configureWeaponCell:ForRow:]
0x1000d147c	4488	objc	ADStatsViewController	-[ADStatsViewController tableView:cellForRowAtIndexPath:]
0x1000d2604	152	objc	ADStatsViewController	-[ADStatsViewController tableView:willDisplayCell:forRowAtIndexPath:]
0x1000d269c	8	objc	ADStatsViewController	-[ADStatsViewController numberOfSectionsInTableView:]
0x1000d26a4	360	objc	ADStatsViewController	-[ADStatsViewController tableView:numberOfRowsInSection:]
0x1000d280c	292	objc	ADStatsViewController	-[ADStatsViewController tableView:heightForHeaderInSection:]
0x1000d2930	760	objc	ADStatsViewController	-[ADStatsViewController tableView:heightForRowAtIndexPath:]
0x1000d2c28	440	objc	ADStatsViewController	-[ADStatsViewController tableView:viewForHeaderInSection:]
0x1000d2de0	32	objc	ADStatsViewController	-[ADStatsViewController tableView]
0x1000d2e00	20	objc	ADStatsViewController	-[ADStatsViewController setTableView:]
0x1000d2e14	16	objc	ADStatsViewController	-[ADStatsViewController globalData]
0x1000d2e24	12	objc	ADStatsViewController	-[ADStatsViewController setGlobalData:]
0x1000d2e30	16	objc	ADStatsViewController	-[ADStatsViewController endlessModeData]
0x1000d2e40	12	objc	ADStatsViewController	-[ADStatsViewController setEndlessModeData:]
0x1000d2e4c	16	objc	ADStatsViewController	-[ADStatsViewController weaponsData]
0x1000d2e5c	12	objc	ADStatsViewController	-[ADStatsViewController setWeaponsData:]
0x1000d2e68	16	objc	ADStatsViewController	-[ADStatsViewController enemiesData]
0x1000d2e78	12	objc	ADStatsViewController	-[ADStatsViewController setEnemiesData:]
0x1000d2e84	16	objc	ADStatsViewController	-[ADStatsViewController endlessModeStatsOrdering]
0x1000d2e94	12	objc	ADStatsViewController	-[ADStatsViewController setEndlessModeStatsOrdering:]
0x1000d2ea0	16	objc	ADStatsViewController	-[ADStatsViewController globalStatsOrdering]
0x1000d2eb0	12	objc	ADStatsViewController	-[ADStatsViewController setGlobalStatsOrdering:]
0x1000d2ebc	16	objc	ADStatsViewController	-[ADStatsViewController enemyCells]
0x1000d2ecc	12	objc	ADStatsViewController	-[ADStatsViewController setEnemyCells:]
0x1000d2ed8	16	objc	ADStatsViewController	-[ADStatsViewController weaponCells]
0x1000d2ee8	12	objc	ADStatsViewController	-[ADStatsViewController setWeaponCells:]
0x1000d2ef4	20	objc	ADStatsViewController	-[ADStatsViewController dataLoaded]
0x1000d2f08	16	objc	ADStatsViewController	-[ADStatsViewController setDataLoaded:]
0x1000d2f18	200	objc	ADStatsViewController	-[ADStatsViewController .cxx_destruct]
0x1000d2fe0	140	objc	ADGameOverEndlessViewController	-[ADGameOverEndlessViewController initWithNibName:bundle:]
0x1000d306c	3476	objc	ADGameOverEndlessViewController	-[ADGameOverEndlessViewController viewDidLoad]
0x1000d3e00	20	block	ADGameOverEndlessViewController	-[ADGameOverEndlessViewController viewDidLoad]_block_invoke
0x1000d3e14	96	block	ADGameOverEndlessViewController	-[ADGameOverEndlessViewController viewDidLoad]_block_invoke_2
0x1000d3e74	8	sub	ADGameOverEndlessViewController	sub_1000d3e74
0x1000d3e7c	8	sub	ADGameOverEndlessViewController	sub_1000d3e7c
0x1000d3e84	876	objc	ADGameOverEndlessViewController	-[ADGameOverEndlessViewController loadView]
0x1000d41f0	92	objc	ADGameOverEndlessViewController	-[ADGameOverEndlessViewController viewDidAppear:]
0x1000d424c	92	objc	ADGameOverEndlessViewController	-[ADGameOverEndlessViewController viewWillAppear:]
0x1000d42a8	392	objc	ADGameOverEndlessViewController	-[ADGameOverEndlessViewController resetCardsModifiersIfNeeded]
0x1000d4430	160	objc	ADGameOverEndlessViewController	-[ADGameOverEndlessViewController backButtonPressed]
0x1000d44d0	164	objc	ADGameOverEndlessViewController	-[ADGameOverEndlessViewController playAgainButtonPressed:]
0x1000d4574	172	objc	ADGameOverEndlessViewController	-[ADGameOverEndlessViewController showGameStatistics:]
0x1000d4620	204	objc	ADGameOverEndlessViewController	-[ADGameOverEndlessViewController positionView]
0x1000d46ec	4	objc	ADGameOverEndlessViewController	-[ADGameOverEndlessViewController swipeLeft]
0x1000d46f0	4	objc	ADGameOverEndlessViewController	-[ADGameOverEndlessViewController swipeRight]
0x1000d46f4	852	objc	ADGameOverEndlessViewController	-[ADGameOverEndlessViewController reportScoreToGameCenter]
0x1000d4a48	4	block	ADGameOverEndlessViewController	-[ADGameOverEndlessViewController reportScoreToGameCenter]_block_invoke
0x1000d4a4c	4	block	ADGameOverEndlessViewController	-[ADGameOverEndlessViewController reportScoreToGameCenter]_block_invoke_2
0x1000d4a50	904	objc	ADGameOverEndlessViewController	-[ADGameOverEndlessViewController twitterScreenshotButtonPressed:]
0x1000d4dd8	4	objc	ADGameOverEndlessViewController	-[ADGameOverEndlessViewController scoreReported:]
0x1000d4ddc	60	objc	ADGameOverEndlessViewController	-[ADGameOverEndlessViewController didReceiveMemoryWarning]
0x1000d4e18	284	objc	ADGameOverEndlessViewController	-[ADGameOverEndlessViewController dealloc]
0x1000d4f34	632	objc	ADGameOverEndlessViewController	-[ADGameOverEndlessViewController refreshMission:WithTag:]
0x1000d51ac	16	objc	ADGameOverEndlessViewController	-[ADGameOverEndlessViewController statisticsButton]
0x1000d51bc	12	objc	ADGameOverEndlessViewController	-[ADGameOverEndlessViewController setStatisticsButton:]
0x1000d51c8	16	objc	ADGameOverEndlessViewController	-[ADGameOverEndlessViewController extraMoneyImage]
0x1000d51d8	56	objc	ADGameOverEndlessViewController	-[ADGameOverEndlessViewController setExtraMoneyImage:]
0x1000d5210	16	objc	ADGameOverEndlessViewController	-[ADGameOverEndlessViewController highScoreLabel]
0x1000d5220	56	objc	ADGameOverEndlessViewController	-[ADGameOverEndlessViewController setHighScoreLabel:]
0x1000d5258	16	objc	ADGameOverEndlessViewController	-[ADGameOverEndlessViewController unlockableWeaponsLabel]
0x1000d5268	56	objc	ADGameOverEndlessViewController	-[ADGameOverEndlessViewController setUnlockableWeaponsLabel:]
0x1000d52a0	16	objc	ADGameOverEndlessViewController	-[ADGameOverEndlessViewController viewForTwitterScreenshot]
0x1000d52b0	56	objc	ADGameOverEndlessViewController	-[ADGameOverEndlessViewController setViewForTwitterScreenshot:]
0x1000d52e8	20	objc	ADGameOverEndlessViewController	-[ADGameOverEndlessViewController displayingMissions]
0x1000d52fc	16	objc	ADGameOverEndlessViewController	-[ADGameOverEndlessViewController setDisplayingMissions:]
0x1000d530c	124	objc	ADGameOverEndlessViewController	-[ADGameOverEndlessViewController .cxx_destruct]
0x1000d5388	300	objc	UITextView+ADTextView	-[UITextView(ADTextView) setupAsInfo]
0x1000d54b4	300	objc	UITextView+ADTextView	-[UITextView(ADTextView) setupAsParagraph]
0x1000d55e0	300	objc	UITextView+ADTextView	-[UITextView(ADTextView) setupAsMain]
0x1000d570c	180	objc	ADPasserByManager	-[ADPasserByManager init]
0x1000d57c0	420	objc	ADPasserByManager	-[ADPasserByManager startTimers]
0x1000d5964	16	objc	ADPasserByManager	-[ADPasserByManager allPasserBy]
0x1000d5974	44	objc	ADPasserByManager	-[ADPasserByManager addPasserBy:]
0x1000d59a0	28	objc	ADPasserByManager	-[ADPasserByManager removeAllPassersBy]
0x1000d59bc	40	objc	ADPasserByManager	-[ADPasserByManager clean]
0x1000d59e4	800	objc	ADPasserByManager	-[ADPasserByManager update:]
0x1000d5d04	516	objc	ADPasserByManager	-[ADPasserByManager generateCow]
0x1000d5f08	476	objc	ADPasserByManager	-[ADPasserByManager generateCar]
0x1000d60e4	92	objc	ADPasserByManager	-[ADPasserByManager randomizeNextCar]
0x1000d6140	92	objc	ADPasserByManager	-[ADPasserByManager randomizeNextCow]
0x1000d619c	568	objc	ADPasserByManager	-[ADPasserByManager availablePlaylistNameInArray:]
0x1000d63d4	272	objc	ADPasserByManager	-[ADPasserByManager addJukebox]
0x1000d64e4	276	objc	ADPasserByManager	-[ADPasserByManager addMachine]
0x1000d65f8	308	objc	ADPasserByManager	-[ADPasserByManager pause]
0x1000d672c	308	objc	ADPasserByManager	-[ADPasserByManager resume]
0x1000d6860	20	objc	ADPasserByManager	-[ADPasserByManager .cxx_destruct]
0x1000d6874	188	objc	ADChallengeWeaponViewController	-[ADChallengeWeaponViewController initWithWeaponName:ammo:]
0x1000d6930	916	objc	ADChallengeWeaponViewController	-[ADChallengeWeaponViewController viewDidLoad]
0x1000d6cc4	60	objc	ADChallengeWeaponViewController	-[ADChallengeWeaponViewController didReceiveMemoryWarning]
0x1000d6d00	16	objc	ADChallengeWeaponViewController	-[ADChallengeWeaponViewController weaponImage]
0x1000d6d10	56	objc	ADChallengeWeaponViewController	-[ADChallengeWeaponViewController setWeaponImage:]
0x1000d6d48	16	objc	ADChallengeWeaponViewController	-[ADChallengeWeaponViewController weaponLabel]
0x1000d6d58	56	objc	ADChallengeWeaponViewController	-[ADChallengeWeaponViewController setWeaponLabel:]
0x1000d6d90	16	objc	ADChallengeWeaponViewController	-[ADChallengeWeaponViewController ammoLabel]
0x1000d6da0	56	objc	ADChallengeWeaponViewController	-[ADChallengeWeaponViewController setAmmoLabel:]
0x1000d6dd8	104	objc	ADChallengeWeaponViewController	-[ADChallengeWeaponViewController .cxx_destruct]
0x1000d6e40	60	objc	ADEncycVertCell	-[ADEncycVertCell initWithStyle:reuseIdentifier:]
0x1000d6e7c	92	objc	ADEncycVertCell	-[ADEncycVertCell awakeFromNib]
0x1000d6ed8	60	objc	ADEncycVertCell	-[ADEncycVertCell setSelected:animated:]
0x1000d6f14	172	objc	ADEncycVertCell	-[ADEncycVertCell zombieNameButtonPressed:]
0x1000d6fc0	164	objc	ADEncycVertCell	-[ADEncycVertCell setAccessibilityElementsHidden:]
0x1000d7064	16	objc	ADEncycVertCell	-[ADEncycVertCell zombieNameButton]
0x1000d7074	56	objc	ADEncycVertCell	-[ADEncycVertCell setZombieNameButton:]
0x1000d70ac	32	objc	ADEncycVertCell	-[ADEncycVertCell delegate]
0x1000d70cc	20	objc	ADEncycVertCell	-[ADEncycVertCell setDelegate:]
0x1000d70e0	16	objc	ADEncycVertCell	-[ADEncycVertCell cellName]
0x1000d70f0	12	objc	ADEncycVertCell	-[ADEncycVertCell setCellName:]
0x1000d70fc	80	objc	ADEncycVertCell	-[ADEncycVertCell .cxx_destruct]
0x1000d714c	60	objc	ADLabelWithCoins	-[ADLabelWithCoins initWithFrame:]
0x1000d7188	244	objc	ADLabelWithCoins	-[ADLabelWithCoins animateCoins]
0x1000d727c	32	objc	ADLabelWithCoins	-[ADLabelWithCoins delegate]
0x1000d729c	20	objc	ADLabelWithCoins	-[ADLabelWithCoins setDelegate:]
0x1000d72b0	32	objc	ADLabelWithCoins	-[ADLabelWithCoins fromView]
0x1000d72d0	20	objc	ADLabelWithCoins	-[ADLabelWithCoins setFromView:]
0x1000d72e4	16	objc	ADLabelWithCoins	-[ADLabelWithCoins value]
0x1000d72f4	16	objc	ADLabelWithCoins	-[ADLabelWithCoins setValue:]
0x1000d7304	16	objc	ADLabelWithCoins	-[ADLabelWithCoins prority]
0x1000d7314	16	objc	ADLabelWithCoins	-[ADLabelWithCoins setPrority:]
0x1000d7324	20	objc	ADLabelWithCoins	-[ADLabelWithCoins didAnimate]
0x1000d7338	16	objc	ADLabelWithCoins	-[ADLabelWithCoins setDidAnimate:]
0x1000d7348	56	objc	ADLabelWithCoins	-[ADLabelWithCoins .cxx_destruct]
0x1000d7380	1012	objc	ADTeslaPowerUp	-[ADTeslaPowerUp preload]
0x1000d7774	248	objc	ADTeslaPowerUp	-[ADTeslaPowerUp use]
0x1000d786c	704	objc	ADTeslaPowerUp	-[ADTeslaPowerUp update:]
0x1000d7b2c	72	block	ADTeslaPowerUp	-[ADTeslaPowerUp update:]_block_invoke
0x1000d7b74	8	sub	ADTeslaPowerUp	sub_1000d7b74
0x1000d7b7c	8	sub	ADTeslaPowerUp	sub_1000d7b7c
0x1000d7b84	400	objc	ADTeslaPowerUp	-[ADTeslaPowerUp clean]
0x1000d7d14	392	objc	ADShakeDetector	-[ADShakeDetector init]
0x1000d7e9c	88	block	ADShakeDetector	-[ADShakeDetector init]_block_invoke
0x1000d7ef4	8	sub	ADShakeDetector	sub_1000d7ef4
0x1000d7efc	8	sub	ADShakeDetector	sub_1000d7efc
0x1000d7f04	428	objc	ADShakeDetector	-[ADShakeDetector motionMethod:]
0x1000d80b0	64	objc	ADShakeDetector	-[ADShakeDetector stopMotionManager]
0x1000d80f0	16	objc	ADShakeDetector	-[ADShakeDetector weaponManager]
0x1000d8100	56	objc	ADShakeDetector	-[ADShakeDetector setWeaponManager:]
0x1000d8138	64	objc	ADShakeDetector	-[ADShakeDetector .cxx_destruct]
0x1000d8178	208	objc	ADChallengeOverviewViewController	-[ADChallengeOverviewViewController initWithDictionary:]
0x1000d8248	1088	objc	ADChallengeOverviewViewController	-[ADChallengeOverviewViewController viewDidLoad]
0x1000d8688	740	objc	ADChallengeOverviewViewController	-[ADChallengeOverviewViewController loadView]
0x1000d896c	476	objc	ADChallengeOverviewViewController	-[ADChallengeOverviewViewController loadEquipment]
0x1000d8b48	256	objc	ADChallengeOverviewViewController	-[ADChallengeOverviewViewController playButtonPressed:]
0x1000d8c48	104	objc	ADChallengeOverviewViewController	-[ADChallengeOverviewViewController missionsButtonPressed:]
0x1000d8cb0	160	objc	ADChallengeOverviewViewController	-[ADChallengeOverviewViewController backButtonPressed]
0x1000d8d50	252	objc	ADChallengeOverviewViewController	-[ADChallengeOverviewViewController playButtonSound]
0x1000d8e4c	16	objc	ADChallengeOverviewViewController	-[ADChallengeOverviewViewController challengeEquipement]
0x1000d8e5c	56	objc	ADChallengeOverviewViewController	-[ADChallengeOverviewViewController setChallengeEquipement:]
0x1000d8e94	32	objc	ADChallengeOverviewViewController	-[ADChallengeOverviewViewController challengeObjective]
0x1000d8eb4	20	objc	ADChallengeOverviewViewController	-[ADChallengeOverviewViewController setChallengeObjective:]
0x1000d8ec8	100	objc	ADChallengeOverviewViewController	-[ADChallengeOverviewViewController .cxx_destruct]
0x1000d8f2c	140	objc	ADDebugMapViewController	-[ADDebugMapViewController initWithNibName:bundle:]
0x1000d8fb8	560	objc	ADDebugMapViewController	-[ADDebugMapViewController viewDidLoad]
0x1000d91e8	60	objc	ADDebugMapViewController	-[ADDebugMapViewController didReceiveMemoryWarning]
0x1000d9224	2184	objc	ADDebugMapViewController	-[ADDebugMapViewController update]
0x1000d9aac	1492	objc	ADDebugMapViewController	-[ADDebugMapViewController updateProjectiles:]
0x1000da080	404	objc	ADDebugMapViewController	-[ADDebugMapViewController updateWeaponRange:angle:]
0x1000da214	92	objc	ADDebugMapViewController	-[ADDebugMapViewController viewDidUnload]
0x1000da270	32	objc	ADDebugMapViewController	-[ADDebugMapViewController debugMapView]
0x1000da290	20	objc	ADDebugMapViewController	-[ADDebugMapViewController setDebugMapView:]
0x1000da2a4	16	objc	ADDebugMapViewController	-[ADDebugMapViewController brickName]
0x1000da2b4	56	objc	ADDebugMapViewController	-[ADDebugMapViewController setBrickName:]
0x1000da2ec	100	objc	ADDebugMapViewController	-[ADDebugMapViewController .cxx_destruct]
0x1000da350	208	objc	ADChallengeGameplayViewController	-[ADChallengeGameplayViewController initWithNibName:bundle:challengeDictionary:]
0x1000da420	532	objc	ADChallengeGameplayViewController	-[ADChallengeGameplayViewController viewDidLoad]
0x1000da634	60	objc	ADChallengeGameplayViewController	-[ADChallengeGameplayViewController viewWillAppear:]
0x1000da670	60	objc	ADChallengeGameplayViewController	-[ADChallengeGameplayViewController viewWillDisappear:]
0x1000da6ac	124	objc	ADChallengeGameplayViewController	-[ADChallengeGameplayViewController setGameModeDimension]
0x1000da728	108	objc	ADChallengeGameplayViewController	-[ADChallengeGameplayViewController skipButtonPressed:]
0x1000da794	724	objc	ADChallengeGameplayViewController	-[ADChallengeGameplayViewController update]
0x1000daa68	280	objc	ADChallengeGameplayViewController	-[ADChallengeGameplayViewController updateStats]
0x1000dab80	224	objc	ADChallengeGameplayViewController	-[ADChallengeGameplayViewController timeStringFromSeconds:]
0x1000dac60	788	objc	ADChallengeGameplayViewController	-[ADChallengeGameplayViewController initWeaponManager]
0x1000daf74	484	objc	ADChallengeGameplayViewController	-[ADChallengeGameplayViewController initBrickManager]
0x1000db158	656	objc	ADChallengeGameplayViewController	-[ADChallengeGameplayViewController initAmbiantManager]
0x1000db3e8	100	objc	ADChallengeGameplayViewController	-[ADChallengeGameplayViewController ambiantManagerDidActivatePlaylist]
0x1000db44c	108	objc	ADChallengeGameplayViewController	-[ADChallengeGameplayViewController initStats]
0x1000db4b8	16	objc	ADChallengeGameplayViewController	-[ADChallengeGameplayViewController quitGameplayWithFail]
0x1000db4c8	192	objc	ADChallengeGameplayViewController	-[ADChallengeGameplayViewController goToChallengeFailedScreen]
0x1000db588	124	objc	ADChallengeGameplayViewController	-[ADChallengeGameplayViewController goToScoreScreen]
0x1000db604	36	objc	ADChallengeGameplayViewController	-[ADChallengeGameplayViewController getChallengeID]
0x1000db628	156	objc	ADChallengeGameplayViewController	-[ADChallengeGameplayViewController goToChallengeCompletedScreen]
0x1000db6c4	180	block	ADChallengeGameplayViewController	-[ADChallengeGameplayViewController goToChallengeCompletedScreen]_block_invoke
0x1000db778	8	sub	ADChallengeGameplayViewController	sub_1000db778
0x1000db780	8	sub	ADChallengeGameplayViewController	sub_1000db780
0x1000db788	356	objc	ADChallengeGameplayViewController	-[ADChallengeGameplayViewController showDeathOverlay]
0x1000db8ec	20	objc	ADChallengeGameplayViewController	-[ADChallengeGameplayViewController .cxx_destruct]
0x1000db900	60	objc	ADGameOverEndlessStatsEnemies	-[ADGameOverEndlessStatsEnemies initWithFrame:]
0x1000db93c	732	objc	ADGameOverEndlessStatsEnemies	-[ADGameOverEndlessStatsEnemies awakeFromNib]
0x1000dbc18	2240	objc	ADGameOverEndlessStatsEnemies	-[ADGameOverEndlessStatsEnemies populateViewWithEnemyData:]
0x1000dc4d8	892	objc	ADGameOverEndlessStatsEnemies	-[ADGameOverEndlessStatsEnemies drawRect:]
0x1000dc854	64	objc	ADGameOverEndlessStatsEnemies	-[ADGameOverEndlessStatsEnemies scrollViewFrame]
0x1000dc894	64	objc	ADGameOverEndlessStatsEnemies	-[ADGameOverEndlessStatsEnemies setScrollViewFrame:]
0x1000dc8d4	16	objc	ADGameOverEndlessStatsEnemies	-[ADGameOverEndlessStatsEnemies labelTags]
0x1000dc8e4	12	objc	ADGameOverEndlessStatsEnemies	-[ADGameOverEndlessStatsEnemies setLabelTags:]
0x1000dc8f0	16	objc	ADGameOverEndlessStatsEnemies	-[ADGameOverEndlessStatsEnemies labelTagAnimationTriggers]
0x1000dc900	12	objc	ADGameOverEndlessStatsEnemies	-[ADGameOverEndlessStatsEnemies setLabelTagAnimationTriggers:]
0x1000dc90c	16	objc	ADGameOverEndlessStatsEnemies	-[ADGameOverEndlessStatsEnemies contentView]
0x1000dc91c	12	objc	ADGameOverEndlessStatsEnemies	-[ADGameOverEndlessStatsEnemies setContentView:]
0x1000dc928	20	objc	ADGameOverEndlessStatsEnemies	-[ADGameOverEndlessStatsEnemies contentViewWidth]
0x1000dc93c	20	objc	ADGameOverEndlessStatsEnemies	-[ADGameOverEndlessStatsEnemies setContentViewWidth:]
0x1000dc950	20	objc	ADGameOverEndlessStatsEnemies	-[ADGameOverEndlessStatsEnemies contentViewHeight]
0x1000dc964	20	objc	ADGameOverEndlessStatsEnemies	-[ADGameOverEndlessStatsEnemies setContentViewHeight:]
0x1000dc978	84	objc	ADGameOverEndlessStatsEnemies	-[ADGameOverEndlessStatsEnemies .cxx_destruct]
0x1000dc9cc	4	objc	ADGameOverEndlessStatsEnemies	-[ADGameOverEndlessStatsEnemies .cxx_construct]
0x1000dc9d0	180	objc	ADPurchaseConfirmationViewController	-[ADPurchaseConfirmationViewController initWithDictionary:]
0x1000dca84	412	objc	ADPurchaseConfirmationViewController	-[ADPurchaseConfirmationViewController viewDidLoad]
0x1000dcc20	1128	objc	ADPurchaseConfirmationViewController	-[ADPurchaseConfirmationViewController purchaseButtonPressed:]
0x1000dd088	156	block	ADPurchaseConfirmationViewController	-[ADPurchaseConfirmationViewController purchaseButtonPressed:]_block_invoke
0x1000dd124	8	sub	ADPurchaseConfirmationViewController	sub_1000dd124
0x1000dd12c	8	sub	ADPurchaseConfirmationViewController	sub_1000dd12c
0x1000dd134	224	block	ADPurchaseConfirmationViewController	-[ADPurchaseConfirmationViewController purchaseButtonPressed:]_block_invoke_2
0x1000dd214	156	block	ADPurchaseConfirmationViewController	-[ADPurchaseConfirmationViewController purchaseButtonPressed:]_block_invoke_2_block_invoke
0x1000dd2b0	8	sub	ADPurchaseConfirmationViewController	sub_1000dd2b0
0x1000dd2b8	8	sub	ADPurchaseConfirmationViewController	sub_1000dd2b8
0x1000dd2c0	224	block	ADPurchaseConfirmationViewController	-[ADPurchaseConfirmationViewController purchaseButtonPressed:]_block_invoke_2_block_invoke_2
0x1000dd3a0	156	block	ADPurchaseConfirmationViewController	-[ADPurchaseConfirmationViewController purchaseButtonPressed:]_block_invoke_2_block_invoke_2_block_invoke
0x1000dd43c	8	sub	ADPurchaseConfirmationViewController	sub_1000dd43c
0x1000dd444	8	sub	ADPurchaseConfirmationViewController	sub_1000dd444
0x1000dd44c	32	block	ADPurchaseConfirmationViewController	-[ADPurchaseConfirmationViewController purchaseButtonPressed:]_block_invoke_2_block_invoke_2_block_invoke_2
0x1000dd46c	4	block	ADPurchaseConfirmationViewController	-[ADPurchaseConfirmationViewController purchaseButtonPressed:]_block_invoke_2_block_invoke_2_block_invoke_2_block_invoke
0x1000dd470	8	sub	ADPurchaseConfirmationViewController	sub_1000dd470
0x1000dd478	8	sub	ADPurchaseConfirmationViewController	sub_1000dd478
0x1000dd480	8	sub	ADPurchaseConfirmationViewController	sub_1000dd480
0x1000dd488	8	sub	ADPurchaseConfirmationViewController	sub_1000dd488
0x1000dd490	8	sub	ADPurchaseConfirmationViewController	sub_1000dd490
0x1000dd498	8	sub	ADPurchaseConfirmationViewController	sub_1000dd498
0x1000dd4a0	44	objc	ADPurchaseConfirmationViewController	-[ADPurchaseConfirmationViewController cancelButtonPressed:]
0x1000dd4cc	4	block	ADPurchaseConfirmationViewController	-[ADPurchaseConfirmationViewController cancelButtonPressed:]_block_invoke
0x1000dd4d0	16	objc	ADPurchaseConfirmationViewController	-[ADPurchaseConfirmationViewController weaponDict]
0x1000dd4e0	56	objc	ADPurchaseConfirmationViewController	-[ADPurchaseConfirmationViewController setWeaponDict:]
0x1000dd518	16	objc	ADPurchaseConfirmationViewController	-[ADPurchaseConfirmationViewController weaponLabel]
0x1000dd528	56	objc	ADPurchaseConfirmationViewController	-[ADPurchaseConfirmationViewController setWeaponLabel:]
0x1000dd560	16	objc	ADPurchaseConfirmationViewController	-[ADPurchaseConfirmationViewController purchaseButton]
0x1000dd570	56	objc	ADPurchaseConfirmationViewController	-[ADPurchaseConfirmationViewController setPurchaseButton:]
0x1000dd5a8	16	objc	ADPurchaseConfirmationViewController	-[ADPurchaseConfirmationViewController cancelButton]
0x1000dd5b8	56	objc	ADPurchaseConfirmationViewController	-[ADPurchaseConfirmationViewController setCancelButton:]
0x1000dd5f0	16	objc	ADPurchaseConfirmationViewController	-[ADPurchaseConfirmationViewController popupView]
0x1000dd600	56	objc	ADPurchaseConfirmationViewController	-[ADPurchaseConfirmationViewController setPopupView:]
0x1000dd638	124	objc	ADPurchaseConfirmationViewController	-[ADPurchaseConfirmationViewController .cxx_destruct]
0x1000dd6b4	140	objc	GAIFields+ADDimensionsWrapper	+[GAIFields(ADDimensionsWrapper) customDimensionForName:]
0x1000dd740	140	objc	GAIFields+ADDimensionsWrapper	+[GAIFields(ADDimensionsWrapper) customMetricForName:]
0x1000dd7cc	68	objc	ADTracker	+[ADTracker sharedInstance]
0x1000dd810	264	block	ADTracker	+[ADTracker sharedInstance]_block_invoke
0x1000dd918	4	objc	ADTracker	+[ADTracker printDimensionTable]
0x1000dd91c	4	objc	ADTracker	+[ADTracker printMetricTable]
0x1000dd920	276	objc	ADTracker	+[ADTracker indexForDimensionName:]
0x1000dda34	276	objc	ADTracker	+[ADTracker indexForMetricName:]
0x1000ddb48	528	objc	ADTracker	-[ADTracker setValue:ForDimension:AndValue:ForMetric:]
0x1000ddd58	744	objc	ADTracker	-[ADTracker removeValueForDimension:AndRemoveValueForMetric:]
0x1000de040	16	objc	ADTracker	-[ADTracker dimensionDictionary]
0x1000de050	12	objc	ADTracker	-[ADTracker setDimensionDictionary:]
0x1000de05c	16	objc	ADTracker	-[ADTracker metricDictionary]
0x1000de06c	12	objc	ADTracker	-[ADTracker setMetricDictionary:]
0x1000de078	20	objc	ADTracker	-[ADTracker configured]
0x1000de08c	16	objc	ADTracker	-[ADTracker setConfigured:]
0x1000de09c	16	objc	ADTracker	-[ADTracker trackerInventory]
0x1000de0ac	12	objc	ADTracker	-[ADTracker setTrackerInventory:]
0x1000de0b8	84	objc	ADTracker	-[ADTracker .cxx_destruct]
0x1000de10c	228	objc	ADGameModifiers	+[ADGameModifiers sharedModifiers]
0x1000de1f0	812	objc	ADGameModifiers	-[ADGameModifiers resetModifiers]
0x1000de51c	104	objc	ADGameModifiers	-[ADGameModifiers headShotModifier]
0x1000de584	140	objc	ADGameModifiers	-[ADGameModifiers enemiLifeModifier]
0x1000de610	140	objc	ADGameModifiers	-[ADGameModifiers enemiSpeedModifier]
0x1000de69c	120	objc	ADGameModifiers	-[ADGameModifiers gunDamagesModifier]
0x1000de714	104	objc	ADGameModifiers	-[ADGameModifiers meleeDamagesModifier]
0x1000de77c	120	objc	ADGameModifiers	-[ADGameModifiers reloadTimeModifier]
0x1000de7f4	104	objc	ADGameModifiers	-[ADGameModifiers spreadModifier]
0x1000de85c	168	objc	ADGameModifiers	-[ADGameModifiers logModifiers]
0x1000de904	220	objc	ADGameModifiers	-[ADGameModifiers setTesla:]
0x1000de9e0	8	objc	ADGameModifiers	-[ADGameModifiers isTodayNewMoon]
0x1000de9e8	652	objc	ADGameModifiers	-[ADGameModifiers checkFullMoon]
0x1000dec74	20	objc	ADGameModifiers	-[ADGameModifiers slowerEnemies]
0x1000dec88	16	objc	ADGameModifiers	-[ADGameModifiers setSlowerEnemies:]
0x1000dec98	20	objc	ADGameModifiers	-[ADGameModifiers weakerEnemies]
0x1000decac	16	objc	ADGameModifiers	-[ADGameModifiers setWeakerEnemies:]
0x1000decbc	20	objc	ADGameModifiers	-[ADGameModifiers moreMeleeDamages]
0x1000decd0	16	objc	ADGameModifiers	-[ADGameModifiers setMoreMeleeDamages:]
0x1000dece0	20	objc	ADGameModifiers	-[ADGameModifiers moreDamages]
0x1000decf4	16	objc	ADGameModifiers	-[ADGameModifiers setMoreDamages:]
0x1000ded04	20	objc	ADGameModifiers	-[ADGameModifiers moreBullets]
0x1000ded18	16	objc	ADGameModifiers	-[ADGameModifiers setMoreBullets:]
0x1000ded28	20	objc	ADGameModifiers	-[ADGameModifiers freeRevive]
0x1000ded3c	16	objc	ADGameModifiers	-[ADGameModifiers setFreeRevive:]
0x1000ded4c	20	objc	ADGameModifiers	-[ADGameModifiers luckyShots]
0x1000ded60	16	objc	ADGameModifiers	-[ADGameModifiers setLuckyShots:]
0x1000ded70	20	objc	ADGameModifiers	-[ADGameModifiers metalDetector]
0x1000ded84	16	objc	ADGameModifiers	-[ADGameModifiers setMetalDetector:]
0x1000ded94	16	objc	ADGameModifiers	-[ADGameModifiers tesla]
0x1000deda4	20	objc	ADGameModifiers	-[ADGameModifiers goldenBullet]
0x1000dedb8	16	objc	ADGameModifiers	-[ADGameModifiers setGoldenBullet:]
0x1000dedc8	20	objc	ADGameModifiers	-[ADGameModifiers widerSpread]
0x1000deddc	16	objc	ADGameModifiers	-[ADGameModifiers setWiderSpread:]
0x1000dedec	20	objc	ADGameModifiers	-[ADGameModifiers moreHeadshots]
0x1000dee00	16	objc	ADGameModifiers	-[ADGameModifiers setMoreHeadshots:]
0x1000dee10	20	objc	ADGameModifiers	-[ADGameModifiers baseComboBonus]
0x1000dee24	16	objc	ADGameModifiers	-[ADGameModifiers setBaseComboBonus:]
0x1000dee34	20	objc	ADGameModifiers	-[ADGameModifiers morePowerUps]
0x1000dee48	16	objc	ADGameModifiers	-[ADGameModifiers setMorePowerUps:]
0x1000dee58	20	objc	ADGameModifiers	-[ADGameModifiers betterPowerUps]
0x1000dee6c	16	objc	ADGameModifiers	-[ADGameModifiers setBetterPowerUps:]
0x1000dee7c	20	objc	ADGameModifiers	-[ADGameModifiers lessHeadshots]
0x1000dee90	16	objc	ADGameModifiers	-[ADGameModifiers setLessHeadshots:]
0x1000deea0	20	objc	ADGameModifiers	-[ADGameModifiers strongerEnemies]
0x1000deeb4	16	objc	ADGameModifiers	-[ADGameModifiers setStrongerEnemies:]
0x1000deec4	20	objc	ADGameModifiers	-[ADGameModifiers rustyWeapons]
0x1000deed8	16	objc	ADGameModifiers	-[ADGameModifiers setRustyWeapons:]
0x1000deee8	20	objc	ADGameModifiers	-[ADGameModifiers enragedHorde]
0x1000deefc	16	objc	ADGameModifiers	-[ADGameModifiers setEnragedHorde:]
0x1000def0c	20	objc	ADGameModifiers	-[ADGameModifiers narrowedSpread]
0x1000def20	16	objc	ADGameModifiers	-[ADGameModifiers setNarrowedSpread:]
0x1000def30	20	objc	ADGameModifiers	-[ADGameModifiers cows]
0x1000def44	16	objc	ADGameModifiers	-[ADGameModifiers setCows:]
0x1000def54	20	objc	ADGameModifiers	-[ADGameModifiers cars]
0x1000def68	16	objc	ADGameModifiers	-[ADGameModifiers setCars:]
0x1000def78	20	objc	ADGameModifiers	-[ADGameModifiers storm]
0x1000def8c	16	objc	ADGameModifiers	-[ADGameModifiers setStorm:]
0x1000def9c	20	objc	ADGameModifiers	-[ADGameModifiers jukebox]
0x1000defb0	16	objc	ADGameModifiers	-[ADGameModifiers setJukebox:]
0x1000defc0	20	objc	ADGameModifiers	-[ADGameModifiers machine]
0x1000defd4	16	objc	ADGameModifiers	-[ADGameModifiers setMachine:]
0x1000defe4	20	objc	ADGameModifiers	-[ADGameModifiers noCritical]
0x1000deff8	16	objc	ADGameModifiers	-[ADGameModifiers setNoCritical:]
0x1000df008	20	objc	ADGameModifiers	-[ADGameModifiers fullMoon]
0x1000df01c	16	objc	ADGameModifiers	-[ADGameModifiers setFullMoon:]
0x1000df02c	20	objc	ADGameModifiers	-[ADGameModifiers bullshit]
0x1000df040	16	objc	ADGameModifiers	-[ADGameModifiers setBullshit:]
0x1000df050	20	objc	ADGameModifiers	-[ADGameModifiers fasterReloadTime]
0x1000df064	16	objc	ADGameModifiers	-[ADGameModifiers setFasterReloadTime:]
0x1000df074	20	objc	ADGameModifiers	-[ADGameModifiers slowerReloadTime]
0x1000df088	16	objc	ADGameModifiers	-[ADGameModifiers setSlowerReloadTime:]
0x1000df098	20	objc	ADGameModifiers	-[ADGameModifiers fasterEnemies]
0x1000df0ac	16	objc	ADGameModifiers	-[ADGameModifiers setFasterEnemies:]
0x1000df0bc	20	objc	ADGameModifiers	-[ADGameModifiers lessDamages]
0x1000df0d0	16	objc	ADGameModifiers	-[ADGameModifiers setLessDamages:]
0x1000df0e0	20	objc	ADGameModifiers	-[ADGameModifiers lessMeleeDamages]
0x1000df0f4	16	objc	ADGameModifiers	-[ADGameModifiers setLessMeleeDamages:]
0x1000df104	20	objc	ADGameModifiers	-[ADGameModifiers lessBullets]
0x1000df118	16	objc	ADGameModifiers	-[ADGameModifiers setLessBullets:]
0x1000df128	20	objc	ADGameModifiers	-[ADGameModifiers difficultyModifier]
0x1000df13c	20	objc	ADGameModifiers	-[ADGameModifiers setDifficultyModifier:]
0x1000df150	340	sub	ADGameModifiers	sub_1000df150
0x1000df2a4	36	objc	CWLOrderedDictionary	-[CWLOrderedDictionary init]
0x1000df2c8	324	objc	CWLOrderedDictionary	-[CWLOrderedDictionary initWithCapacity:]
0x1000df40c	60	objc	CWLOrderedDictionary	-[CWLOrderedDictionary dealloc]
0x1000df448	16	objc	CWLOrderedDictionary	-[CWLOrderedDictionary copy]
0x1000df458	224	objc	CWLOrderedDictionary	-[CWLOrderedDictionary setObject:forKey:]
0x1000df538	128	objc	CWLOrderedDictionary	-[CWLOrderedDictionary removeObjectForKey:]
0x1000df5b8	28	objc	CWLOrderedDictionary	-[CWLOrderedDictionary count]
0x1000df5d4	52	objc	CWLOrderedDictionary	-[CWLOrderedDictionary objectForKey:]
0x1000df608	28	objc	CWLOrderedDictionary	-[CWLOrderedDictionary keyEnumerator]
0x1000df624	28	objc	CWLOrderedDictionary	-[CWLOrderedDictionary reverseKeyEnumerator]
0x1000df640	256	objc	CWLOrderedDictionary	-[CWLOrderedDictionary insertObject:forKey:atIndex:]
0x1000df740	28	objc	CWLOrderedDictionary	-[CWLOrderedDictionary keyAtIndex:]
0x1000df75c	780	objc	CWLOrderedDictionary	-[CWLOrderedDictionary descriptionWithLocale:indent:]
0x1000dfa68	16	objc	CWLOrderedDictionary	-[CWLOrderedDictionary dictionary]
0x1000dfa78	56	objc	CWLOrderedDictionary	-[CWLOrderedDictionary setDictionary:]
0x1000dfab0	16	objc	CWLOrderedDictionary	-[CWLOrderedDictionary array]
0x1000dfac0	56	objc	CWLOrderedDictionary	-[CWLOrderedDictionary setArray:]
0x1000dfaf8	64	objc	CWLOrderedDictionary	-[CWLOrderedDictionary .cxx_destruct]
0x1000dfb38	28	objc	NSMutableArray+Stack	+[NSMutableArray(Stack) stack]
0x1000dfb54	32	objc	NSMutableArray+Stack	-[NSMutableArray(Stack) push:]
0x1000dfb74	100	objc	NSMutableArray+Stack	-[NSMutableArray(Stack) pop]
0x1000dfbd8	16	objc	NSMutableArray+Stack	-[NSMutableArray(Stack) peek]
0x1000dfbe8	40	objc	NSMutableArray+Stack	-[NSMutableArray(Stack) empty]
0x1000dfc10	116	objc	SExpTokenizer	+[SExpTokenizer simpleSExpTokenizer:]
0x1000dfc84	420	objc	SExpTokenizer	-[SExpTokenizer initWithInputStream:]
0x1000dfe28	72	objc	SExpTokenizer	-[SExpTokenizer nextToken]
0x1000dfe70	1504	objc	SExpTokenizer	-[SExpTokenizer nextTokenInternal]
0x1000e0450	112	objc	SExpTokenizer	-[SExpTokenizer dealloc]
0x1000e04c0	16	objc	SExpTokenizer	-[SExpTokenizer inStream]
0x1000e04d0	56	objc	SExpTokenizer	-[SExpTokenizer setInStream:]
0x1000e0508	16	objc	SExpTokenizer	-[SExpTokenizer stringValue]
0x1000e0518	56	objc	SExpTokenizer	-[SExpTokenizer setStringValue:]
0x1000e0550	64	objc	SExpTokenizer	-[SExpTokenizer .cxx_destruct]
0x1000e0590	116	objc	SExpValidityChecker	+[SExpValidityChecker simpleValidityChecker:]
0x1000e0604	164	objc	SExpValidityChecker	-[SExpValidityChecker initWithUnicharStream:]
0x1000e06a8	224	objc	SExpValidityChecker	-[SExpValidityChecker isBasicSyntaxValid]
0x1000e0788	92	objc	SExpValidityChecker	-[SExpValidityChecker dealloc]
0x1000e07e4	20	objc	SExpValidityChecker	-[SExpValidityChecker .cxx_destruct]
0x1000e07f8	124	objc	SExp	-[SExp dateFormatter]
0x1000e0874	56	objc	SExp	+[SExp sexp]
0x1000e08ac	148	objc	SExp	+[SExp sexp:]
0x1000e0940	668	objc	SExp	+[SExp sexp:root:]
0x1000e0bdc	156	objc	SExp	-[SExp addAttribute:]
0x1000e0c78	204	objc	SExp	-[SExp addIntAttribute:]
0x1000e0d44	216	objc	SExp	-[SExp addFloatAttribute:]
0x1000e0e1c	280	objc	SExp	-[SExp addDateAttribute:]
0x1000e0f34	140	objc	SExp	-[SExp addBoolAttribute:]
0x1000e0fc0	316	objc	SExp	-[SExp init]
0x1000e10fc	20	objc	SExp	-[SExp stringValue:]
0x1000e1110	300	objc	SExp	-[SExp stringValue:at:]
0x1000e123c	20	objc	SExp	-[SExp intValue:]
0x1000e1250	160	objc	SExp	-[SExp intValue:at:]
0x1000e12f0	20	objc	SExp	-[SExp dateValue:]
0x1000e1304	232	objc	SExp	-[SExp dateValue:at:]
0x1000e13ec	20	objc	SExp	-[SExp floatValue:]
0x1000e1400	160	objc	SExp	-[SExp floatValue:at:]
0x1000e14a0	20	objc	SExp	-[SExp boolValue:]
0x1000e14b4	272	objc	SExp	-[SExp boolValue:at:]
0x1000e15c4	160	objc	SExp	-[SExp description]
0x1000e1664	44	objc	SExp	-[SExp subnode:]
0x1000e1690	280	objc	SExp	-[SExp subnode:sibling:]
0x1000e17a8	744	objc	SExp	-[SExp subnode:enumerator:sibling:]
0x1000e1a90	352	objc	SExp	-[SExp each:]
0x1000e1bf0	16	objc	SExp	-[SExp children]
0x1000e1c00	56	objc	SExp	-[SExp setChildren:]
0x1000e1c38	16	objc	SExp	-[SExp attributes]
0x1000e1c48	56	objc	SExp	-[SExp setAttributes:]
0x1000e1c80	16	objc	SExp	-[SExp token]
0x1000e1c90	56	objc	SExp	-[SExp setToken:]
0x1000e1cc8	84	objc	SExp	-[SExp .cxx_destruct]
0x1000e1d1c	128	objc	SExpIO	-[SExpIO header]
0x1000e1d9c	464	objc	SExpIO	+[SExpIO properties]
0x1000e1f6c	56	objc	SExpIO	+[SExpIO sexpio]
0x1000e1fa4	560	objc	SExpIO	+[SExpIO decode:]
0x1000e21d4	1024	objc	SExpIO	-[SExpIO read:]
0x1000e25d4	296	objc	SExpIO	+[SExpIO encode:]
0x1000e26fc	260	objc	SExpIO	-[SExpIO write:toString:]
0x1000e2800	1296	objc	SExpIO	-[SExpIO write:toString:atLevel:]
0x1000e2d10	228	objc	SExpIO	-[SExpIO dump:]
0x1000e2df4	16	objc	SExpIO	-[SExpIO contiguousClose]
0x1000e2e04	16	objc	SExpIO	-[SExpIO setContiguousClose:]
0x1000e2e14	116	objc	SimpleUnicharInputStream	+[SimpleUnicharInputStream simpleStreamWithString:]
0x1000e2e88	224	objc	SimpleUnicharInputStream	-[SimpleUnicharInputStream initWithString:]
0x1000e2f68	36	objc	SimpleUnicharInputStream	-[SimpleUnicharInputStream hasNext]
0x1000e2f8c	164	objc	SimpleUnicharInputStream	-[SimpleUnicharInputStream back]
0x1000e3030	212	objc	SimpleUnicharInputStream	-[SimpleUnicharInputStream next]
0x1000e3104	16	objc	SimpleUnicharInputStream	-[SimpleUnicharInputStream mark]
0x1000e3114	28	objc	SimpleUnicharInputStream	-[SimpleUnicharInputStream chunk:]
0x1000e3130	92	objc	SimpleUnicharInputStream	-[SimpleUnicharInputStream dealloc]
0x1000e318c	20	objc	SimpleUnicharInputStream	-[SimpleUnicharInputStream .cxx_destruct]
0x1000e31a0	20	objc	AUFactory	+[AUFactory defaultACD]
0x1000e31b4	84	objc	AUFactory	+[AUFactory remoteIO]
0x1000e3208	84	objc	AUFactory	+[AUFactory mixer]
0x1000e325c	84	objc	AUFactory	+[AUFactory mixer3d]
0x1000e32b0	84	objc	AUFactory	+[AUFactory sampler]
0x1000e3304	12	objc	AUFactory	+[AUFactory audioComponent:]
0x1000e3310	220	objc	NSString+SplitAdditions	-[NSString(SplitAdditions) anchorValue]
0x1000e33ec	168	objc	NSString+SplitAdditions	-[NSString(SplitAdditions) anchorKey]
0x1000e3494	248	sub	NSString+SplitAdditions	sub_1000e3494
0x1000e358c	76	sub	NSString+SplitAdditions	sub_1000e358c
0x1000e35d8	36	cxx	csl_AUIO	csl::AUIO::~AUIO
0x1000e35fc	56	cxx	csl_AUIO	csl::AUIO::~AUIO/*deleting*/
0x1000e3634	268	sub	csl_AUIO	sub_1000e3634
0x1000e3740	4	cxx	csl_AUIO	csl::AUIO::vfunc_3
0x1000e3744	100	cxx	csl_AUIO	csl::AUIO::vfunc_5
0x1000e37a8	1172	block	csl_AUIO	csl::AUIO::vfunc_5_block_invoke
0x1000e3c3c	88	cxx	csl_AUIO	csl::AUIO::vfunc_6
0x1000e3c94	4	cxx	csl_AUIO	csl::AUIO::vfunc_4
0x1000e3c98	44	cxx	csl_AUIO	csl::AUIO::vfunc_8
0x1000e3cc4	252	cxx	csl_AUIO	csl::AUIO::vfunc_9
0x1000e3dc0	52	sub	csl_AUIO	sub_1000e3dc0
0x1000e3df4	36	cxx	csl_iPhoneIO	csl::iPhoneIO::~iPhoneIO
0x1000e3e18	56	cxx	csl_iPhoneIO	csl::iPhoneIO::~iPhoneIO/*deleting*/
0x1000e3e50	64	sub	csl_iPhoneIO	sub_1000e3e50
0x1000e3e90	164	block	csl_iPhoneIO	csl::iPhoneIO::vfunc_3_block_invoke
0x1000e3f34	648	cxx	csl_iPhoneIO	csl::iPhoneIO::vfunc_3
0x1000e41bc	80	cxx	csl_iPhoneIO	csl::iPhoneIO::vfunc_5
0x1000e420c	80	cxx	csl_iPhoneIO	csl::iPhoneIO::vfunc_6
0x1000e425c	36	cxx	csl_iPhoneIO	csl::iPhoneIO::vfunc_4
0x1000e4280	108	sym	csl_IO	csl::IO::~IO/*base*/(…)
0x1000eb2c0	44	cxx	csl_IO	csl::IO::vfunc_8
0x1000eb2ec	308	cxx	csl_IO	csl::IO::vfunc_9
0x1000eb420	36	sub	csl_IO	sub_1000eb420
0x1000eb920	76	cxx	csl_IO	csl::IO::~IO
0x1000eb96c	96	cxx	csl_IO	csl::IO::~IO/*deleting*/
0x1000eb9cc	12	cxx	csl_IO	csl::IO::vfunc_3
0x1000eb9d8	12	cxx	csl_IO	csl::IO::vfunc_4
0x1000eb9e4	12	cxx	csl_IO	csl::IO::vfunc_5
0x1000eb9f0	12	cxx	csl_IO	csl::IO::vfunc_6
0x1000eb9fc	4	cxx	csl_IO	csl::IO::vfunc_7
0x1000eba00	4	cxx	csl_IO	csl::IO::vfunc_10
0x1000eba04	36	sub	csl_IO	sub_1000eba04
0x1000eba28	40	sub	csl_IO	sub_1000eba28
0x1000e42ec	164	sym	csl_Fifo	csl::Fifo::Fifo(…)
0x1000e4390	224	sub	csl_Fifo	sub_1000e4390
0x1000e4470	84	sub	csl_Fifo	sub_1000e4470
0x1000e44c4	292	sub	csl_Fifo	sub_1000e44c4
0x1000e45e8	568	sub	csl_Fifo	sub_1000e45e8
0x1000e4820	392	sub	csl_Fifo	sub_1000e4820
0x1000e49a8	76	cxx	csl_Abst_SoundFile	csl::Abst_SoundFile::~Abst_SoundFile
0x1000e49f4	8	cxx	csl_Abst_SoundFile	csl::Abst_SoundFile::thunk_vfunc_0
0x1000e49fc	8	cxx	csl_Abst_SoundFile	csl::Abst_SoundFile::thunk_vfunc_0
0x1000e4a04	8	cxx	csl_Abst_SoundFile	csl::Abst_SoundFile::thunk_vfunc_1
0x1000e4a0c	8	cxx	csl_Abst_SoundFile	csl::Abst_SoundFile::thunk_vfunc_0
0x1000e4a14	16	cxx	csl_Abst_SoundFile	csl::Abst_SoundFile::thunk_vfunc_0
0x1000e4a24	56	cxx	csl_Abst_SoundFile	csl::Abst_SoundFile::~Abst_SoundFile/*deleting*/
0x1000e4a5c	8	cxx	csl_Abst_SoundFile	csl::Abst_SoundFile::thunk_vfunc_1
0x1000e4a64	8	cxx	csl_Abst_SoundFile	csl::Abst_SoundFile::thunk_vfunc_1
0x1000e4a6c	8	cxx	csl_Abst_SoundFile	csl::Abst_SoundFile::thunk_vfunc_2
0x1000e4a74	8	cxx	csl_Abst_SoundFile	csl::Abst_SoundFile::thunk_vfunc_1
0x1000e4a7c	16	cxx	csl_Abst_SoundFile	csl::Abst_SoundFile::thunk_vfunc_1
0x1000e4a8c	8	cxx	csl_Abst_SoundFile	csl::Abst_SoundFile::vfunc_25
0x1000e4a94	24	sub	csl_Abst_SoundFile	sub_1000e4a94
0x1000e4aac	48	sub	csl_Abst_SoundFile	sub_1000e4aac
0x1000e4adc	20	cxx	csl_Abst_SoundFile	csl::Abst_SoundFile::vfunc_22
0x1000e4af0	108	cxx	csl_Abst_SoundFile	csl::Abst_SoundFile::vfunc_27
0x1000e4b5c	16	sub	csl_Abst_SoundFile	sub_1000e4b5c
0x1000e4b6c	108	sub	csl_Abst_SoundFile	sub_1000e4b6c
0x1000e4bd8	12	sub	csl_Abst_SoundFile	sub_1000e4bd8
0x1000e4be4	36	cxx	csl_Abst_SoundFile	csl::Abst_SoundFile::vfunc_7
0x1000e4c08	48	cxx	csl_Abst_SoundFile	csl::Abst_SoundFile::vfunc_23
0x1000e4c38	32	cxx	csl_Abst_SoundFile	csl::Abst_SoundFile::vfunc_24
0x1000e4c58	8	sub	csl_Abst_SoundFile	sub_1000e4c58
0x1000e4c60	52	cxx	csl_Abst_SoundFile	csl::Abst_SoundFile::vfunc_13
0x1000e4c94	8	cxx	csl_Abst_SoundFile	csl::Abst_SoundFile::thunk_vfunc_2
0x1000e4c9c	12	sub	csl_Abst_SoundFile	sub_1000e4c9c
0x1000e4ca8	12	cxx	csl_Abst_SoundFile	csl::Abst_SoundFile::vfunc_21
0x1000e4cb4	232	cxx	csl_Abst_SoundFile	csl::Abst_SoundFile::vfunc_11
0x1000e4d9c	16	cxx	csl_Abst_SoundFile	csl::Abst_SoundFile::thunk_vfunc_2
0x1000e4dac	1468	cxx	csl_Abst_SoundFile	csl::Abst_SoundFile::vfunc_4
0x1000e5368	64	sub	csl_Abst_SoundFile	sub_1000e5368
0x1000e53a8	144	sym	csl_Abst_SoundFile	__ZStplIcSt11char_traitsIcESaIcEESbIT_T0_T1_ERKS6_S8_
0x1000e5438	100	sym	csl_Abst_SoundFile	std::list<…><…>(…)
0x1000e549c	44	sym	csl_Abst_SoundFile	csl::Abst_SoundFile::seekTo(…)
0x1000e57f4	8	cxx	csl_Abst_SoundFile	csl::Abst_SoundFile::vfunc_19
0x1000e57fc	8	cxx	csl_Abst_SoundFile	csl::Abst_SoundFile::vfunc_20
0x1000e5804	8	cxx	csl_Abst_SoundFile	csl::Abst_SoundFile::thunk_vfunc_4
0x1000e54c8	376	sym	csl_PlayBackEventRecorder	csl::PlayBackEventRecorder::push(…)
0x1000e5640	8	cxx	csl_UnitGenerator	csl::UnitGenerator::vfunc_2
0x1000e5648	8	cxx	csl_UnitGenerator	csl::UnitGenerator::vfunc_3
0x1000e5650	8	cxx	csl_UnitGenerator	csl::UnitGenerator::vfunc_6
0x1000e5658	8	cxx	csl_UnitGenerator	csl::UnitGenerator::vfunc_7
0x1000e5660	8	cxx	csl_UnitGenerator	csl::UnitGenerator::vfunc_8
0x1000e5668	196	cxx	csl_UnitGenerator	csl::UnitGenerator::vfunc_9
0x1000e572c	196	cxx	csl_UnitGenerator	csl::UnitGenerator::vfunc_10
0x1000e57f0	4	cxx	csl_UnitGenerator	csl::UnitGenerator::vfunc_13
0x1000e8960	36	cxx	csl_UnitGenerator	csl::UnitGenerator::~UnitGenerator
0x1000e8984	56	cxx	csl_UnitGenerator	csl::UnitGenerator::~UnitGenerator/*deleting*/
0x1000e89bc	316	sub	csl_UnitGenerator	sub_1000e89bc
0x1000e8af8	108	sub	csl_UnitGenerator	sub_1000e8af8
0x1000e8b64	40	sub	csl_UnitGenerator	sub_1000e8b64
0x1000e8b8c	44	cxx	csl_UnitGenerator	csl::UnitGenerator::vfunc_11
0x1000e8bb8	72	cxx	csl_UnitGenerator	csl::UnitGenerator::vfunc_12
0x1000e8c00	108	sub	csl_UnitGenerator	sub_1000e8c00
0x1000e8c6c	84	sub	csl_UnitGenerator	sub_1000e8c6c
0x1000e8cc0	88	sub	csl_UnitGenerator	sub_1000e8cc0
0x1000e8d18	312	cxx	csl_UnitGenerator	csl::UnitGenerator::vfunc_4
0x1000e8e50	108	cxx	csl_UnitGenerator	csl::UnitGenerator::vfunc_5
0x1000e8ebc	180	sub	csl_UnitGenerator	sub_1000e8ebc
0x1000e8f70	240	sub	csl_UnitGenerator	sub_1000e8f70
0x1000e9060	36	sub	csl_UnitGenerator	sub_1000e9060
0x1000e9084	80	sub	csl_UnitGenerator	sub_1000e9084
0x1000e580c	8	cxx	csl_Buffer	csl::Buffer::vfunc_5
0x1000e5814	8	cxx	csl_Buffer	csl::Buffer::vfunc_6
0x1000e581c	36	sub	csl_Buffer	sub_1000e581c
0x1000e81a8	36	cxx	csl_Buffer	csl::Buffer::~Buffer
0x1000e81cc	36	cxx	csl_Buffer	csl::Buffer::~Buffer/*deleting*/
0x1000e81f0	32	cxx	csl_Buffer	csl::Buffer::vfunc_4
0x1000e8210	16	sub	csl_Buffer	sub_1000e8210
0x1000e8220	240	sub	csl_Buffer	sub_1000e8220
0x1000e8310	132	sub	csl_Buffer	sub_1000e8310
0x1000e8394	16	cxx	csl_Buffer	csl::Buffer::vfunc_2
0x1000e83a4	40	cxx	csl_Buffer	csl::Buffer::vfunc_3
0x1000e83cc	344	sub	csl_Buffer	sub_1000e83cc
0x1000e8524	432	sub	csl_Buffer	sub_1000e8524
0x1000e86d4	408	sub	csl_Buffer	sub_1000e86d4
0x1000e886c	172	sub	csl_Buffer	sub_1000e886c
0x1000e8918	72	sub	csl_Buffer	sub_1000e8918
0x1000eb548	12	cxx	csl_Buffer	csl::Buffer::vfunc_7
0x1000eb554	44	sub	csl_Buffer	sub_1000eb554
0x1000eb580	16	cxx	csl_Buffer	csl::Buffer::vfunc_8
0x1000e5840	128	sym	csl_CException	csl::CException::~CException/*base*/(…)
0x1000e58c0	36	sub	csl_CException	sub_1000e58c0
0x1000e58e4	36	sub	csl_CException	sub_1000e58e4
0x1000e5908	72	sym	csl_CException	csl::CException::CException(…)
0x1000e5950	36	sub	csl_CException	sub_1000e5950
0x1000e5974	328	sym	csl_SoundFileMetadata	csl::SoundFileMetadata::~SoundFileMetadata/*base*/(…)
0x1000e5abc	76	sub	csl_SoundFileMetadata	sub_1000e5abc
0x1000e5b08	536	sub	csl_SoundFileMetadata	sub_1000e5b08
0x1000e5d20	684	sub	csl_SoundFileMetadata	sub_1000e5d20
0x1000e5fcc	80	cxx	csl_CASoundFile	csl::CASoundFile::~CASoundFile
0x1000e601c	8	cxx	csl_CASoundFile	csl::CASoundFile::thunk_vfunc_0
0x1000e6024	8	cxx	csl_CASoundFile	csl::CASoundFile::thunk_vfunc_0
0x1000e602c	8	cxx	csl_CASoundFile	csl::CASoundFile::thunk_vfunc_1
0x1000e6034	8	cxx	csl_CASoundFile	csl::CASoundFile::thunk_vfunc_0
0x1000e603c	16	cxx	csl_CASoundFile	csl::CASoundFile::thunk_vfunc_0
0x1000e604c	56	cxx	csl_CASoundFile	csl::CASoundFile::~CASoundFile/*deleting*/
0x1000e6084	8	cxx	csl_CASoundFile	csl::CASoundFile::thunk_vfunc_1
0x1000e608c	8	cxx	csl_CASoundFile	csl::CASoundFile::thunk_vfunc_1
0x1000e6094	8	cxx	csl_CASoundFile	csl::CASoundFile::thunk_vfunc_2
0x1000e609c	8	cxx	csl_CASoundFile	csl::CASoundFile::thunk_vfunc_1
0x1000e60a4	16	cxx	csl_CASoundFile	csl::CASoundFile::thunk_vfunc_1
0x1000e60b4	56	cxx	csl_CASoundFile	csl::CASoundFile::vfunc_28
0x1000e60ec	104	cxx	csl_CASoundFile	csl::CASoundFile::vfunc_26
0x1000e6154	724	cxx	csl_CASoundFile	csl::CASoundFile::vfunc_14
0x1000e6428	40	cxx	csl_CASoundFile	csl::CASoundFile::vfunc_15
0x1000e6450	756	cxx	csl_CASoundFile	csl::CASoundFile::vfunc_17
0x1000e6744	184	cxx	csl_CASoundFile	csl::CASoundFile::vfunc_16
0x1000e67fc	8	cxx	csl_CASoundFile	csl::CASoundFile::thunk_vfunc_2
0x1000e6804	40	cxx	csl_CASoundFile	csl::CASoundFile::vfunc_18
0x1000e682c	4	cxx	csl_CASoundFile	csl::CASoundFile::thunk_vfunc_0
0x1000e6830	72	cxx	csl_CASoundFile	csl::CASoundFile::vfunc_12
0x1000e6878	72	cxx	csl_CASoundFile	csl::CASoundFile::thunk_vfunc_3
0x1000e68c0	260	cxx	csl_CASoundFile	csl::CASoundFile::vfunc_11
0x1000e69c4	16	cxx	csl_CASoundFile	csl::CASoundFile::thunk_vfunc_2
0x1000e69d4	224	sub	csl_CASoundFile	sub_1000e69d4
0x1000e6ab4	116	sub	csl_CASoundFile	sub_1000e6ab4
0x1000e6b28	76	cxx	csl_Oscillator	csl::Oscillator::~Oscillator
0x1000e6b74	8	cxx	csl_Oscillator	csl::Oscillator::thunk_vfunc_0
0x1000e6b7c	8	cxx	csl_Oscillator	csl::Oscillator::thunk_vfunc_0
0x1000e6b84	16	cxx	csl_Oscillator	csl::Oscillator::thunk_vfunc_0
0x1000e6b94	56	cxx	csl_Oscillator	csl::Oscillator::~Oscillator/*deleting*/
0x1000e6bcc	8	cxx	csl_Oscillator	csl::Oscillator::thunk_vfunc_1
0x1000e6bd4	8	cxx	csl_Oscillator	csl::Oscillator::thunk_vfunc_1
0x1000e6bdc	16	cxx	csl_Oscillator	csl::Oscillator::thunk_vfunc_1
0x1000e6bec	52	cxx	csl_Oscillator	csl::Oscillator::vfunc_11
0x1000e6c20	68	cxx	csl_Oscillator	csl::Oscillator::thunk_vfunc_2
0x1000e6c64	180	sub	csl_Oscillator	sub_1000e6c64
0x1000e6d18	160	sub	csl_Oscillator	sub_1000e6d18
0x1000e6db8	76	cxx	csl_WavetableOscillator	csl::WavetableOscillator::~WavetableOscillator
0x1000e6e04	8	cxx	csl_WavetableOscillator	csl::WavetableOscillator::thunk_vfunc_0
0x1000e6e0c	8	cxx	csl_WavetableOscillator	csl::WavetableOscillator::thunk_vfunc_0
0x1000e6e14	16	cxx	csl_WavetableOscillator	csl::WavetableOscillator::thunk_vfunc_0
0x1000e6e24	56	cxx	csl_WavetableOscillator	csl::WavetableOscillator::~WavetableOscillator/*deleting*/
0x1000e6e5c	8	cxx	csl_WavetableOscillator	csl::WavetableOscillator::thunk_vfunc_1
0x1000e6e64	8	cxx	csl_WavetableOscillator	csl::WavetableOscillator::thunk_vfunc_1
0x1000e6e6c	16	cxx	csl_WavetableOscillator	csl::WavetableOscillator::thunk_vfunc_1
0x1000e6e7c	308	sub	csl_WavetableOscillator	sub_1000e6e7c
0x1000e6fb0	892	cxx	csl_WavetableOscillator	csl::WavetableOscillator::vfunc_5
0x1000e732c	16	sub	csl_WavetableOscillator	sub_1000e732c
0x1000e733c	16	sub	csl_WavetableOscillator	sub_1000e733c
0x1000e734c	16	sub	csl_WavetableOscillator	sub_1000e734c
0x1000e735c	16	sub	csl_WavetableOscillator	sub_1000e735c
0x1000e736c	16	sub	csl_WavetableOscillator	sub_1000e736c
0x1000e737c	548	sub	csl_WavetableOscillator	sub_1000e737c
0x1000e75a0	52	sub	csl_WavetableOscillator	sub_1000e75a0
0x1000e75d4	344	sub	csl_WavetableOscillator	sub_1000e75d4
0x1000e772c	40	sub	csl_WavetableOscillator	sub_1000e772c
0x1000e7754	116	sub	csl_WavetableOscillator	sub_1000e7754
0x1000e77c8	136	sub	csl_WavetableOscillator	sub_1000e77c8
0x1000e7850	292	sub	csl_WavetableOscillator	sub_1000e7850
0x1000e7974	60	sym	csl_WavetableOscillator	std::vector<…><…>(…)
0x1000e79b0	236	sym	csl_WavetableOscillator	std::map<…>::std::less<…><…>(…)
0x1000e7a9c	80	sym	csl_WavetableOscillator	std::_Vector_base<…><…>(…)
0x1000e7aec	308	sym	csl_WavetableOscillator	std::_Rb_tree<…>::std::_Select1st<…>::std::less<…><…>(…)
0x1000e7c20	136	sym	csl_WavetableOscillator	std::_Rb_tree<…>::std::_Select1st<…>::std::less<…><…>(…)
0x1000e7ca8	184	sym	csl_WavetableOscillator	std::_Rb_tree<…>::std::_Select1st<…>::std::less<…><…>(…)
0x1000e7d60	164	sym	csl_WavetableOscillator	std::_Rb_tree<…>::std::_Select1st<…>::std::less<…><…>(…)
0x1000e7e04	336	sym	csl_WavetableOscillator	std::vector<…><…>(…)
0x1000e7f54	88	sub	csl_WavetableOscillator	sub_1000e7f54
0x1000e7fac	216	sub	csl_WavetableOscillator	sub_1000e7fac
0x1000e8084	92	sub	csl_WavetableOscillator	sub_1000e8084
0x1000e80e0	80	sub	csl_WavetableOscillator	sub_1000e80e0
0x1000e8130	120	sub	csl_WavetableOscillator	sub_1000e8130
0x1000e90d4	36	cxx	csl_Port	csl::Port::~Port
0x1000e90f8	56	cxx	csl_Port	csl::Port::~Port/*deleting*/
0x1000e9130	360	sub	csl_Port	sub_1000e9130
0x1000e9298	64	sub	csl_Port	sub_1000e9298
0x1000e92d8	44	cxx	csl_Port	csl::Port::vfunc_2
0x1000e9304	132	sub	csl_Port	sub_1000e9304
0x1000e9388	88	sub	csl_Port	sub_1000e9388
0x1000eb7d4	24	cxx	csl_Port	csl::Port::vfunc_3
0x1000e93e0	88	cxx	csl_Controllable	csl::Controllable::~Controllable
0x1000e9438	108	cxx	csl_Controllable	csl::Controllable::~Controllable/*deleting*/
0x1000e94a4	188	sub	csl_Controllable	sub_1000e94a4
0x1000e9560	60	sub	csl_Controllable	sub_1000e9560
0x1000e959c	112	sub	csl_Controllable	sub_1000e959c
0x1000e960c	144	sub	csl_Controllable	sub_1000e960c
0x1000e969c	120	sub	csl_Controllable	sub_1000e969c
0x1000e9714	112	sub	csl_Controllable	sub_1000e9714
0x1000e9784	12	sub	csl_Controllable	sub_1000e9784
0x1000e9790	236	cxx	csl_Controllable	csl::Controllable::vfunc_2
0x1000e987c	316	cxx	csl_Controllable	csl::Controllable::vfunc_3
0x1000e99b8	76	sub	csl_Controllable	sub_1000e99b8
0x1000e9a04	4	sub	csl_Controllable	sub_1000e9a04
0x1000e9a08	88	cxx	csl_Phased	csl::Phased::~Phased
0x1000e9a60	92	cxx	csl_Phased	csl::Phased::thunk_vfunc_0
0x1000e9abc	108	cxx	csl_Phased	csl::Phased::~Phased/*deleting*/
0x1000e9b28	16	cxx	csl_Phased	csl::Phased::thunk_vfunc_1
0x1000e9b38	20	sub	csl_Phased	sub_1000e9b38
0x1000e9b4c	140	sub	csl_Phased	sub_1000e9b4c
0x1000e9bd8	108	sub	csl_Phased	sub_1000e9bd8
0x1000e9c44	4	sub	csl_Phased	sub_1000e9c44
0x1000e9c48	88	cxx	csl_Scalable	csl::Scalable::~Scalable
0x1000e9ca0	92	cxx	csl_Scalable	csl::Scalable::thunk_vfunc_0
0x1000e9cfc	108	cxx	csl_Scalable	csl::Scalable::~Scalable/*deleting*/
0x1000e9d68	16	cxx	csl_Scalable	csl::Scalable::thunk_vfunc_1
0x1000e9d78	20	sub	csl_Scalable	sub_1000e9d78
0x1000e9d8c	100	cxx	csl_Scalable	csl::Scalable::vfunc_2
0x1000e9df0	80	sub	csl_Scalable	sub_1000e9df0
0x1000e9e40	160	sub	csl_Scalable	sub_1000e9e40
0x1000e9ee0	56	cxx	csl_Effect	csl::Effect::vfunc_7
0x1000e9f18	28	sub	csl_Effect	sub_1000e9f18
0x1000e9f34	124	sub	csl_Effect	sub_1000e9f34
0x1000e9fb0	100	sub	csl_Effect	sub_1000e9fb0
0x1000ea014	36	cxx	csl_Effect	csl::Effect::vfunc_13
0x1000ea038	132	cxx	csl_Effect	csl::Effect::vfunc_12
0x1000ea0bc	16	cxx	csl_Effect	csl::Effect::thunk_vfunc_3
0x1000ea0cc	180	sub	csl_Effect	sub_1000ea0cc
0x1000ea180	300	sub	csl_Effect	sub_1000ea180
0x1000ed72c	68	sym	csl_Effect	csl::Effect::~Effect(…)
0x1000ed770	56	sym	csl_Effect	csl::Effect::~Effect/*deleting*/(…)
0x1000ed7a8	16	cxx	csl_Effect	csl::Effect::thunk_vfunc_0
0x1000ed7b8	16	cxx	csl_Effect	csl::Effect::thunk_vfunc_1
0x1000ea2ac	216	cxx	csl_FanOut	csl::FanOut::vfunc_5
0x1000ea384	336	cxx	csl_FanOut	csl::FanOut::vfunc_4
0x1000ea4d4	152	cxx	csl_FanOut	csl::FanOut::vfunc_12
0x1000ea56c	16	cxx	csl_FanOut	csl::FanOut::thunk_vfunc_3
0x1000ea57c	212	sub	csl_FanOut	sub_1000ea57c
0x1000eb598	212	sym	csl_FanOut	csl::FanOut::~FanOut(…)
0x1000eb66c	56	sym	csl_FanOut	csl::FanOut::~FanOut/*deleting*/(…)
0x1000eb6a4	16	cxx	csl_FanOut	csl::FanOut::thunk_vfunc_0
0x1000eb6b4	16	cxx	csl_FanOut	csl::FanOut::thunk_vfunc_1
0x1000ea650	216	cxx	csl_Splitter	csl::Splitter::vfunc_5
0x1000ea728	548	cxx	csl_Splitter	csl::Splitter::vfunc_4
0x1000ea94c	264	sub	csl_Splitter	sub_1000ea94c
0x1000eb7ec	212	sym	csl_Splitter	csl::Splitter::~Splitter(…)
0x1000eb8c0	56	sym	csl_Splitter	csl::Splitter::~Splitter/*deleting*/(…)
0x1000eb8f8	8	cxx	csl_Splitter	csl::Splitter::vfunc_3
0x1000eb900	16	cxx	csl_Splitter	csl::Splitter::thunk_vfunc_0
0x1000eb910	16	cxx	csl_Splitter	csl::Splitter::thunk_vfunc_1
0x1000eaa54	108	cxx	csl_Joiner	csl::Joiner::vfunc_7
0x1000eaac0	216	cxx	csl_Joiner	csl::Joiner::vfunc_5
0x1000eab98	472	cxx	csl_Joiner	csl::Joiner::vfunc_4
0x1000ead70	88	cxx	csl_Joiner	csl::Joiner::vfunc_13
0x1000eb6c4	176	sym	csl_Joiner	csl::Joiner::~Joiner(…)
0x1000eb774	56	sym	csl_Joiner	csl::Joiner::~Joiner/*deleting*/(…)
0x1000eb7ac	16	cxx	csl_Joiner	csl::Joiner::thunk_vfunc_0
0x1000eb7bc	16	cxx	csl_Joiner	csl::Joiner::thunk_vfunc_1
0x1000eadc8	4	cxx	csl_Writeable	csl::Writeable::vfunc_3
0x1000eadcc	100	cxx	csl_Writeable	csl::Writeable::~Writeable
0x1000eb7cc	4	cxx	csl_Writeable	csl::Writeable::~Writeable/*deleting*/
0x1000eb7d0	4	cxx	csl_Writeable	csl::Writeable::vfunc_2
0x1000eae30	268	cxx	csl_Seekable	csl::Seekable::vfunc_3
0x1000eaf3c	224	sub	csl_Seekable	sub_1000eaf3c
0x1000eb01c	348	sub	csl_Seekable	sub_1000eb01c
0x1000eb178	48	sub	csl_Seekable	sub_1000eb178
0x1000eb1a8	280	sub	csl_Seekable	sub_1000eb1a8
0x1000eb590	4	cxx	csl_Seekable	csl::Seekable::~Seekable
0x1000eb594	4	cxx	csl_Seekable	csl::Seekable::~Seekable/*deleting*/
0x1000eb444	120	sym	csl	csl::SimpleVector<…>(…)
0x1000eb4bc	140	sym	csl	csl::SimpleVector<…>(…)
0x1000eba50	40	cxx	csl_FrequencyAmount	csl::FrequencyAmount::~FrequencyAmount
0x1000eba78	20	cxx	csl_FrequencyAmount	csl::FrequencyAmount::thunk_vfunc_0
0x1000eba8c	60	cxx	csl_FrequencyAmount	csl::FrequencyAmount::~FrequencyAmount/*deleting*/
0x1000ebac8	16	cxx	csl_FrequencyAmount	csl::FrequencyAmount::thunk_vfunc_1
0x1000ebad8	172	sub	csl_FrequencyAmount	sub_1000ebad8
0x1000ebb84	216	sub	csl_FrequencyAmount	sub_1000ebb84
0x1000ebc5c	188	sub	csl_FrequencyAmount	sub_1000ebc5c
0x1000ebd18	76	cxx	csl_Filter	csl::Filter::~Filter
0x1000ebd64	8	cxx	csl_Filter	csl::Filter::thunk_vfunc_0
0x1000ebd6c	8	cxx	csl_Filter	csl::Filter::thunk_vfunc_0
0x1000ebd74	16	cxx	csl_Filter	csl::Filter::thunk_vfunc_0
0x1000ebd84	56	cxx	csl_Filter	csl::Filter::~Filter/*deleting*/
0x1000ebdbc	8	cxx	csl_Filter	csl::Filter::thunk_vfunc_1
0x1000ebdc4	8	cxx	csl_Filter	csl::Filter::thunk_vfunc_1
0x1000ebdcc	16	cxx	csl_Filter	csl::Filter::thunk_vfunc_1
0x1000ebddc	716	cxx	csl_Filter	csl::Filter::vfunc_5
0x1000ec0a8	304	cxx	csl_Filter	csl::Filter::vfunc_11
0x1000ec1d8	16	cxx	csl_Filter	csl::Filter::thunk_vfunc_2
0x1000ec1e8	280	sub	csl_Filter	sub_1000ec1e8
0x1000ec55c	4	cxx	csl_Filter	csl::Filter::vfunc_14
0x1000ec300	604	cxx	csl_Butter	csl::Butter::vfunc_14
0x1000ec560	80	cxx	csl_Butter	csl::Butter::~Butter
0x1000ec5b0	96	cxx	csl_Butter	csl::Butter::~Butter/*deleting*/
0x1000ec610	76	cxx	csl_Butter	csl::Butter::thunk_vfunc_0
0x1000ec65c	108	cxx	csl_Butter	csl::Butter::thunk_vfunc_1
0x1000ec6c8	76	cxx	csl_Butter	csl::Butter::thunk_vfunc_0
0x1000ec714	108	cxx	csl_Butter	csl::Butter::thunk_vfunc_1
0x1000ec780	96	cxx	csl_Butter	csl::Butter::thunk_vfunc_0
0x1000ec7e0	132	cxx	csl_Butter	csl::Butter::thunk_vfunc_1
0x1000ec864	768	sub	csl_Butter	sub_1000ec864
0x1000ecb64	256	sub	csl_Butter	sub_1000ecb64
0x1000ecc64	372	sub	csl_Butter	sub_1000ecc64
0x1000ecdd8	76	cxx	csl_Freeverb	csl::Freeverb::~Freeverb
0x1000ece24	8	cxx	csl_Freeverb	csl::Freeverb::thunk_vfunc_0
0x1000ece2c	16	cxx	csl_Freeverb	csl::Freeverb::thunk_vfunc_0
0x1000ece3c	56	cxx	csl_Freeverb	csl::Freeverb::~Freeverb/*deleting*/
0x1000ece74	8	cxx	csl_Freeverb	csl::Freeverb::thunk_vfunc_1
0x1000ece7c	16	cxx	csl_Freeverb	csl::Freeverb::thunk_vfunc_1
0x1000ece8c	508	cxx	csl_Freeverb	csl::Freeverb::vfunc_5
0x1000ed088	580	sub	csl_Freeverb	sub_1000ed088
0x1000ed2cc	164	sub	csl_Freeverb	sub_1000ed2cc
0x1000ed370	76	cxx	csl_Stereoverb	csl::Stereoverb::~Stereoverb
0x1000ed3bc	16	cxx	csl_Stereoverb	csl::Stereoverb::thunk_vfunc_0
0x1000ed3cc	56	cxx	csl_Stereoverb	csl::Stereoverb::~Stereoverb/*deleting*/
0x1000ed404	16	cxx	csl_Stereoverb	csl::Stereoverb::thunk_vfunc_1
0x1000ed414	48	cxx	csl_Stereoverb	csl::Stereoverb::vfunc_7
0x1000ed444	8	sub	csl_Stereoverb	sub_1000ed444
0x1000ed44c	140	cxx	csl_Stereoverb	csl::Stereoverb::vfunc_12
0x1000ed4d8	16	cxx	csl_Stereoverb	csl::Stereoverb::thunk_vfunc_3
0x1000ed4e8	140	sub	csl_Stereoverb	sub_1000ed4e8
0x1000ed574	140	sub	csl_Stereoverb	sub_1000ed574
0x1000ed600	116	sub	csl_Stereoverb	sub_1000ed600
0x1000ed674	20	sub	csl_Stereoverb	sub_1000ed674
0x1000ed688	44	cxx	csl_Stereoverb	csl::Stereoverb::vfunc_4
0x1000ed6b4	60	sym	csl_Stereoverb	std::vector<…><…>(…)
0x1000ed6f0	60	sym	csl_Stereoverb	std::vector<…><…>(…)
0x1000ed7c8	8	cxx	csl_Stereoverb	csl::Stereoverb::vfunc_3
0x1000ed7d0	336	sym	csl_Stereoverb	std::vector<…><…>(…)
0x1000ed920	336	sym	csl_Stereoverb	std::vector<…><…>(…)
0x1000eda70	332	sub	csl_Stereoverb	sub_1000eda70
0x1000edbbc	228	sub	csl_Stereoverb	sub_1000edbbc
0x1000edca0	76	cxx	csl_Mixer	csl::Mixer::~Mixer
0x1000edcec	8	cxx	csl_Mixer	csl::Mixer::thunk_vfunc_0
0x1000edcf4	16	cxx	csl_Mixer	csl::Mixer::thunk_vfunc_0
0x1000edd04	56	cxx	csl_Mixer	csl::Mixer::~Mixer/*deleting*/
0x1000edd3c	8	cxx	csl_Mixer	csl::Mixer::thunk_vfunc_1
0x1000edd44	16	cxx	csl_Mixer	csl::Mixer::thunk_vfunc_1
0x1000edd54	84	sub	csl_Mixer	sub_1000edd54
0x1000edda8	84	sub	csl_Mixer	sub_1000edda8
0x1000eddfc	80	sub	csl_Mixer	sub_1000eddfc
0x1000ede4c	352	sub	csl_Mixer	sub_1000ede4c
0x1000edfac	64	sub	csl_Mixer	sub_1000edfac
0x1000edfec	92	sub	csl_Mixer	sub_1000edfec
0x1000ee048	188	sub	csl_Mixer	sub_1000ee048
0x1000ee104	728	cxx	csl_Mixer	csl::Mixer::vfunc_4
0x1000ee3dc	156	cxx	csl_Mixer	csl::Mixer::vfunc_11
0x1000ee478	16	cxx	csl_Mixer	csl::Mixer::thunk_vfunc_2
0x1000ee488	148	cxx	csl_Mixer	csl::Mixer::vfunc_12
0x1000ee51c	16	cxx	csl_Mixer	csl::Mixer::thunk_vfunc_3
0x1000ee52c	224	sub	csl_Mixer	sub_1000ee52c
0x1000ee60c	236	sub	csl_Mixer	sub_1000ee60c
0x1000ee6f8	76	sub	csl_Mixer	sub_1000ee6f8
0x1000eea80	16	cxx	csl_Mixer	csl::Mixer::vfunc_7
0x1000eea90	332	sym	csl_Mixer	std::vector<…>::_M_insert_aux(…)
0x1000eebdc	336	sym	csl_Mixer	std::vector<…><…>(…)
0x1000eed2c	176	sub	csl_Mixer	sub_1000eed2c
0x1000eeddc	36	sub	csl_Mixer	sub_1000eeddc
0x1000eee00	88	sub	csl_Mixer	sub_1000eee00
0x1000ee744	76	cxx	csl_Panner	csl::Panner::~Panner
0x1000ee790	8	cxx	csl_Panner	csl::Panner::thunk_vfunc_0
0x1000ee798	16	cxx	csl_Panner	csl::Panner::thunk_vfunc_0
0x1000ee7a8	56	cxx	csl_Panner	csl::Panner::~Panner/*deleting*/
0x1000ee7e0	8	cxx	csl_Panner	csl::Panner::thunk_vfunc_1
0x1000ee7e8	16	cxx	csl_Panner	csl::Panner::thunk_vfunc_1
0x1000ee7f8	20	sub	csl_Panner	sub_1000ee7f8
0x1000ee80c	512	cxx	csl_Panner	csl::Panner::vfunc_4
0x1000eea0c	60	sym	csl_Panner	std::vector<…><…>(…)
0x1000eea48	48	sym	csl_Panner	std::vector<…>::push_back(…)
0x1000eea78	8	cxx	csl_Panner	csl::Panner::vfunc_14
0x1000eee58	36	cxx	csl_ACCFFT_Wrapper	csl::ACCFFT_Wrapper::~ACCFFT_Wrapper
0x1000eee7c	56	cxx	csl_ACCFFT_Wrapper	csl::ACCFFT_Wrapper::~ACCFFT_Wrapper/*deleting*/
0x1000eeeb4	420	cxx	csl_ACCFFT_Wrapper	csl::ACCFFT_Wrapper::vfunc_2
0x1000ef058	132	sub	csl_ACCFFT_Wrapper	sub_1000ef058
0x1000ef0dc	128	sub	csl_ACCFFT_Wrapper	sub_1000ef0dc
0x1000ef15c	108	sub	csl_ACCFFT_Wrapper	sub_1000ef15c
0x1000ef1c8	52	sub	csl_ACCFFT_Wrapper	sub_1000ef1c8
0x1000ef1fc	64	sub	csl_ACCFFT_Wrapper	sub_1000ef1fc
0x1000ef23c	64	sub	csl_ACCFFT_Wrapper	sub_1000ef23c
0x1000ef27c	324	sub	csl_ACCFFT_Wrapper	sub_1000ef27c
0x1000ef3c0	160	sub	csl_ACCFFT_Wrapper	sub_1000ef3c0
0x1000ef460	116	cxx	csl_DistanceSimulator	csl::DistanceSimulator::~DistanceSimulator
0x1000ef4d4	16	cxx	csl_DistanceSimulator	csl::DistanceSimulator::thunk_vfunc_0
0x1000ef4e4	16	cxx	csl_DistanceSimulator	csl::DistanceSimulator::thunk_vfunc_0
0x1000ef4f4	56	cxx	csl_DistanceSimulator	csl::DistanceSimulator::~DistanceSimulator/*deleting*/
0x1000ef52c	16	cxx	csl_DistanceSimulator	csl::DistanceSimulator::thunk_vfunc_1
0x1000ef53c	16	cxx	csl_DistanceSimulator	csl::DistanceSimulator::thunk_vfunc_1
0x1000ef54c	32	cxx	csl_DistanceSimulator	csl::DistanceSimulator::vfunc_19
0x1000ef56c	252	cxx	csl_DistanceSimulator	csl::DistanceSimulator::vfunc_5
0x1000ef668	124	cxx	csl_DistanceSimulator	csl::DistanceSimulator::vfunc_12
0x1000ef6e4	136	cxx	csl_DistanceSimulator	csl::DistanceSimulator::thunk_vfunc_3
0x1000ef76c	20	sub	csl_DistanceSimulator	sub_1000ef76c
0x1000ef780	32	cxx	csl_IntensityAttenuationCue	csl::IntensityAttenuationCue::vfunc_2
0x1000ef7a0	72	cxx	csl_IntensityAttenuationCue	csl::IntensityAttenuationCue::vfunc_3
0x1000ef8d8	4	cxx	csl_IntensityAttenuationCue	csl::IntensityAttenuationCue::~IntensityAttenuationCue
0x1000ef8dc	4	cxx	csl_IntensityAttenuationCue	csl::IntensityAttenuationCue::~IntensityAttenuationCue/*deleting*/
0x1000ef8e0	696	sub	csl_IntensityAttenuationCue	sub_1000ef8e0
0x1000efb98	36	sub	csl_IntensityAttenuationCue	sub_1000efb98
0x1000efbbc	460	sub	csl_IntensityAttenuationCue	sub_1000efbbc
0x1000ef7e8	4	cxx	csl_AirAbsorptionCue	csl::AirAbsorptionCue::~AirAbsorptionCue
0x1000ef7ec	4	cxx	csl_AirAbsorptionCue	csl::AirAbsorptionCue::~AirAbsorptionCue/*deleting*/
0x1000ef7f0	112	cxx	csl_AirAbsorptionCue	csl::AirAbsorptionCue::vfunc_2
0x1000ef860	120	cxx	csl_AirAbsorptionCue	csl::AirAbsorptionCue::vfunc_3
0x1000efd88	36	cxx	csl_SimplePanner	csl::SimplePanner::~SimplePanner
0x1000efdac	8	cxx	csl_SimplePanner	csl::SimplePanner::thunk_vfunc_0
0x1000efdb4	56	cxx	csl_SimplePanner	csl::SimplePanner::~SimplePanner/*deleting*/
0x1000efdec	8	cxx	csl_SimplePanner	csl::SimplePanner::thunk_vfunc_1
0x1000efdf4	152	cxx	csl_SimplePanner	csl::SimplePanner::vfunc_14
0x1000efe8c	252	cxx	csl_SimplePanner	csl::SimplePanner::vfunc_15
0x1000eff88	480	cxx	csl_SimplePanner	csl::SimplePanner::vfunc_4
0x1000f0168	216	cxx	csl_SpatialPanner	csl::SpatialPanner::vfunc_5
0x1000f0240	4	cxx	csl_SpatialPanner	csl::SpatialPanner::vfunc_18
0x1000f0244	192	sub	csl_SpatialPanner	sub_1000f0244
0x1000f0304	308	sub	csl_SpatialPanner	sub_1000f0304
0x1000f0438	36	sub	csl_SpatialPanner	sub_1000f0438
0x1000f045c	156	sub	csl_SpatialPanner	sub_1000f045c
0x1000f0e28	36	cxx	csl_SpatialPanner	csl::SpatialPanner::~SpatialPanner
0x1000f0e4c	8	cxx	csl_SpatialPanner	csl::SpatialPanner::thunk_vfunc_0
0x1000f0e54	56	cxx	csl_SpatialPanner	csl::SpatialPanner::~SpatialPanner/*deleting*/
0x1000f0e8c	8	cxx	csl_SpatialPanner	csl::SpatialPanner::thunk_vfunc_1
0x1000f0e94	96	cxx	csl_SpatialPanner	csl::SpatialPanner::vfunc_14
0x1000f0ef4	224	cxx	csl_SpatialPanner	csl::SpatialPanner::vfunc_15
0x1000f0fd4	40	cxx	csl_SpatialPanner	csl::SpatialPanner::vfunc_17
0x1000f0ffc	64	cxx	csl_SpatialPanner	csl::SpatialPanner::vfunc_16
0x1000f103c	8	cxx	csl_SpatialPanner	csl::SpatialPanner::thunk_vfunc_2
0x1000f1044	168	cxx	csl_SpatialPanner	csl::SpatialPanner::vfunc_12
0x1000f10ec	60	sym	csl_SpatialPanner	std::vector<…><…>(…)
0x1000f1128	336	sym	csl_SpatialPanner	std::vector<…><…>(…)
0x1000f1278	4	sub	csl_SpatialPanner	sub_1000f1278
0x1000f127c	4	sub	csl_SpatialPanner	sub_1000f127c
0x1000f1280	448	sub	csl_SpatialPanner	sub_1000f1280
0x1000f1440	160	sub	csl_SpatialPanner	sub_1000f1440
0x1000f14e0	516	sub	csl_SpatialPanner	sub_1000f14e0
0x1000f16e4	100	sub	csl_SpatialPanner	sub_1000f16e4
0x1000f04f8	36	cxx	csl_Spatializer	csl::Spatializer::~Spatializer
0x1000f051c	8	cxx	csl_Spatializer	csl::Spatializer::thunk_vfunc_0
0x1000f0524	56	cxx	csl_Spatializer	csl::Spatializer::~Spatializer/*deleting*/
0x1000f055c	8	cxx	csl_Spatializer	csl::Spatializer::thunk_vfunc_1
0x1000f0564	220	sub	csl_Spatializer	sub_1000f0564
0x1000f0640	152	sub	csl_Spatializer	sub_1000f0640
0x1000f06d8	4	cxx	csl_Spatializer	csl::Spatializer::vfunc_14
0x1000f06dc	4	cxx	csl_Spatializer	csl::Spatializer::thunk_vfunc_2
0x1000f06e0	112	cxx	csl_Spatializer	csl::Spatializer::vfunc_12
0x1000f0750	20	sub	csl_Spatializer	sub_1000f0750
0x1000f0764	72	cxx	csl_Spatializer	csl::Spatializer::vfunc_4
0x1000f07ac	140	sym	csl_Spatializer	std::map<…>::::DistanceSimulator(…)
0x1000f0838	112	sym	csl_Spatializer	std::_Rb_tree<…>::std::pair<…>(…)
0x1000f08a8	160	sym	csl_Spatializer	std::_Rb_tree<…>::std::pair<…>(…)
0x1000f0948	76	sym	csl_Spatializer	std::_Rb_tree<…>::std::pair<…>(…)
0x1000f0994	308	sym	csl_Spatializer	std::_Rb_tree<…>::std::pair<…>(…)
0x1000f0ac8	144	sym	csl_Spatializer	std::_Rb_tree<…>::std::pair<…>(…)
0x1000f0b58	184	sym	csl_Spatializer	std::_Rb_tree<…>::std::pair<…>(…)
0x1000f0c10	240	sub	csl_Spatializer	sub_1000f0c10
0x1000f0d00	112	sub	csl_Spatializer	sub_1000f0d00
0x1000f0d70	184	sub	csl_Spatializer	sub_1000f0d70
0x1000f1748	116	cxx	csl_SpatialSource	csl::SpatialSource::~SpatialSource
0x1000f17bc	16	cxx	csl_SpatialSource	csl::SpatialSource::thunk_vfunc_0
0x1000f17cc	16	cxx	csl_SpatialSource	csl::SpatialSource::thunk_vfunc_0
0x1000f17dc	56	cxx	csl_SpatialSource	csl::SpatialSource::~SpatialSource/*deleting*/
0x1000f1814	16	cxx	csl_SpatialSource	csl::SpatialSource::thunk_vfunc_1
0x1000f1824	16	cxx	csl_SpatialSource	csl::SpatialSource::thunk_vfunc_1
0x1000f1834	120	sub	csl_SpatialSource	sub_1000f1834
0x1000f18ac	68	sub	csl_SpatialSource	sub_1000f18ac
0x1000f18f0	60	sub	csl_SpatialSource	sub_1000f18f0
0x1000f192c	8	cxx	csl_SpatialSource	csl::SpatialSource::vfunc_14
0x1000f1934	44	cxx	csl_SpatialSource	csl::SpatialSource::vfunc_15
0x1000f1960	68	cxx	csl_SpatialSource	csl::SpatialSource::vfunc_16
0x1000f19a4	124	cxx	csl_SpatialSource	csl::SpatialSource::vfunc_17
0x1000f1a20	124	cxx	csl_SpatialSource	csl::SpatialSource::vfunc_18
0x1000f1a9c	128	cxx	csl_SpatialSource	csl::SpatialSource::vfunc_11
0x1000f1b1c	16	cxx	csl_SpatialSource	csl::SpatialSource::thunk_vfunc_2
0x1000f1b2c	124	cxx	csl_SpatialSource	csl::SpatialSource::vfunc_12
0x1000f1ba8	136	cxx	csl_SpatialSource	csl::SpatialSource::thunk_vfunc_3
0x1000f1c30	76	cxx	csl_SpatialSource	csl::SpatialSource::vfunc_5
0x1000f1c7c	44	cxx	csl_SpatialSource	csl::SpatialSource::vfunc_4
0x1000f1ca8	8	cxx	csl_SpatialSource	csl::SpatialSource::vfunc_19
0x1000f1cb0	60	sub	csl_SpatialSource	sub_1000f1cb0
0x1000f1cec	80	sub	csl_SpatialSource	sub_1000f1cec
0x1000f1d3c	152	sub	csl_SpatialSource	sub_1000f1d3c
0x1000f1dd4	744	sub	csl_SpatialSource	sub_1000f1dd4
0x1000f20bc	132	sub	csl_SpatialSource	sub_1000f20bc
0x1000f2140	36	cxx	csl_SpeakerLayout	csl::SpeakerLayout::~SpeakerLayout
0x1000f2164	56	cxx	csl_SpeakerLayout	csl::SpeakerLayout::~SpeakerLayout/*deleting*/
0x1000f219c	416	sub	csl_SpeakerLayout	sub_1000f219c
0x1000f233c	236	sub	csl_SpeakerLayout	sub_1000f233c
0x1000f2428	232	sub	csl_SpeakerLayout	sub_1000f2428
0x1000f2510	256	sub	csl_SpeakerLayout	sub_1000f2510
0x1000f2610	144	sub	csl_SpeakerLayout	sub_1000f2610
0x1000f26a0	120	sub	csl_SpeakerLayout	sub_1000f26a0
0x1000f2718	96	sym	csl_Model	csl::Model::~Model/*base*/(…)
0x1000f2778	60	sym	csl_Model	std::vector<…><…>(…)
0x1000f27b4	36	sub	csl_Model	sub_1000f27b4
0x1000f27d8	56	sub	csl_Model	sub_1000f27d8
0x1000f2810	336	sym	csl_Model	std::vector<…><…>(…)
0x1000f2960	36	sub	csl_Model	sub_1000f2960
0x1000f2984	56	sub	csl_Model	sub_1000f2984
0x1000f29bc	80	sym	csl_Model	std::_Rb_tree<…>::std::_Select1st<…>::std::less<…><…>(…)
0x1000f2a0c	44	sym	csl_Model	std::_Rb_tree<…>::std::_Select1st<…>::std::less<…><…>(…)
0x1000f2a38	60	sub	csl_Model	sub_1000f2a38
0x1000f2a74	1104	sub	csl_Model	sub_1000f2a74
0x1000f2ec4	36	sub	csl_Model	sub_1000f2ec4
0x1000f2ee8	240	sub	csl_Model	sub_1000f2ee8
0x1000f2fd8	36	cxx	csl_BinauralPanner	csl::BinauralPanner::~BinauralPanner
0x1000f2ffc	8	cxx	csl_BinauralPanner	csl::BinauralPanner::thunk_vfunc_0
0x1000f3004	56	cxx	csl_BinauralPanner	csl::BinauralPanner::~BinauralPanner/*deleting*/
0x1000f303c	8	cxx	csl_BinauralPanner	csl::BinauralPanner::thunk_vfunc_1
0x1000f3044	72	cxx	csl_BinauralPanner	csl::BinauralPanner::vfunc_17
0x1000f308c	1620	cxx	csl_BinauralPanner	csl::BinauralPanner::vfunc_4
0x1000f36e0	1000	sub	csl_BinauralPanner	sub_1000f36e0
0x1000f3ac8	140	sub	csl_BinauralPanner	sub_1000f3ac8
0x1000f3b54	36	cxx	csl_BinauralSourceCache	csl::BinauralSourceCache::~BinauralSourceCache
0x1000f3b78	36	cxx	csl_BinauralSourceCache	csl::BinauralSourceCache::~BinauralSourceCache/*deleting*/
0x1000f3b9c	832	sub	csl_BinauralSourceCache	sub_1000f3b9c
0x1000f3edc	2348	sub	csl_BinauralSourceCache	sub_1000f3edc
0x1000f4808	260	sub	csl_BinauralSourceCache	sub_1000f4808
0x1000f490c	112	sub	csl_BinauralSourceCache	sub_1000f490c
0x1000f497c	732	sub	csl_BinauralSourceCache	sub_1000f497c
0x1000f4c58	1676	sub	csl_BinauralSourceCache	sub_1000f4c58
0x1000f52e4	148	sub	csl_BinauralSourceCache	sub_1000f52e4
0x1000f5378	436	sub	csl_BinauralSourceCache	sub_1000f5378
0x1000f552c	20	sub	csl_BinauralSourceCache	sub_1000f552c
0x1000f5540	720	sub	csl_BinauralSourceCache	sub_1000f5540
0x1000f5810	16	sub	csl_BinauralSourceCache	sub_1000f5810
0x1000f5820	8	sub	csl_BinauralSourceCache	sub_1000f5820
0x1000f5828	8	sub	csl_BinauralSourceCache	sub_1000f5828
0x1000f5830	60	sub	csl_BinauralSourceCache	sub_1000f5830
0x1000f586c	188	sub	csl_BinauralSourceCache	sub_1000f586c
0x1000f5928	36	sub	csl_BinauralSourceCache	sub_1000f5928
0x1000f594c	36	sub	csl_BinauralSourceCache	sub_1000f594c
0x1000f5970	60	sym	csl_BinauralSourceCache	std::vector<…><…>(…)
0x1000f59ac	112	sym	MemFile	MemFile::fgets(…)
0x1000f5a1c	60	sym	MemFile	std::vector<…><…>(…)
0x1000f5a58	124	sym	MemFile	MemFile::fread(…)
0x1000f5ad4	80	sym	MemFile	std::_Vector_base<…><…>(…)
0x1000f5b24	336	sym	MemFile	std::vector<…><…>(…)
0x1000f5c74	336	sym	MemFile	std::vector<…><…>(…)
0x1000f5dc4	36	sub	MemFile	sub_1000f5dc4
0x1000f5de8	36	sub	MemFile	sub_1000f5de8
0x1000f5e0c	128	sub	MemFile	sub_1000f5e0c
0x1000f5e8c	172	sub	MemFile	sub_1000f5e8c
0x1000f5f38	36	sub	MemFile	sub_1000f5f38
0x1000f5f5c	36	cxx	csl_AmbisonicUnitGenerator	csl::AmbisonicUnitGenerator::~AmbisonicUnitGenerator
0x1000f5f80	56	cxx	csl_AmbisonicUnitGenerator	csl::AmbisonicUnitGenerator::~AmbisonicUnitGenerator/*deleting*/
0x1000f5fb8	56	sub	csl_AmbisonicUnitGenerator	sub_1000f5fb8
0x1000f5ff0	16	sub	csl_AmbisonicUnitGenerator	sub_1000f5ff0
0x1000f6000	28	sub	csl_AmbisonicUnitGenerator	sub_1000f6000
0x1000f601c	292	sub	csl_AmbisonicUnitGenerator	sub_1000f601c
0x1000f6140	180	sub	csl_AmbisonicUnitGenerator	sub_1000f6140
0x1000f61f4	108	sub	csl_AmbisonicUnitGenerator	sub_1000f61f4
0x1000f6260	144	sub	csl_AmbisonicUnitGenerator	sub_1000f6260
0x1000f62f0	84	sub	csl_AmbisonicUnitGenerator	sub_1000f62f0
0x1000f6344	36	sub	csl_AmbisonicUnitGenerator	sub_1000f6344
0x1000f6368	112	sub	csl_AmbisonicUnitGenerator	sub_1000f6368
0x1000f63d8	36	cxx	csl_AmbisonicEncoder	csl::AmbisonicEncoder::~AmbisonicEncoder
0x1000f63fc	56	cxx	csl_AmbisonicEncoder	csl::AmbisonicEncoder::~AmbisonicEncoder/*deleting*/
0x1000f6434	340	cxx	csl_AmbisonicEncoder	csl::AmbisonicEncoder::vfunc_5
0x1000f6588	168	sub	csl_AmbisonicEncoder	sub_1000f6588
0x1000f6630	996	sub	csl_AmbisonicEncoder	sub_1000f6630
0x1000f6a14	36	sub	csl_AmbisonicEncoder	sub_1000f6a14
0x1000f6a38	204	sub	csl_AmbisonicEncoder	sub_1000f6a38
0x1000f6b04	36	cxx	csl_AmbisonicDecoder	csl::AmbisonicDecoder::~AmbisonicDecoder
0x1000f6b28	56	cxx	csl_AmbisonicDecoder	csl::AmbisonicDecoder::~AmbisonicDecoder/*deleting*/
0x1000f6b60	1056	sub	csl_AmbisonicDecoder	sub_1000f6b60
0x1000f6f80	128	sub	csl_AmbisonicDecoder	sub_1000f6f80
0x1000f7000	140	sub	csl_AmbisonicDecoder	sub_1000f7000
0x1000f708c	140	sub	csl_AmbisonicDecoder	sub_1000f708c
0x1000f7118	200	sub	csl_AmbisonicDecoder	sub_1000f7118
0x1000f71e0	532	cxx	csl_AmbisonicDecoder	csl::AmbisonicDecoder::vfunc_5
0x1000f73f4	60	sub	csl_AmbisonicDecoder	sub_1000f73f4
0x1000f7430	240	sub	csl_AmbisonicDecoder	sub_1000f7430
0x1000f7520	36	sub	csl_AmbisonicDecoder	sub_1000f7520
0x1000f7544	148	sub	csl_AmbisonicDecoder	sub_1000f7544
0x1000f75d8	36	cxx	csl_AmbisonicPanner	csl::AmbisonicPanner::~AmbisonicPanner
0x1000f75fc	8	cxx	csl_AmbisonicPanner	csl::AmbisonicPanner::thunk_vfunc_0
0x1000f7604	56	cxx	csl_AmbisonicPanner	csl::AmbisonicPanner::~AmbisonicPanner/*deleting*/
0x1000f763c	8	cxx	csl_AmbisonicPanner	csl::AmbisonicPanner::thunk_vfunc_1
0x1000f7644	92	cxx	csl_AmbisonicPanner	csl::AmbisonicPanner::vfunc_14
0x1000f76a0	4	cxx	csl_AmbisonicPanner	csl::AmbisonicPanner::vfunc_15
0x1000f76a4	44	cxx	csl_AmbisonicPanner	csl::AmbisonicPanner::vfunc_4
0x1000f76d0	4	cxx	csl_AmbisonicPanner	csl::AmbisonicPanner::vfunc_11
0x1000f76d4	112	sub	csl_AmbisonicPanner	sub_1000f76d4
0x1000f7744	104	sub	csl_AmbisonicPanner	sub_1000f7744
0x1000f77ac	36	sub	csl_AmbisonicPanner	sub_1000f77ac
0x1000f77d0	68	sub	csl_AmbisonicPanner	sub_1000f77d0
0x1000f7814	36	cxx	csl_AmbisonicMixer	csl::AmbisonicMixer::~AmbisonicMixer
0x1000f7838	56	cxx	csl_AmbisonicMixer	csl::AmbisonicMixer::~AmbisonicMixer/*deleting*/
0x1000f7870	128	sub	csl_AmbisonicMixer	sub_1000f7870
0x1000f78f0	408	cxx	csl_AmbisonicMixer	csl::AmbisonicMixer::vfunc_5
0x1000f7a88	128	sub	csl_AmbisonicMixer	sub_1000f7a88
0x1000f7b08	696	sub	csl_AmbisonicMixer	sub_1000f7b08
0x1000f7dc0	36	sub	csl_AmbisonicMixer	sub_1000f7dc0
0x1000f7de4	240	sub	csl_AmbisonicMixer	sub_1000f7de4
0x1000f7ed4	36	cxx	csl_AmbisonicRotator	csl::AmbisonicRotator::~AmbisonicRotator
0x1000f7ef8	56	cxx	csl_AmbisonicRotator	csl::AmbisonicRotator::~AmbisonicRotator/*deleting*/
0x1000f7f30	1036	cxx	csl_AmbisonicRotator	csl::AmbisonicRotator::vfunc_5
0x1000f833c	120	sub	csl_AmbisonicRotator	sub_1000f833c
0x1000f83b4	124	sub	csl_AmbisonicRotator	sub_1000f83b4
0x1000f8430	136	sub	csl_AmbisonicRotator	sub_1000f8430
0x1000f84b8	136	sub	csl_AmbisonicRotator	sub_1000f84b8
0x1000f8540	136	sub	csl_AmbisonicRotator	sub_1000f8540
0x1000f85c8	120	sub	csl_AmbisonicRotator	sub_1000f85c8
0x1000f8640	224	sub	csl_AmbisonicRotator	sub_1000f8640
0x1000f8720	3084	sub	csl_AmbisonicRotator	sub_1000f8720
0x1000f932c	484	sub	csl_AmbisonicRotator	sub_1000f932c
0x1000f9510	84	objc	S3DDefaults	+[S3DDefaults linearPannerWithDuration:maxLeft:maxRight:leftToRight:]
0x1000f9564	188	block	S3DDefaults	+[S3DDefaults linearPannerWithDuration:maxLeft:maxRight:leftToRight:]_block_invoke
0x1000f9620	84	objc	S3DDefaults	+[S3DDefaults sinePannerWithDuration:maxLeft:maxRight:leftToRight:]
0x1000f9674	252	block	S3DDefaults	+[S3DDefaults sinePannerWithDuration:maxLeft:maxRight:leftToRight:]_block_invoke
0x1000f9770	76	objc	S3DDefaults	+[S3DDefaults fadeIn:]
0x1000f97bc	120	block	S3DDefaults	+[S3DDefaults fadeIn:]_block_invoke
0x1000f9834	260	objc	S3DDefaults	+[S3DDefaults fadeOut:]
0x1000f9938	360	block	S3DDefaults	+[S3DDefaults fadeOut:]_block_invoke
0x1000f9aa0	108	sub	S3DDefaults	sub_1000f9aa0
0x1000f9b0c	84	sub	S3DDefaults	sub_1000f9b0c
0x1000f9b60	272	objc	S3DDefaults	+[S3DDefaults chain:with:]
0x1000f9c70	212	block	S3DDefaults	+[S3DDefaults chain:with:]_block_invoke
0x1000f9d44	92	sub	S3DDefaults	sub_1000f9d44
0x1000f9da0	64	sub	S3DDefaults	sub_1000f9da0
0x1000f9de0	168	sub	S3DDefaults	sub_1000f9de0
0x1000f9e88	24	sub	S3DDefaults	sub_1000f9e88
0x1000f9ea0	124	objc	S3DEngine	-[S3DEngine auto_wrapper:]
0x1000f9f1c	52	block	S3DEngine	-[S3DEngine auto_wrapper:]_block_invoke
0x1000f9f50	16	sub	S3DEngine	sub_1000f9f50
0x1000f9f60	8	sub	S3DEngine	sub_1000f9f60
0x1000f9f68	152	objc	S3DEngine	-[S3DEngine dispatch:]
0x1000fa000	160	objc	S3DEngine	-[S3DEngine dispatch_after:block:]
0x1000fa0a0	292	objc	S3DEngine	-[S3DEngine AU_preSerialize:]
0x1000fa1c4	360	objc	S3DEngine	-[S3DEngine quietLog:format:]
0x1000fa32c	20	objc	S3DEngine	-[S3DEngine fifo]
0x1000fa340	288	objc	S3DEngine	-[S3DEngine setHeadPosition:]
0x1000fa460	116	objc	S3DEngine	-[S3DEngine setDistanceScale:]
0x1000fa4d4	192	objc	S3DEngine	-[S3DEngine setHeadOrientation:]
0x1000fa594	20	objc	S3DEngine	-[S3DEngine disableReverb]
0x1000fa5a8	320	objc	S3DEngine	-[S3DEngine normalizeToHeadPosition:]
0x1000fa6e8	44	objc	S3DEngine	+[S3DEngine setPlayListMetaPath:]
0x1000fa714	44	objc	S3DEngine	+[S3DEngine setHRTFPath:]
0x1000fa740	44	objc	S3DEngine	+[S3DEngine setProductName:]
0x1000fa76c	32	objc	S3DEngine	-[S3DEngine setMasterGain:]
0x1000fa78c	16	objc	S3DEngine	+[S3DEngine setMasterSpatialisedGain:]
0x1000fa79c	16	objc	S3DEngine	+[S3DEngine getMasterSpatialisedGain]
0x1000fa7ac	44	objc	S3DEngine	-[S3DEngine getEngineVersionString]
0x1000fa7d8	20	objc	S3DEngine	+[S3DEngine disableReverb]
0x1000fa7ec	412	objc	S3DEngine	-[S3DEngine dealloc]
0x1000fa988	216	objc	S3DEngine	-[S3DEngine setupCSL]
0x1000faa60	2160	objc	S3DEngine	-[S3DEngine init]
0x1000fb2d0	140	block	S3DEngine	-[S3DEngine init]_block_invoke
0x1000fb35c	8	sub	S3DEngine	sub_1000fb35c
0x1000fb364	8	sub	S3DEngine	sub_1000fb364
0x1000fb36c	68	objc	S3DEngine	+[S3DEngine engine]
0x1000fb3b0	76	block	S3DEngine	+[S3DEngine engine]_block_invoke
0x1000fb3fc	1948	objc	S3DEngine	-[S3DEngine staticPlayLists]
0x1000fbb98	1076	block	S3DEngine	-[S3DEngine staticPlayLists]_block_invoke
0x1000fbfcc	40	sub	S3DEngine	sub_1000fbfcc
0x1000fbff4	40	sub	S3DEngine	sub_1000fbff4
0x1000fc01c	52	objc	S3DEngine	-[S3DEngine playListWithName:]
0x1000fc050	816	objc	S3DEngine	-[S3DEngine playListWithName:atBundlePath:]
0x1000fc380	252	objc	S3DEngine	-[S3DEngine getListOfPlaylists]
0x1000fc47c	36	block	S3DEngine	-[S3DEngine getListOfPlaylists]_block_invoke
0x1000fc4a0	8	sub	S3DEngine	sub_1000fc4a0
0x1000fc4a8	8	sub	S3DEngine	sub_1000fc4a8
0x1000fc4b0	252	objc	S3DEngine	-[S3DEngine getListOfActivePlaylists]
0x1000fc5ac	108	block	S3DEngine	-[S3DEngine getListOfActivePlaylists]_block_invoke
0x1000fc618	8	sub	S3DEngine	sub_1000fc618
0x1000fc620	8	sub	S3DEngine	sub_1000fc620
0x1000fc628	372	objc	S3DEngine	-[S3DEngine stopAll]
0x1000fc79c	124	objc	S3DEngine	-[S3DEngine setReverbRoomSize:]
0x1000fc818	120	objc	S3DEngine	-[S3DEngine setReverbDampening:]
0x1000fc890	116	objc	S3DEngine	-[S3DEngine setReverbVolume:]
0x1000fc904	148	objc	S3DEngine	-[S3DEngine fadeAllBut:]
0x1000fc998	4	objc	S3DEngine	+[S3DEngine dumpSoundFileList]
0x1000fc99c	16	objc	S3DEngine	+[S3DEngine metric_Enable:]
0x1000fc9ac	16	objc	S3DEngine	+[S3DEngine metric_MixPercent]
0x1000fc9bc	16	objc	S3DEngine	+[S3DEngine metric_MixPercentLP]
0x1000fc9cc	16	objc	S3DEngine	+[S3DEngine metric_MixPercentMax]
0x1000fc9dc	16	objc	S3DEngine	+[S3DEngine metric_OpsPercent]
0x1000fc9ec	16	objc	S3DEngine	+[S3DEngine metric_OpsPercentLP]
0x1000fc9fc	16	objc	S3DEngine	+[S3DEngine metric_OpsPercentMax]
0x1000fca0c	16	objc	S3DEngine	+[S3DEngine metric_TotalPercent]
0x1000fca1c	16	objc	S3DEngine	+[S3DEngine metric_TotalPercentLP]
0x1000fca2c	16	objc	S3DEngine	+[S3DEngine metric_TotalPercentMax]
0x1000fca3c	16	objc	S3DEngine	+[S3DEngine metric_NumSoundsLoaded]
0x1000fca4c	16	objc	S3DEngine	+[S3DEngine metric_NumActiveSpatialSounds]
0x1000fca5c	16	objc	S3DEngine	+[S3DEngine metric_NumActiveNonSpatialSounds]
0x1000fca6c	16	objc	S3DEngine	+[S3DEngine metric_NumActiveSounds]
0x1000fca7c	16	objc	S3DEngine	+[S3DEngine metric_BufferBytesAllocated]
0x1000fca8c	16	objc	S3DEngine	+[S3DEngine metric_MaxMixTimeSeconds]
0x1000fca9c	392	objc	S3DEngine	+[S3DEngine metric_app_cpu_usage]
0x1000fcc24	44	objc	S3DEngine	+[S3DEngine engineVersion]
0x1000fcc50	24	objc	S3DEngine	-[S3DEngine headPosition]
0x1000fcc68	16	objc	S3DEngine	-[S3DEngine headOrientation]
0x1000fcc78	16	objc	S3DEngine	-[S3DEngine distanceScale]
0x1000fcc88	16	objc	S3DEngine	-[S3DEngine maxSpatialGain]
0x1000fcc98	16	objc	S3DEngine	-[S3DEngine setMaxSpatialGain:]
0x1000fcca8	16	objc	S3DEngine	-[S3DEngine playListCache]
0x1000fccb8	56	objc	S3DEngine	-[S3DEngine setPlayListCache:]
0x1000fccf0	16	objc	S3DEngine	-[S3DEngine traceLevel]
0x1000fcd00	16	objc	S3DEngine	-[S3DEngine setTraceLevel:]
0x1000fcd10	16	objc	S3DEngine	-[S3DEngine dispatcher]
0x1000fcd20	56	objc	S3DEngine	-[S3DEngine setDispatcher:]
0x1000fcd58	16	objc	S3DEngine	-[S3DEngine setFifo:]
0x1000fcd68	16	objc	S3DEngine	-[S3DEngine masterMixer]
0x1000fcd78	16	objc	S3DEngine	-[S3DEngine setMasterMixer:]
0x1000fcd88	16	objc	S3DEngine	-[S3DEngine io]
0x1000fcd98	16	objc	S3DEngine	-[S3DEngine setIo:]
0x1000fcda8	16	objc	S3DEngine	-[S3DEngine dryMixer]
0x1000fcdb8	16	objc	S3DEngine	-[S3DEngine setDryMixer:]
0x1000fcdc8	16	objc	S3DEngine	-[S3DEngine wetMixer]
0x1000fcdd8	16	objc	S3DEngine	-[S3DEngine setWetMixer:]
0x1000fcde8	16	objc	S3DEngine	-[S3DEngine reverb]
0x1000fcdf8	16	objc	S3DEngine	-[S3DEngine setReverb:]
0x1000fce08	16	objc	S3DEngine	-[S3DEngine actionQueue]
0x1000fce18	16	objc	S3DEngine	-[S3DEngine setActionQueue:]
0x1000fce28	16	objc	S3DEngine	-[S3DEngine callbackQueue]
0x1000fce38	16	objc	S3DEngine	-[S3DEngine setCallbackQueue:]
0x1000fce48	16	objc	S3DEngine	-[S3DEngine receivedData]
0x1000fce58	16	objc	S3DEngine	-[S3DEngine setReceivedData:]
0x1000fce68	64	objc	S3DEngine	-[S3DEngine .cxx_destruct]
0x1000fcea8	4	objc	S3DEngine	-[S3DEngine .cxx_construct]
0x1000fceac	16	objc	S3DPlayList	-[S3DPlayList isActive]
0x1000fcebc	264	objc	S3DPlayList	-[S3DPlayList name]
0x1000fcfc4	20	objc	S3DPlayList	-[S3DPlayList range]
0x1000fcfd8	372	objc	S3DPlayList	-[S3DPlayList subPlayListWithRange:]
0x1000fd14c	336	objc	S3DPlayList	-[S3DPlayList init]
0x1000fd29c	168	objc	S3DPlayList	-[S3DPlayList playListRepeatPolicy]
0x1000fd344	176	objc	S3DPlayList	-[S3DPlayList setPlayListRepeatPolicy:]
0x1000fd3f4	544	objc	S3DPlayList	-[S3DPlayList anySoundMatchingPredicate:]
0x1000fd614	212	block	S3DPlayList	-[S3DPlayList anySoundMatchingPredicate:]_block_invoke
0x1000fd6e8	68	sub	S3DPlayList	sub_1000fd6e8
0x1000fd72c	52	sub	S3DPlayList	sub_1000fd72c
0x1000fd760	464	objc	S3DPlayList	-[S3DPlayList soundsMatchingPredicate:]
0x1000fd930	212	block	S3DPlayList	-[S3DPlayList soundsMatchingPredicate:]_block_invoke
0x1000fda04	68	sub	S3DPlayList	sub_1000fda04
0x1000fda48	52	sub	S3DPlayList	sub_1000fda48
0x1000fda7c	24	objc	S3DPlayList	-[S3DPlayList anySound]
0x1000fda94	8	block	S3DPlayList	-[S3DPlayList anySound]_block_invoke
0x1000fda9c	192	objc	S3DPlayList	-[S3DPlayList anySoundWihPrefix:]
0x1000fdb5c	44	block	S3DPlayList	-[S3DPlayList anySoundWihPrefix:]_block_invoke
0x1000fdb88	8	sub	S3DPlayList	sub_1000fdb88
0x1000fdb90	8	sub	S3DPlayList	sub_1000fdb90
0x1000fdb98	192	objc	S3DPlayList	-[S3DPlayList anySoundWihSuffix:]
0x1000fdc58	44	block	S3DPlayList	-[S3DPlayList anySoundWihSuffix:]_block_invoke
0x1000fdc84	8	sub	S3DPlayList	sub_1000fdc84
0x1000fdc8c	8	sub	S3DPlayList	sub_1000fdc8c
0x1000fdc94	192	objc	S3DPlayList	-[S3DPlayList anySoundContaining:]
0x1000fdd54	56	block	S3DPlayList	-[S3DPlayList anySoundContaining:]_block_invoke
0x1000fdd8c	8	sub	S3DPlayList	sub_1000fdd8c
0x1000fdd94	8	sub	S3DPlayList	sub_1000fdd94
0x1000fdd9c	424	objc	S3DPlayList	-[S3DPlayList cycleSound]
0x1000fdf44	16	block	S3DPlayList	-[S3DPlayList cycleSound]_block_invoke
0x1000fdf54	8	block	S3DPlayList	-[S3DPlayList cycleSound]_block_invoke_2
0x1000fdf5c	164	block	S3DPlayList	-[S3DPlayList cycleSound]_block_invoke_3
0x1000fe000	60	sub	S3DPlayList	sub_1000fe000
0x1000fe03c	48	sub	S3DPlayList	sub_1000fe03c
0x1000fe06c	164	objc	S3DPlayList	-[S3DPlayList deactivate]
0x1000fe110	20	block	S3DPlayList	-[S3DPlayList deactivate]_block_invoke
0x1000fe124	16	sub	S3DPlayList	sub_1000fe124
0x1000fe134	12	sub	S3DPlayList	sub_1000fe134
0x1000fe140	440	objc	S3DPlayList	-[S3DPlayList deactivate:]
0x1000fe2f8	188	block	S3DPlayList	-[S3DPlayList deactivate:]_block_invoke
0x1000fe3b4	28	block	S3DPlayList	-[S3DPlayList deactivate:]_block_invoke_2
0x1000fe3d0	52	sub	S3DPlayList	sub_1000fe3d0
0x1000fe404	40	sub	S3DPlayList	sub_1000fe404
0x1000fe42c	36	objc	S3DPlayList	-[S3DPlayList transferActivationTo:]
0x1000fe450	908	objc	S3DPlayList	-[S3DPlayList transferActivationTo:completion:]
0x1000fe7dc	120	block	S3DPlayList	-[S3DPlayList transferActivationTo:completion:]_block_invoke
0x1000fe854	8	sub	S3DPlayList	sub_1000fe854
0x1000fe85c	8	sub	S3DPlayList	sub_1000fe85c
0x1000fe864	120	block	S3DPlayList	-[S3DPlayList transferActivationTo:completion:]_block_invoke_2
0x1000fe8dc	8	sub	S3DPlayList	sub_1000fe8dc
0x1000fe8e4	8	sub	S3DPlayList	sub_1000fe8e4
0x1000fe8ec	164	objc	S3DPlayList	-[S3DPlayList activate]
0x1000fe990	20	block	S3DPlayList	-[S3DPlayList activate]_block_invoke
0x1000fe9a4	16	sub	S3DPlayList	sub_1000fe9a4
0x1000fe9b4	12	sub	S3DPlayList	sub_1000fe9b4
0x1000fe9c0	896	objc	S3DPlayList	-[S3DPlayList activate:]
0x1000fed40	1364	block	S3DPlayList	-[S3DPlayList activate:]_block_invoke
0x1000ff294	192	block	S3DPlayList	-[S3DPlayList activate:]_block_invoke_block_invoke
0x1000ff354	56	sub	S3DPlayList	sub_1000ff354
0x1000ff38c	40	sub	S3DPlayList	sub_1000ff38c
0x1000ff3b4	132	block	S3DPlayList	-[S3DPlayList activate:]_block_invoke_block_invoke_2
0x1000ff438	16	sub	S3DPlayList	sub_1000ff438
0x1000ff448	12	sub	S3DPlayList	sub_1000ff448
0x1000ff454	172	block	S3DPlayList	-[S3DPlayList activate:]_block_invoke_block_invoke_3
0x1000ff500	52	sub	S3DPlayList	sub_1000ff500
0x1000ff534	40	sub	S3DPlayList	sub_1000ff534
0x1000ff55c	64	sub	S3DPlayList	sub_1000ff55c
0x1000ff59c	48	sub	S3DPlayList	sub_1000ff59c
0x1000ff5cc	156	objc	S3DPlayList	-[S3DPlayList logit:]
0x1000ff668	1384	objc	S3DPlayList	-[S3DPlayList applyRepeatPolicyTo:]
0x1000ffbd0	212	block	S3DPlayList	-[S3DPlayList applyRepeatPolicyTo:]_block_invoke
0x1000ffca4	116	sub	S3DPlayList	sub_1000ffca4
0x1000ffd18	92	sub	S3DPlayList	sub_1000ffd18
0x1000ffd74	324	objc	S3DPlayList	-[S3DPlayList keyFromDict:]
0x1000ffeb8	1100	objc	S3DPlayList	-[S3DPlayList each:]
0x100100304	676	objc	S3DPlayList	-[S3DPlayList S3DSound:]
0x1001005a8	4	block	S3DPlayList	-[S3DPlayList S3DSound:]_block_invoke
0x1001005ac	32	objc	S3DPlayList	-[S3DPlayList prime:]
0x1001005cc	24	objc	S3DPlayList	-[S3DPlayList stopAll]
0x1001005e4	108	block	S3DPlayList	-[S3DPlayList stopAll]_block_invoke
0x100100650	28	objc	S3DPlayList	-[S3DPlayList description]
0x10010066c	16	objc	S3DPlayList	-[S3DPlayList model]
0x10010067c	56	objc	S3DPlayList	-[S3DPlayList setModel:]
0x1001006b4	56	objc	S3DPlayList	-[S3DPlayList setName:]
0x1001006ec	16	objc	S3DPlayList	-[S3DPlayList active]
0x1001006fc	16	objc	S3DPlayList	-[S3DPlayList setActive:]
0x10010070c	16	objc	S3DPlayList	-[S3DPlayList agentCache]
0x10010071c	56	objc	S3DPlayList	-[S3DPlayList setAgentCache:]
0x100100754	16	objc	S3DPlayList	-[S3DPlayList firstHasPlayed]
0x100100764	16	objc	S3DPlayList	-[S3DPlayList setFirstHasPlayed:]
0x100100774	16	objc	S3DPlayList	-[S3DPlayList primed]
0x100100784	56	objc	S3DPlayList	-[S3DPlayList setPrimed:]
0x1001007bc	16	objc	S3DPlayList	-[S3DPlayList cycleIndex]
0x1001007cc	16	objc	S3DPlayList	-[S3DPlayList setCycleIndex:]
0x1001007dc	16	objc	S3DPlayList	-[S3DPlayList activating]
0x1001007ec	16	objc	S3DPlayList	-[S3DPlayList setActivating:]
0x1001007fc	16	objc	S3DPlayList	-[S3DPlayList deactivating]
0x10010080c	16	objc	S3DPlayList	-[S3DPlayList setDeactivating:]
0x10010081c	104	objc	S3DPlayList	-[S3DPlayList .cxx_destruct]
0x100100884	4	objc	S3DPlayList	-[S3DPlayList .cxx_construct]
0x100100888	16	objc	S3DSound	-[S3DSound looping]
0x100100898	232	objc	S3DSound	-[S3DSound setLoopinggg:]
0x100100980	40	objc	S3DSound	-[S3DSound loaded]
0x1001009a8	84	objc	S3DSound	-[S3DSound playing]
0x1001009fc	84	objc	S3DSound	-[S3DSound duration]
0x100100a50	108	objc	S3DSound	-[S3DSound setPlayRate:]
0x100100abc	120	objc	S3DSound	-[S3DSound setPan:]
0x100100b34	428	objc	S3DSound	-[S3DSound setGain:]
0x100100ce0	88	block	S3DSound	-[S3DSound setGain:]_block_invoke
0x100100d38	8	sub	S3DSound	sub_100100d38
0x100100d40	8	sub	S3DSound	sub_100100d40
0x100100d48	88	objc	S3DSound	-[S3DSound channelCount]
0x100100da0	468	objc	S3DSound	-[S3DSound description]
0x100100f74	596	objc	S3DSound	-[S3DSound setPlanarInternalInternal]
0x1001011c8	204	objc	S3DSound	-[S3DSound setPlanarInternal]
0x100101294	204	block	S3DSound	-[S3DSound setPlanarInternal]_block_invoke
0x100101360	20	block	S3DSound	-[S3DSound setPlanarInternal]_block_invoke_block_invoke
0x100101374	8	sub	S3DSound	sub_100101374
0x10010137c	8	sub	S3DSound	sub_10010137c
0x100101384	8	sub	S3DSound	sub_100101384
0x10010138c	8	sub	S3DSound	sub_10010138c
0x100101394	124	objc	S3DSound	-[S3DSound setPlanar:]
0x100101410	180	objc	S3DSound	-[S3DSound setSpatialized:]
0x1001014c4	548	objc	S3DSound	-[S3DSound cleanup]
0x1001016e8	5668	block	S3DSound	-[S3DSound cleanup]_block_invoke
0x100102d0c	92	block	S3DSound	-[S3DSound cleanup]_block_invoke_block_invoke
0x100102d68	8	sub	S3DSound	sub_100102d68
0x100102d70	8	sub	S3DSound	sub_100102d70
0x100102d78	40	sub	S3DSound	sub_100102d78
0x100102da0	40	sub	S3DSound	sub_100102da0
0x100102dc8	432	objc	S3DSound	-[S3DSound deactivate]
0x100102f78	12	block	S3DSound	-[S3DSound deactivate]_block_invoke
0x100102f84	8	block	S3DSound	-[S3DSound deactivate]_block_invoke_2
0x100102f8c	472	block	S3DSound	-[S3DSound deactivate]_block_invoke_3
0x100103164	92	block	S3DSound	-[S3DSound deactivate]_block_invoke_3_block_invoke
0x1001031c0	8	sub	S3DSound	sub_1001031c0
0x1001031c8	8	sub	S3DSound	sub_1001031c8
0x1001031d0	48	sub	S3DSound	sub_1001031d0
0x100103200	44	sub	S3DSound	sub_100103200
0x10010322c	384	objc	S3DSound	-[S3DSound setupPlain]
0x1001033ac	1960	block	S3DSound	-[S3DSound setupPlain]_block_invoke
0x100103b54	8	sub	S3DSound	sub_100103b54
0x100103b5c	8	sub	S3DSound	sub_100103b5c
0x100103b64	316	objc	S3DSound	-[S3DSound setupSpatialized]
0x100103ca0	2480	block	S3DSound	-[S3DSound setupSpatialized]_block_invoke
0x100104650	8	sub	S3DSound	sub_100104650
0x100104658	8	sub	S3DSound	sub_100104658
0x100104660	20	objc	S3DSound	-[S3DSound activate]
0x100104674	280	objc	S3DSound	-[S3DSound soundFileOpen]
0x10010478c	96	block	S3DSound	-[S3DSound soundFileOpen]_block_invoke
0x1001047ec	8	sub	S3DSound	sub_1001047ec
0x1001047f4	8	sub	S3DSound	sub_1001047f4
0x1001047fc	428	objc	S3DSound	-[S3DSound activate:]
0x1001049a8	408	block	S3DSound	-[S3DSound activate:]_block_invoke
0x100104b40	52	sub	S3DSound	sub_100104b40
0x100104b74	40	sub	S3DSound	sub_100104b74
0x100104b9c	336	objc	S3DSound	-[S3DSound dealloc]
0x100104cec	276	objc	S3DSound	-[S3DSound cleardown]
0x100104e00	812	objc	S3DSound	-[S3DSound initWithURL:]
0x10010512c	408	objc	S3DSound	+[S3DSound agentWithBundleResourceOfName:inDirectory:extension:]
0x1001052c4	116	objc	S3DSound	+[S3DSound agentWithURL:]
0x100105338	840	objc	S3DSound	+[S3DSound agentWithDictionary:]
0x100105680	20	objc	S3DSound	-[S3DSound pause]
0x100105694	20	objc	S3DSound	-[S3DSound resume]
0x1001056a8	152	objc	S3DSound	-[S3DSound play]
0x100105740	316	objc	S3DSound	-[S3DSound playAsIs]
0x10010587c	456	block	S3DSound	-[S3DSound playAsIs]_block_invoke
0x100105a44	8	sub	S3DSound	sub_100105a44
0x100105a4c	8	sub	S3DSound	sub_100105a4c
0x100105a54	340	objc	S3DSound	-[S3DSound setup_complete:loop:]
0x100105ba8	156	block	S3DSound	-[S3DSound setup_complete:loop:]_block_invoke
0x100105c44	320	block	S3DSound	-[S3DSound setup_complete:loop:]_block_invoke_block_invoke
0x100105d84	8	sub	S3DSound	sub_100105d84
0x100105d8c	8	sub	S3DSound	sub_100105d8c
0x100105d94	8	sub	S3DSound	sub_100105d94
0x100105d9c	8	sub	S3DSound	sub_100105d9c
0x100105da4	276	objc	S3DSound	-[S3DSound setup_either:loop:]
0x100105eb8	656	objc	S3DSound	-[S3DSound play:fadein:]
0x100106148	192	objc	S3DSound	-[S3DSound play:]
0x100106208	372	objc	S3DSound	-[S3DSound prepareForPlay:looping:]
0x10010637c	192	block	S3DSound	-[S3DSound prepareForPlay:looping:]_block_invoke
0x10010643c	184	objc	S3DSound	-[S3DSound fadeIn:looping:]
0x1001064f4	24	objc	S3DSound	-[S3DSound fadeOut]
0x10010650c	216	objc	S3DSound	-[S3DSound fadeOut:]
0x1001065e4	184	block	S3DSound	-[S3DSound fadeOut:]_block_invoke
0x10010669c	8	sub	S3DSound	sub_10010669c
0x1001066a4	8	sub	S3DSound	sub_1001066a4
0x1001066ac	332	objc	S3DSound	-[S3DSound fadeIn:from:]
0x1001067f8	276	objc	S3DSound	-[S3DSound stopInternal]
0x10010690c	532	objc	S3DSound	-[S3DSound stop]
0x100106b20	20	block	S3DSound	-[S3DSound stop]_block_invoke
0x100106b34	8	sub	S3DSound	sub_100106b34
0x100106b3c	8	sub	S3DSound	sub_100106b3c
0x100106b44	156	objc	S3DSound	-[S3DSound add3DSoundMonitor:]
0x100106be0	176	objc	S3DSound	-[S3DSound add3DSoundEndCallback:]
0x100106c90	104	block	S3DSound	-[S3DSound add3DSoundEndCallback:]_block_invoke
0x100106cf8	16	sub	S3DSound	sub_100106cf8
0x100106d08	8	sub	S3DSound	sub_100106d08
0x100106d10	224	objc	S3DSound	-[S3DSound setWetGain:]
0x100106df0	228	block	S3DSound	-[S3DSound setWetGain:]_block_invoke
0x100106ed4	224	objc	S3DSound	-[S3DSound setDryGain:]
0x100106fb4	228	block	S3DSound	-[S3DSound setDryGain:]_block_invoke
0x100107098	4	objc	S3DSound	-[S3DSound copyWithZone:]
0x10010709c	16	objc	S3DSound	-[S3DSound key]
0x1001070ac	24	objc	S3DSound	-[S3DSound previous]
0x1001070c4	28	objc	S3DSound	-[S3DSound setPrevious:]
0x1001070e0	16	objc	S3DSound	-[S3DSound polarUpdated]
0x1001070f0	16	objc	S3DSound	-[S3DSound setPolarUpdated:]
0x100107100	24	objc	S3DSound	-[S3DSound planar]
0x100107118	16	objc	S3DSound	-[S3DSound planarNeedsUpdating]
0x100107128	16	objc	S3DSound	-[S3DSound setPlanarNeedsUpdating:]
0x100107138	16	objc	S3DSound	-[S3DSound spatialized]
0x100107148	16	objc	S3DSound	-[S3DSound preload]
0x100107158	16	objc	S3DSound	-[S3DSound setPreload:]
0x100107168	16	objc	S3DSound	-[S3DSound unloadOnStop]
0x100107178	16	objc	S3DSound	-[S3DSound setUnloadOnStop:]
0x100107188	16	objc	S3DSound	-[S3DSound pan]
0x100107198	16	objc	S3DSound	-[S3DSound gain]
0x1001071a8	16	objc	S3DSound	-[S3DSound fadeGain]
0x1001071b8	16	objc	S3DSound	-[S3DSound setFadeGain:]
0x1001071c8	16	objc	S3DSound	-[S3DSound soundFile]
0x1001071d8	16	objc	S3DSound	-[S3DSound setSoundFile:]
0x1001071e8	16	objc	S3DSound	-[S3DSound panner]
0x1001071f8	16	objc	S3DSound	-[S3DSound setPanner:]
0x100107208	16	objc	S3DSound	-[S3DSound gainControl]
0x100107218	16	objc	S3DSound	-[S3DSound setGainControl:]
0x100107228	16	objc	S3DSound	-[S3DSound fanout]
0x100107238	16	objc	S3DSound	-[S3DSound setFanout:]
0x100107248	16	objc	S3DSound	-[S3DSound drygainControl]
0x100107258	16	objc	S3DSound	-[S3DSound setDrygainControl:]
0x100107268	16	objc	S3DSound	-[S3DSound wetgainControl]
0x100107278	16	objc	S3DSound	-[S3DSound setWetgainControl:]
0x100107288	16	objc	S3DSound	-[S3DSound wetGain]
0x100107298	16	objc	S3DSound	-[S3DSound dryGain]
0x1001072a8	16	objc	S3DSound	-[S3DSound stream]
0x1001072b8	16	objc	S3DSound	-[S3DSound setStream:]
0x1001072c8	16	objc	S3DSound	-[S3DSound spatializer]
0x1001072d8	16	objc	S3DSound	-[S3DSound setSpatializer:]
0x1001072e8	16	objc	S3DSound	-[S3DSound fanner]
0x1001072f8	16	objc	S3DSound	-[S3DSound setFanner:]
0x100107308	16	objc	S3DSound	-[S3DSound spatialSource]
0x100107318	16	objc	S3DSound	-[S3DSound setSpatialSource:]
0x100107328	16	objc	S3DSound	-[S3DSound lowPassFilter]
0x100107338	16	objc	S3DSound	-[S3DSound setLowPassFilter:]
0x100107348	16	objc	S3DSound	-[S3DSound url]
0x100107358	56	objc	S3DSound	-[S3DSound setUrl:]
0x100107390	16	objc	S3DSound	-[S3DSound playRate]
0x1001073a0	20	objc	S3DSound	-[S3DSound active]
0x1001073b4	16	objc	S3DSound	-[S3DSound setActive:]
0x1001073c4	20	objc	S3DSound	-[S3DSound stopping]
0x1001073d8	16	objc	S3DSound	-[S3DSound setStopping:]
0x1001073e8	20	objc	S3DSound	-[S3DSound restart]
0x1001073fc	16	objc	S3DSound	-[S3DSound setRestart:]
0x10010740c	20	objc	S3DSound	-[S3DSound restarting]
0x100107420	16	objc	S3DSound	-[S3DSound setRestarting:]
0x100107430	20	objc	S3DSound	-[S3DSound localLooping]
0x100107444	16	objc	S3DSound	-[S3DSound setLocalLooping:]
0x100107454	16	objc	S3DSound	-[S3DSound sendToReverb]
0x100107464	16	objc	S3DSound	-[S3DSound setSendToReverb:]
0x100107474	16	objc	S3DSound	-[S3DSound autoReverbMix]
0x100107484	16	objc	S3DSound	-[S3DSound setAutoReverbMix:]
0x100107494	16	objc	S3DSound	-[S3DSound minReverbDistance]
0x1001074a4	16	objc	S3DSound	-[S3DSound setMinReverbDistance:]
0x1001074b4	16	objc	S3DSound	-[S3DSound maxReverbDistance]
0x1001074c4	16	objc	S3DSound	-[S3DSound setMaxReverbDistance:]
0x1001074d4	16	objc	S3DSound	-[S3DSound minWetSend]
0x1001074e4	16	objc	S3DSound	-[S3DSound setMinWetSend:]
0x1001074f4	16	objc	S3DSound	-[S3DSound maxWetSend]
0x100107504	16	objc	S3DSound	-[S3DSound setMaxWetSend:]
0x100107514	16	objc	S3DSound	-[S3DSound setup]
0x100107524	16	objc	S3DSound	-[S3DSound userValue]
0x100107534	16	objc	S3DSound	-[S3DSound setUserValue:]
0x100107544	16	objc	S3DSound	-[S3DSound timer]
0x100107554	56	objc	S3DSound	-[S3DSound setTimer:]
0x10010758c	16	objc	S3DSound	-[S3DSound mStoredFadeDuration]
0x10010759c	16	objc	S3DSound	-[S3DSound setMStoredFadeDuration:]
0x1001075ac	16	objc	S3DSound	-[S3DSound mPlayWhenLoaded]
0x1001075bc	16	objc	S3DSound	-[S3DSound setMPlayWhenLoaded:]
0x1001075cc	84	objc	S3DSound	-[S3DSound .cxx_destruct]
0x100107620	4	objc	S3DSound	-[S3DSound .cxx_construct]
0x100107624	236	objc	S3DAbstractModel	+[S3DAbstractModel decode:]
0x100107710	232	objc	S3DAbstractModel	-[S3DAbstractModel encode]
0x1001077f8	112	objc	S3DAbstractModel	-[S3DAbstractModel description]
0x100107868	16	objc	S3DAbstractModel	-[S3DAbstractModel xId]
0x100107878	56	objc	S3DAbstractModel	-[S3DAbstractModel setXId:]
0x1001078b0	20	objc	S3DAbstractModel	-[S3DAbstractModel .cxx_destruct]
0x1001078c4	60	objc	S3DEngineDispatcher	-[S3DEngineDispatcher dealloc]
0x100107900	628	objc	S3DEngineDispatcher	-[S3DEngineDispatcher init]
0x100107b74	20	block	S3DEngineDispatcher	-[S3DEngineDispatcher init]_block_invoke
0x100107b88	8	sub	S3DEngineDispatcher	sub_100107b88
0x100107b90	8	sub	S3DEngineDispatcher	sub_100107b90
0x100107b98	236	objc	S3DEngineDispatcher	-[S3DEngineDispatcher dispatch_pump]
0x100107c84	88	block	S3DEngineDispatcher	-[S3DEngineDispatcher dispatch_pump]_block_invoke
0x100107cdc	8	sub	S3DEngineDispatcher	sub_100107cdc
0x100107ce4	8	sub	S3DEngineDispatcher	sub_100107ce4
0x100107cec	68	objc	S3DEngineDispatcher	+[S3DEngineDispatcher dispatcher]
0x100107d30	76	block	S3DEngineDispatcher	+[S3DEngineDispatcher dispatcher]_block_invoke
0x100107d7c	272	objc	S3DEngineDispatcher	-[S3DEngineDispatcher startTrackingPlayList:]
0x100107e8c	280	block	S3DEngineDispatcher	-[S3DEngineDispatcher startTrackingPlayList:]_block_invoke
0x100107fa4	40	sub	S3DEngineDispatcher	sub_100107fa4
0x100107fcc	40	sub	S3DEngineDispatcher	sub_100107fcc
0x100107ff4	272	objc	S3DEngineDispatcher	-[S3DEngineDispatcher stopTrackingPlayList:]
0x100108104	280	block	S3DEngineDispatcher	-[S3DEngineDispatcher stopTrackingPlayList:]_block_invoke
0x10010821c	40	sub	S3DEngineDispatcher	sub_10010821c
0x100108244	40	sub	S3DEngineDispatcher	sub_100108244
0x10010826c	272	objc	S3DEngineDispatcher	-[S3DEngineDispatcher startTracking:]
0x10010837c	280	block	S3DEngineDispatcher	-[S3DEngineDispatcher startTracking:]_block_invoke
0x100108494	40	sub	S3DEngineDispatcher	sub_100108494
0x1001084bc	40	sub	S3DEngineDispatcher	sub_1001084bc
0x1001084e4	544	objc	S3DEngineDispatcher	-[S3DEngineDispatcher stopTracking:]
0x100108704	272	objc	S3DEngineDispatcher	-[S3DEngineDispatcher fadeAllBut:]
0x100108814	488	block	S3DEngineDispatcher	-[S3DEngineDispatcher fadeAllBut:]_block_invoke
0x1001089fc	40	sub	S3DEngineDispatcher	sub_1001089fc
0x100108a24	40	sub	S3DEngineDispatcher	sub_100108a24
0x100108a4c	2400	objc	S3DEngineDispatcher	-[S3DEngineDispatcher dispatched_fired]
0x1001093ac	1400	block	S3DEngineDispatcher	-[S3DEngineDispatcher dispatched_fired]_block_invoke
0x100109924	148	block	S3DEngineDispatcher	-[S3DEngineDispatcher dispatched_fired]_block_invoke_block_invoke
0x1001099b8	8	sub	S3DEngineDispatcher	sub_1001099b8
0x1001099c0	8	sub	S3DEngineDispatcher	sub_1001099c0
0x1001099c8	8	sub	S3DEngineDispatcher	sub_1001099c8
0x1001099d0	8	sub	S3DEngineDispatcher	sub_1001099d0
0x1001099d8	296	block	S3DEngineDispatcher	-[S3DEngineDispatcher dispatched_fired]_block_invoke_3
0x100109b00	40	sub	S3DEngineDispatcher	sub_100109b00
0x100109b28	40	sub	S3DEngineDispatcher	sub_100109b28
0x100109b50	220	block	S3DEngineDispatcher	-[S3DEngineDispatcher dispatched_fired]_block_invoke_2
0x100109c2c	40	sub	S3DEngineDispatcher	sub_100109c2c
0x100109c54	40	sub	S3DEngineDispatcher	sub_100109c54
0x100109c7c	764	objc	S3DEngineDispatcher	-[S3DEngineDispatcher add3DSoundMonitor:forSound:]
0x100109f78	16	objc	S3DEngineDispatcher	-[S3DEngineDispatcher agents]
0x100109f88	56	objc	S3DEngineDispatcher	-[S3DEngineDispatcher setAgents:]
0x100109fc0	16	objc	S3DEngineDispatcher	-[S3DEngineDispatcher playLists]
0x100109fd0	56	objc	S3DEngineDispatcher	-[S3DEngineDispatcher setPlayLists:]
0x10010a008	16	objc	S3DEngineDispatcher	-[S3DEngineDispatcher lingering]
0x10010a018	56	objc	S3DEngineDispatcher	-[S3DEngineDispatcher setLingering:]
0x10010a050	16	objc	S3DEngineDispatcher	-[S3DEngineDispatcher monitors]
0x10010a060	56	objc	S3DEngineDispatcher	-[S3DEngineDispatcher setMonitors:]
0x10010a098	16	objc	S3DEngineDispatcher	-[S3DEngineDispatcher needsPositionUpdate]
0x10010a0a8	16	objc	S3DEngineDispatcher	-[S3DEngineDispatcher setNeedsPositionUpdate:]
0x10010a0b8	104	objc	S3DEngineDispatcher	-[S3DEngineDispatcher .cxx_destruct]
0x10010a120	484	objc	S3DPlayListModel	-[S3DPlayListModel initWithArray:nested:name:repeats:]
0x10010a304	280	block	S3DPlayListModel	-[S3DPlayListModel initWithArray:nested:name:repeats:]_block_invoke
0x10010a41c	8	sub	S3DPlayListModel	sub_10010a41c
0x10010a424	8	sub	S3DPlayListModel	sub_10010a424
0x10010a42c	140	objc	S3DPlayListModel	+[S3DPlayListModel PlayListRepeatPolicyFromNSString:]
0x10010a4b8	104	objc	S3DPlayListModel	+[S3DPlayListModel NSStringFromRepeatPolicy:]
0x10010a520	2716	objc	S3DPlayListModel	+[S3DPlayListModel decode:]
0x10010afbc	2408	objc	S3DPlayListModel	-[S3DPlayListModel encode]
0x10010b924	16	objc	S3DPlayListModel	-[S3DPlayListModel name]
0x10010b934	56	objc	S3DPlayListModel	-[S3DPlayListModel setName:]
0x10010b96c	16	objc	S3DPlayListModel	-[S3DPlayListModel playList]
0x10010b97c	56	objc	S3DPlayListModel	-[S3DPlayListModel setPlayList:]
0x10010b9b4	16	objc	S3DPlayListModel	-[S3DPlayListModel playListRepeatPolicy]
0x10010b9c4	16	objc	S3DPlayListModel	-[S3DPlayListModel setPlayListRepeatPolicy:]
0x10010b9d4	16	objc	S3DPlayListModel	-[S3DPlayListModel nested_xIds]
0x10010b9e4	56	objc	S3DPlayListModel	-[S3DPlayListModel setNested_xIds:]
0x10010ba1c	84	objc	S3DPlayListModel	-[S3DPlayListModel .cxx_destruct]
0x10010ba70	180	objc	S3DRepo	-[S3DRepo didReceiveMemoryWarning:]
0x10010bb24	296	objc	S3DRepo	-[S3DRepo dealloc]
0x10010bc4c	380	objc	S3DRepo	-[S3DRepo initWithBundlePath:]
0x10010bdc8	272	objc	S3DRepo	+[S3DRepo repoForBundlePath:]
0x10010bed8	1384	objc	S3DRepo	-[S3DRepo each:block:]
0x10010c440	448	objc	S3DRepo	-[S3DRepo generateIdForClass:]
0x10010c600	16	block	S3DRepo	-[S3DRepo generateIdForClass:]_block_invoke
0x10010c610	8	block	S3DRepo	-[S3DRepo generateIdForClass:]_block_invoke_2
0x10010c618	192	block	S3DRepo	-[S3DRepo generateIdForClass:]_block_invoke_3
0x10010c6d8	60	sub	S3DRepo	sub_10010c6d8
0x10010c714	48	sub	S3DRepo	sub_10010c714
0x10010c744	296	objc	S3DRepo	-[S3DRepo extractClassName:]
0x10010c86c	396	objc	S3DRepo	-[S3DRepo instancePath:]
0x10010c9f8	324	objc	S3DRepo	-[S3DRepo read:]
0x10010cb3c	260	objc	S3DRepo	-[S3DRepo write:data:]
0x10010cc40	660	objc	S3DRepo	-[S3DRepo load:]
0x10010ced4	536	objc	S3DRepo	-[S3DRepo store:]
0x10010d0ec	16	objc	S3DRepo	-[S3DRepo bundlePath]
0x10010d0fc	56	objc	S3DRepo	-[S3DRepo setBundlePath:]
0x10010d134	16	objc	S3DRepo	-[S3DRepo cache]
0x10010d144	56	objc	S3DRepo	-[S3DRepo setCache:]
0x10010d17c	64	objc	S3DRepo	-[S3DRepo .cxx_destruct]
0x10010d1bc	224	objc	TAGDataProvider	-[TAGDataProvider updateFailedHits:]
0x10010d29c	552	block	TAGDataProvider	-[TAGDataProvider updateFailedHits:]_block_invoke
0x10010d4c4	40	sub	TAGDataProvider	sub_10010d4c4
0x10010d4ec	40	sub	TAGDataProvider	sub_10010d4ec
0x10010d514	232	objc	TAGDataProvider	-[TAGDataProvider addHitWithURLString:]
0x10010d5fc	352	block	TAGDataProvider	-[TAGDataProvider addHitWithURLString:]_block_invoke
0x10010d75c	40	sub	TAGDataProvider	sub_10010d75c
0x10010d784	40	sub	TAGDataProvider	sub_10010d784
0x10010d7ac	236	objc	TAGDataProvider	-[TAGDataProvider fetchHitsWithLimit:completion:]
0x10010d898	380	block	TAGDataProvider	-[TAGDataProvider fetchHitsWithLimit:completion:]_block_invoke
0x10010da14	52	sub	TAGDataProvider	sub_10010da14
0x10010da48	40	sub	TAGDataProvider	sub_10010da48
0x10010da70	236	objc	TAGDataProvider	-[TAGDataProvider fetchNotRecentlyAttemptedHitsWithLimit:completion:]
0x10010db5c	464	block	TAGDataProvider	-[TAGDataProvider fetchNotRecentlyAttemptedHitsWithLimit:completion:]_block_invoke
0x10010dd2c	52	sub	TAGDataProvider	sub_10010dd2c
0x10010dd60	40	sub	TAGDataProvider	sub_10010dd60
0x10010dd88	232	objc	TAGDataProvider	-[TAGDataProvider deleteHits:]
0x10010de70	468	block	TAGDataProvider	-[TAGDataProvider deleteHits:]_block_invoke
0x10010e044	40	sub	TAGDataProvider	sub_10010e044
0x10010e06c	40	sub	TAGDataProvider	sub_10010e06c
0x10010e094	152	objc	TAGDataProvider	-[TAGDataProvider onExit:]
0x10010e12c	64	block	TAGDataProvider	-[TAGDataProvider onExit:]_block_invoke
0x10010e16c	8	sub	TAGDataProvider	sub_10010e16c
0x10010e174	8	sub	TAGDataProvider	sub_10010e174
0x10010e17c	508	objc	TAGDataProvider	-[TAGDataProvider context:deleteRequest:error:]
0x10010e378	708	objc	TAGDataProvider	-[TAGDataProvider deleteExcessHits:]
0x10010e63c	176	objc	TAGDataProvider	-[TAGDataProvider context:hitCount:]
0x10010e6ec	432	objc	TAGDataProvider	-[TAGDataProvider save]
0x10010e89c	488	objc	TAGDataProvider	-[TAGDataProvider init]
0x10010ea84	236	block	TAGDataProvider	-[TAGDataProvider init]_block_invoke
0x10010eb70	8	sub	TAGDataProvider	sub_10010eb70
0x10010eb78	8	sub	TAGDataProvider	sub_10010eb78
0x10010eb80	220	objc	TAGDataProvider	-[TAGDataProvider dealloc]
0x10010ec5c	16	objc	TAGDataProvider	-[TAGDataProvider hasHits]
0x10010ec6c	16	objc	TAGDataProvider	-[TAGDataProvider setHasHits:]
0x10010ec7c	16	objc	TAGDataProvider	-[TAGDataProvider maxHitCount]
0x10010ec8c	16	objc	TAGDataProvider	-[TAGDataProvider setMaxHitCount:]
0x10010ec9c	16	objc	TAGDataProvider	-[TAGDataProvider maxHitAge]
0x10010ecac	16	objc	TAGDataProvider	-[TAGDataProvider setMaxHitAge:]
0x10010ecbc	16	objc	TAGDataProvider	-[TAGDataProvider context]
0x10010eccc	56	objc	TAGDataProvider	-[TAGDataProvider setContext:]
0x10010ed04	20	objc	TAGDataProvider	-[TAGDataProvider .cxx_destruct]
0x10010ed18	296	objc	TAGDispatchUtil	+[TAGDispatchUtil background:wait:]
0x10010ee40	248	objc	TAGDispatchUtil	+[TAGDispatchUtil databaseFullPath:]
0x10010ef38	136	objc	TAGDispatchUtil	+[TAGDispatchUtil databaseFullURL:]
0x10010efc0	136	objc	TAGDispatchUtil	+[TAGDispatchUtil threadMain:]
0x10010f048	116	objc	TAGDispatchUtil	+[TAGDispatchUtil thread]
0x10010f0bc	156	block	TAGDispatchUtil	+[TAGDispatchUtil thread]_block_invoke
0x10010f158	4	sub	TAGDispatchUtil	sub_10010f158
0x10010f15c	4	sub	TAGDispatchUtil	sub_10010f15c
0x10010f160	612	objc	TAGDispatchUtil	+[TAGDispatchUtil userAgentString]
0x10010f3c4	80	block	TAGDispatchUtil	+[TAGDispatchUtil userAgentString]_block_invoke
0x10010f414	320	objc	TAGDispatchUtil	+[TAGDispatchUtil userAgentStringWithProduct:version:deviceModel:systemName:systemVersion:systemLanguage:systemCountry:]
0x10010f554	212	objc	TAGDispatchUtil	+[TAGDispatchUtil systemLanguageFromLanguages:]
0x10010f628	140	objc	TAGDispatchUtil	+[TAGDispatchUtil systemCountryFromLocale:]
0x10010f6b4	476	objc	TAGDispatcher	-[TAGDispatcher init]
0x10010f890	236	objc	TAGDispatcher	-[TAGDispatcher dealloc]
0x10010f97c	152	objc	TAGDispatcher	-[TAGDispatcher initialDispatch]
0x10010fa14	40	block	TAGDispatcher	-[TAGDispatcher initialDispatch]_block_invoke
0x10010fa3c	8	sub	TAGDispatcher	sub_10010fa3c
0x10010fa44	8	sub	TAGDispatcher	sub_10010fa44
0x10010fa4c	80	objc	TAGDispatcher	-[TAGDispatcher canScheduleDispatch]
0x10010fa9c	200	objc	TAGDispatcher	-[TAGDispatcher canDispatch]
0x10010fb64	152	objc	TAGDispatcher	-[TAGDispatcher rescheduleDispatch]
0x10010fbfc	156	block	TAGDispatcher	-[TAGDispatcher rescheduleDispatch]_block_invoke
0x10010fc98	8	sub	TAGDispatcher	sub_10010fc98
0x10010fca0	8	sub	TAGDispatcher	sub_10010fca0
0x10010fca8	76	objc	TAGDispatcher	-[TAGDispatcher timerFired]
0x10010fcf4	120	objc	TAGDispatcher	-[TAGDispatcher cancelTimer]
0x10010fd6c	156	objc	TAGDispatcher	-[TAGDispatcher startTimer]
0x10010fe08	20	objc	TAGDispatcher	-[TAGDispatcher dispatch]
0x10010fe1c	344	objc	TAGDispatcher	-[TAGDispatcher dispatchWithCallback:]
0x10010ff74	12	block	TAGDispatcher	-[TAGDispatcher dispatchWithCallback:]_block_invoke
0x10010ff80	8	block	TAGDispatcher	-[TAGDispatcher dispatchWithCallback:]_block_invoke_2
0x10010ff88	512	block	TAGDispatcher	-[TAGDispatcher dispatchWithCallback:]_block_invoke_3
0x100110188	880	block	TAGDispatcher	-[TAGDispatcher dispatchWithCallback:]_block_invoke_3_block_invoke
0x1001104f8	1192	block	TAGDispatcher	-[TAGDispatcher dispatchWithCallback:]_block_invoke_3_block_invoke_block_invoke
0x1001109a0	68	sub	TAGDispatcher	sub_1001109a0
0x1001109e4	52	sub	TAGDispatcher	sub_1001109e4
0x100110a18	60	sub	TAGDispatcher	sub_100110a18
0x100110a54	44	sub	TAGDispatcher	sub_100110a54
0x100110a80	68	sub	TAGDispatcher	sub_100110a80
0x100110ac4	52	sub	TAGDispatcher	sub_100110ac4
0x100110af8	688	objc	TAGDispatcher	-[TAGDispatcher sendHitToUrl:]
0x100110da8	120	objc	TAGDispatcher	+[TAGDispatcher instance]
0x100110e20	72	block	TAGDispatcher	+[TAGDispatcher instance]_block_invoke
0x100110e68	4	sub	TAGDispatcher	sub_100110e68
0x100110e6c	4	sub	TAGDispatcher	sub_100110e6c
0x100110e70	228	objc	TAGDispatcher	+[TAGDispatcher initialize]
0x100110f54	16	objc	TAGDispatcher	+[TAGDispatcher keyPathsForValuesAffectingCanScheduleDispatch]
0x100110f64	16	objc	TAGDispatcher	+[TAGDispatcher keyPathsForValuesAffectingCanDispatch]
0x100110f74	464	objc	TAGDispatcher	-[TAGDispatcher observeValueForKeyPath:ofObject:change:context:]
0x100111144	440	block	TAGDispatcher	-[TAGDispatcher observeValueForKeyPath:ofObject:change:context:]_block_invoke
0x1001112fc	52	sub	TAGDispatcher	sub_1001112fc
0x100111330	44	sub	TAGDispatcher	sub_100111330
0x10011135c	112	objc	TAGDispatcher	-[TAGDispatcher timerInterval]
0x1001113cc	16	objc	TAGDispatcher	-[TAGDispatcher store]
0x1001113dc	56	objc	TAGDispatcher	-[TAGDispatcher setStore:]
0x100111414	16	objc	TAGDispatcher	-[TAGDispatcher network]
0x100111424	56	objc	TAGDispatcher	-[TAGDispatcher setNetwork:]
0x10011145c	16	objc	TAGDispatcher	-[TAGDispatcher wrapperUrl]
0x10011146c	56	objc	TAGDispatcher	-[TAGDispatcher setWrapperUrl:]
0x1001114a4	16	objc	TAGDispatcher	-[TAGDispatcher wrapperQueryParameter]
0x1001114b4	56	objc	TAGDispatcher	-[TAGDispatcher setWrapperQueryParameter:]
0x1001114ec	32	objc	TAGDispatcher	-[TAGDispatcher logger]
0x10011150c	20	objc	TAGDispatcher	-[TAGDispatcher setLogger:]
0x100111520	16	objc	TAGDispatcher	-[TAGDispatcher dispatchInterval]
0x100111530	16	objc	TAGDispatcher	-[TAGDispatcher setDispatchInterval:]
0x100111540	16	objc	TAGDispatcher	-[TAGDispatcher rateLimiter]
0x100111550	56	objc	TAGDispatcher	-[TAGDispatcher setRateLimiter:]
0x100111588	16	objc	TAGDispatcher	-[TAGDispatcher operations]
0x100111598	56	objc	TAGDispatcher	-[TAGDispatcher setOperations:]
0x1001115d0	16	objc	TAGDispatcher	-[TAGDispatcher timer]
0x1001115e0	56	objc	TAGDispatcher	-[TAGDispatcher setTimer:]
0x100111618	16	objc	TAGDispatcher	-[TAGDispatcher maxRequestsPerDispatch]
0x100111628	16	objc	TAGDispatcher	-[TAGDispatcher setMaxRequestsPerDispatch:]
0x100111638	180	objc	TAGDispatcher	-[TAGDispatcher .cxx_destruct]
0x1001116ec	784	objc	TAGModel	+[TAGModel entityWithDescription:]
0x1001119fc	748	objc	TAGModel	+[TAGModel modelWithDescription:]
0x100111ce8	1784	objc	TAGModel	+[TAGModel modelDescription]
0x1001123e0	1516	objc	TAGModel	+[TAGModel previousModelDescription]
0x1001129cc	1056	objc	TAGModel	+[TAGModel migrateToCurrentVersion:]
0x100112dec	616	objc	TAGModel	+[TAGModel coordinatorWithURL:]
0x100113054	236	objc	TAGModel	+[TAGModel contextWithURL:]
0x100113140	124	objc	TAGModel	+[TAGModel model]
0x1001131bc	344	objc	TAGModel	+[TAGModel requestHitsWithLimit:]
0x100113314	252	objc	TAGModel	+[TAGModel requestHitsWithLimit:lastDispatchedBefore:]
0x100113410	8	objc	TAGNetOperation	+[TAGNetOperation automaticallyNotifiesObserversForKey:]
0x100113418	8	objc	TAGNetOperation	-[TAGNetOperation isConcurrent]
0x100113420	376	objc	TAGNetOperation	-[TAGNetOperation finish]
0x100113598	204	objc	TAGNetOperation	-[TAGNetOperation start]
0x100113664	316	block	TAGNetOperation	-[TAGNetOperation start]_block_invoke
0x1001137a0	8	sub	TAGNetOperation	sub_1001137a0
0x1001137a8	8	sub	TAGNetOperation	sub_1001137a8
0x1001137b0	152	objc	TAGNetOperation	-[TAGNetOperation cancel]
0x100113848	192	block	TAGNetOperation	-[TAGNetOperation cancel]_block_invoke
0x100113908	8	sub	TAGNetOperation	sub_100113908
0x100113910	8	sub	TAGNetOperation	sub_100113910
0x100113918	216	objc	TAGNetOperation	+[TAGNetOperation operationWithRequest:andCompletion:]
0x1001139f0	108	objc	TAGNetOperation	-[TAGNetOperation connection:didFailWithError:]
0x100113a5c	148	objc	TAGNetOperation	-[TAGNetOperation connection:didReceiveData:]
0x100113af0	180	objc	TAGNetOperation	-[TAGNetOperation connection:didReceiveResponse:]
0x100113ba4	32	objc	TAGNetOperation	-[TAGNetOperation connectionDidFinishLoading:]
0x100113bc4	24	objc	TAGNetOperation	-[TAGNetOperation connection:willSendRequest:redirectResponse:]
0x100113bdc	8	objc	TAGNetOperation	-[TAGNetOperation connection:willCacheResponse:]
0x100113be4	16	objc	TAGNetOperation	-[TAGNetOperation request]
0x100113bf4	56	objc	TAGNetOperation	-[TAGNetOperation setRequest:]
0x100113c2c	16	objc	TAGNetOperation	-[TAGNetOperation response]
0x100113c3c	56	objc	TAGNetOperation	-[TAGNetOperation setResponse:]
0x100113c74	16	objc	TAGNetOperation	-[TAGNetOperation data]
0x100113c84	56	objc	TAGNetOperation	-[TAGNetOperation setData:]
0x100113cbc	16	objc	TAGNetOperation	-[TAGNetOperation error]
0x100113ccc	56	objc	TAGNetOperation	-[TAGNetOperation setError:]
0x100113d04	16	objc	TAGNetOperation	-[TAGNetOperation isCancelled]
0x100113d14	16	objc	TAGNetOperation	-[TAGNetOperation setIsCancelled:]
0x100113d24	16	objc	TAGNetOperation	-[TAGNetOperation isExecuting]
0x100113d34	16	objc	TAGNetOperation	-[TAGNetOperation setIsExecuting:]
0x100113d44	16	objc	TAGNetOperation	-[TAGNetOperation isFinished]
0x100113d54	16	objc	TAGNetOperation	-[TAGNetOperation setIsFinished:]
0x100113d64	16	objc	TAGNetOperation	-[TAGNetOperation connection]
0x100113d74	56	objc	TAGNetOperation	-[TAGNetOperation setConnection:]
0x100113dac	16	objc	TAGNetOperation	-[TAGNetOperation completion]
0x100113dbc	12	objc	TAGNetOperation	-[TAGNetOperation setCompletion:]
0x100113dc8	144	objc	TAGNetOperation	-[TAGNetOperation .cxx_destruct]
0x100113e58	184	objc	TAGNetReachability	-[TAGNetReachability setReachabilityStatus:]
0x100113f10	220	objc	TAGNetReachability	-[TAGNetReachability start]
0x100113fec	60	block	TAGNetReachability	-[TAGNetReachability start]_block_invoke
0x100114028	108	objc	TAGNetReachability	-[TAGNetReachability stop]
0x100114094	192	objc	TAGNetReachability	-[TAGNetReachability initWithHostName:]
0x100114154	148	objc	TAGNetReachability	-[TAGNetReachability dealloc]
0x1001141e8	60	sub	TAGNetReachability	sub_1001141e8
0x100114224	16	objc	TAGNetReachability	-[TAGNetReachability status]
0x100114234	16	objc	TAGNetReachability	-[TAGNetReachability host]
0x100114244	16	objc	TAGNetReachability	-[TAGNetReachability isExecuting]
0x100114254	16	objc	TAGNetReachability	-[TAGNetReachability statusChange]
0x100114264	12	objc	TAGNetReachability	-[TAGNetReachability setStatusChange:]
0x100114270	16	objc	TAGNetReachability	-[TAGNetReachability reachabilityStatus]
0x100114280	64	objc	TAGNetReachability	-[TAGNetReachability .cxx_destruct]
0x1001142c0	440	objc	TAGNetworking	-[TAGNetworking init]
0x100114478	12	block	TAGNetworking	-[TAGNetworking init]_block_invoke
0x100114484	8	block	TAGNetworking	-[TAGNetworking init]_block_invoke_2
0x10011448c	96	block	TAGNetworking	-[TAGNetworking init]_block_invoke_3
0x1001144ec	16	sub	TAGNetworking	sub_1001144ec
0x1001144fc	12	sub	TAGNetworking	sub_1001144fc
0x100114508	208	objc	TAGNetworking	-[TAGNetworking dealloc]
0x1001145d8	260	objc	TAGNetworking	-[TAGNetworking sendURL:completion:]
0x1001146dc	284	objc	TAGNetworking	-[TAGNetworking requestWithURL:]
0x1001147f8	16	objc	TAGNetworking	-[TAGNetworking isReachable]
0x100114808	16	objc	TAGNetworking	-[TAGNetworking setIsReachable:]
0x100114818	16	objc	TAGNetworking	-[TAGNetworking reachability]
0x100114828	56	objc	TAGNetworking	-[TAGNetworking setReachability:]
0x100114860	20	objc	TAGNetworking	-[TAGNetworking .cxx_destruct]
0x100114874	144	objc	TAGRateLimiter	+[TAGRateLimiter rateLimiterWithMaxTokens:secondsPerToken:]
0x100114904	588	objc	TAGRateLimiter	-[TAGRateLimiter tokenAvailable]
0x100114b50	16	objc	TAGRateLimiter	-[TAGRateLimiter secondsPerToken]
0x100114b60	16	objc	TAGRateLimiter	-[TAGRateLimiter setSecondsPerToken:]
0x100114b70	16	objc	TAGRateLimiter	-[TAGRateLimiter maxTokens]
0x100114b80	16	objc	TAGRateLimiter	-[TAGRateLimiter setMaxTokens:]
0x100114b90	16	objc	TAGRateLimiter	-[TAGRateLimiter tokens]
0x100114ba0	16	objc	TAGRateLimiter	-[TAGRateLimiter setTokens:]
0x100114bb0	16	objc	TAGRateLimiter	-[TAGRateLimiter lastTrackTime]
0x100114bc0	16	objc	TAGRateLimiter	-[TAGRateLimiter setLastTrackTime:]
0x100114bd0	24	objc	TAGGTMStringEncoding	+[TAGGTMStringEncoding binaryStringEncoding]
0x100114be8	80	objc	TAGGTMStringEncoding	+[TAGGTMStringEncoding hexStringEncoding]
0x100114c38	100	objc	TAGGTMStringEncoding	+[TAGGTMStringEncoding rfc4648Base32StringEncoding]
0x100114c9c	100	objc	TAGGTMStringEncoding	+[TAGGTMStringEncoding rfc4648Base32HexStringEncoding]
0x100114d00	80	objc	TAGGTMStringEncoding	+[TAGGTMStringEncoding crockfordBase32StringEncoding]
0x100114d50	100	objc	TAGGTMStringEncoding	+[TAGGTMStringEncoding rfc4648Base64StringEncoding]
0x100114db4	100	objc	TAGGTMStringEncoding	+[TAGGTMStringEncoding rfc4648Base64WebsafeStringEncoding]
0x100114e18	76	objc	TAGGTMStringEncoding	+[TAGGTMStringEncoding stringEncodingWithString:]
0x100114e64	556	objc	TAGGTMStringEncoding	-[TAGGTMStringEncoding initWithString:]
0x100115090	100	objc	TAGGTMStringEncoding	-[TAGGTMStringEncoding dealloc]
0x1001150f4	96	objc	TAGGTMStringEncoding	-[TAGGTMStringEncoding description]
0x100115154	128	objc	TAGGTMStringEncoding	-[TAGGTMStringEncoding addDecodeSynonyms:]
0x1001151d4	280	objc	TAGGTMStringEncoding	-[TAGGTMStringEncoding ignoreCharacters:]
0x1001152ec	16	objc	TAGGTMStringEncoding	-[TAGGTMStringEncoding doPad]
0x1001152fc	16	objc	TAGGTMStringEncoding	-[TAGGTMStringEncoding setDoPad:]
0x10011530c	36	objc	TAGGTMStringEncoding	-[TAGGTMStringEncoding setPaddingChar:]
0x100115330	656	objc	TAGGTMStringEncoding	-[TAGGTMStringEncoding encode:]
0x1001155c0	76	objc	TAGGTMStringEncoding	-[TAGGTMStringEncoding encodeString:]
0x10011560c	536	objc	TAGGTMStringEncoding	-[TAGGTMStringEncoding decode:]
0x100115824	104	objc	TAGGTMStringEncoding	-[TAGGTMStringEncoding stringByDecoding:]
0x10011588c	128	objc	GAIUtil	-[GAIUtil init]
0x10011590c	40	objc	GAIUtil	+[GAIUtil descriptionFromException:]
0x100115934	168	objc	GAIUtil	+[GAIUtil descriptionFromError:]
0x1001159dc	128	objc	GAIUtil	+[GAIUtil valueForNumber:]
0x100115a5c	48	objc	GAIUtil	+[GAIUtil valueForString:]
0x100115a8c	124	objc	GAIEcommerceFields	+[GAIEcommerceFields stripAmpersandIfPresent:]
0x100115b08	200	objc	GAIEcommerceFields	+[GAIEcommerceFields productFieldForIndex:suffix:]
0x100115bd0	60	objc	GAIEcommerceFields	+[GAIEcommerceFields impressionListForIndex:]
0x100115c0c	180	objc	GAIEcommerceFields	+[GAIEcommerceFields productImpressionForList:index:suffix:]
0x100115cc0	148	objc	GAIEcommerceFields	+[GAIEcommerceFields promotionForIndex:suffix:]
0x100115d54	80	objc	GAIDefaultLogger	-[GAIDefaultLogger init]
0x100115da4	96	objc	GAIDefaultLogger	-[GAIDefaultLogger verbose:]
0x100115e04	96	objc	GAIDefaultLogger	-[GAIDefaultLogger info:]
0x100115e64	96	objc	GAIDefaultLogger	-[GAIDefaultLogger warning:]
0x100115ec4	92	objc	GAIDefaultLogger	-[GAIDefaultLogger error:]
0x100115f20	16	objc	GAIDefaultLogger	-[GAIDefaultLogger logLevel]
0x100115f30	16	objc	GAIDefaultLogger	-[GAIDefaultLogger setLogLevel:]
0x100115f40	108	objc	GAI	-[GAI defaultTracker]
0x100115fac	112	objc	GAI	-[GAI setDefaultTracker:]
0x10011601c	136	objc	GAI	-[GAI clientId]
0x1001160a4	144	objc	GAI	-[GAI dispatchInterval]
0x100116134	140	objc	GAI	-[GAI setDispatchInterval:]
0x1001161c0	108	objc	GAI	-[GAI trackUncaughtExceptions]
0x10011622c	128	objc	GAI	-[GAI setTrackUncaughtExceptions:]
0x1001162ac	168	objc	GAI	-[GAI createDispatcher:]
0x100116354	420	objc	GAI	-[GAI init]
0x1001164f8	120	objc	GAI	+[GAI sharedInstance]
0x100116570	156	objc	GAI	+[GAI allocWithZone:]
0x10011660c	4	objc	GAI	-[GAI retain]
0x100116610	8	objc	GAI	-[GAI retainCount]
0x100116618	4	objc	GAI	-[GAI release]
0x10011661c	4	objc	GAI	-[GAI autorelease]
0x100116620	4	objc	GAI	-[GAI copyWithZone:]
0x100116624	568	objc	GAI	-[GAI trackerWithName:trackingId:]
0x10011685c	20	objc	GAI	-[GAI trackerWithTrackingId:]
0x100116870	52	objc	GAI	+[GAI sharedLogger]
0x1001168a4	124	objc	GAI	-[GAI dispatch]
0x100116920	140	objc	GAI	-[GAI dispatchWithCompletionHandler:]
0x1001169ac	292	objc	GAI	-[GAI dispatcher]
0x100116ad0	212	objc	GAI	-[GAI removeTrackerByName:]
0x100116ba4	84	objc	GAI	+[GAI threadMain:]
0x100116bf8	116	objc	GAI	+[GAI thread]
0x100116c6c	140	block	GAI	+[GAI thread]_block_invoke
0x100116cf8	16	sub	GAI	sub_100116cf8
0x100116d08	12	sub	GAI	sub_100116d08
0x100116d14	152	objc	GAI	-[GAI setDryRun:]
0x100116dac	108	objc	GAI	-[GAI dryRun]
0x100116e18	108	objc	GAI	-[GAI optOut]
0x100116e84	112	objc	GAI	-[GAI setOptOut:]
0x100116ef4	76	objc	GAI	-[GAI setUrlConnectionClass:]
0x100116f40	108	objc	GAI	-[GAI logger]
0x100116fac	164	objc	GAI	-[GAI setLogger:]
0x100117050	476	objc	GAI	-[GAI reset]
0x10011722c	28	objc	GAI	-[GAI setDispatcher:]
0x100117248	16	objc	GAI	-[GAI trackers]
0x100117258	28	objc	GAI	-[GAI setTrackers:]
0x100117274	16	objc	GAI	-[GAI trackerImplClass]
0x100117284	16	objc	GAI	-[GAI setTrackerImplClass:]
0x100117294	16	objc	GAI	-[GAI urlConnectionClass]
0x1001172a4	128	objc	GAITrackerImpl	-[GAITrackerImpl init]
0x100117324	532	objc	GAITrackerImpl	-[GAITrackerImpl initWithDispatcher:name:]
0x100117538	208	objc	GAITrackerImpl	-[GAITrackerImpl dealloc]
0x100117608	92	objc	GAITrackerImpl	+[GAITrackerImpl trackerWithDispatcher:name:]
0x100117664	188	objc	GAITrackerImpl	-[GAITrackerImpl shouldRateLimit]
0x100117720	116	objc	GAITrackerImpl	-[GAITrackerImpl gai_set:value:]
0x100117794	168	objc	GAITrackerImpl	-[GAITrackerImpl gai_get:]
0x10011783c	332	objc	GAITrackerImpl	-[GAITrackerImpl gai_set:]
0x100117988	964	objc	GAITrackerImpl	-[GAITrackerImpl gai_send:]
0x100117d4c	100	objc	GAITrackerImpl	-[GAITrackerImpl get:]
0x100117db0	108	objc	GAITrackerImpl	-[GAITrackerImpl set:value:]
0x100117e1c	100	objc	GAITrackerImpl	-[GAITrackerImpl send:]
0x100117e80	16	objc	GAITrackerImpl	-[GAITrackerImpl name]
0x100117e90	72	objc	GAITrackerImpl	-[GAITrackerImpl setAllowIDFACollection:]
0x100117ed8	16	objc	GAITrackerImpl	-[GAITrackerImpl dispatcher]
0x100117ee8	28	objc	GAITrackerImpl	-[GAITrackerImpl setDispatcher:]
0x100117f04	16	objc	GAITrackerImpl	-[GAITrackerImpl trackingCredits]
0x100117f14	16	objc	GAITrackerImpl	-[GAITrackerImpl setTrackingCredits:]
0x100117f24	16	objc	GAITrackerImpl	-[GAITrackerImpl lastTrackTime]
0x100117f34	16	objc	GAITrackerImpl	-[GAITrackerImpl setLastTrackTime:]
0x100117f44	16	objc	GAITrackerImpl	-[GAITrackerImpl model]
0x100117f54	28	objc	GAITrackerImpl	-[GAITrackerImpl setModel:]
0x100117f70	16	objc	GAITrackerImpl	-[GAITrackerImpl allowIDFACollection]
0x100117f80	16	objc	GAITrackerImpl	-[GAITrackerImpl trackCount]
0x100117f90	16	objc	GAITrackerImpl	-[GAITrackerImpl setTrackCount:]
0x100117fa0	16	objc	GAITrackerImpl	-[GAITrackerImpl hitCount]
0x100117fb0	16	objc	GAITrackerImpl	-[GAITrackerImpl setHitCount:]
0x100117fc0	16	objc	GAITrackerImpl	-[GAITrackerImpl usageTracker]
0x100117fd0	28	objc	GAITrackerImpl	-[GAITrackerImpl setUsageTracker:]
0x100117fec	112	objc	GAIDataStore	-[GAIDataStore requestEntityName:]
0x10011805c	292	objc	GAIDataStore	-[GAIDataStore requestHitsWithLimit:]
0x100118180	232	objc	GAIDataStore	-[GAIDataStore requestPropertyWithName:]
0x100118268	972	objc	GAIDataStore	-[GAIDataStore oldHitDescription:]
0x100118634	196	objc	GAIDataStore	+[GAIDataStore databaseFullPath:]
0x1001186f8	108	objc	GAIDataStore	+[GAIDataStore databaseFullURL:]
0x100118764	508	objc	GAIDataStore	-[GAIDataStore deleteExcessHits:]
0x100118960	212	objc	GAIDataStore	-[GAIDataStore context:hitCount:]
0x100118a34	140	block	GAIDataStore	-[GAIDataStore context:hitCount:]_block_invoke
0x100118ac0	40	sub	GAIDataStore	sub_100118ac0
0x100118ae8	40	sub	GAIDataStore	sub_100118ae8
0x100118b10	232	objc	GAIDataStore	-[GAIDataStore context:removeStaleHits:]
0x100118bf8	612	block	GAIDataStore	-[GAIDataStore context:removeStaleHits:]_block_invoke
0x100118e5c	40	sub	GAIDataStore	sub_100118e5c
0x100118e84	40	sub	GAIDataStore	sub_100118e84
0x100118eac	32	objc	GAIDataStore	+[GAIDataStore thread]
0x100118ecc	252	objc	GAIDataStore	-[GAIDataStore gai_performBlockHelper:]
0x100118fc8	1036	objc	GAIDataStore	-[GAIDataStore performBlockAndWait:withError:]
0x1001193d4	868	objc	GAIDataStore	-[GAIDataStore coordinatorWithModel:URL:]
0x100119738	228	objc	GAIDataStore	-[GAIDataStore contextWithModel:URL:]
0x10011981c	572	objc	GAIDataStore	-[GAIDataStore setProperty:numberValue:withError:]
0x100119a58	572	objc	GAIDataStore	-[GAIDataStore setProperty:stringValue:withError:]
0x100119c94	156	objc	GAIDataStore	-[GAIDataStore lastChangeTimeStamp]
0x100119d30	20	block	GAIDataStore	-[GAIDataStore lastChangeTimeStamp]_block_invoke
0x100119d44	8	sub	GAIDataStore	sub_100119d44
0x100119d4c	8	sub	GAIDataStore	sub_100119d4c
0x100119d54	220	objc	GAIDataStore	-[GAIDataStore setLastChangeTimeStamp:]
0x100119e30	60	block	GAIDataStore	-[GAIDataStore setLastChangeTimeStamp:]_block_invoke
0x100119e6c	40	sub	GAIDataStore	sub_100119e6c
0x100119e94	40	sub	GAIDataStore	sub_100119e94
0x100119ebc	156	objc	GAIDataStore	-[GAIDataStore idfaChangeCount]
0x100119f58	20	block	GAIDataStore	-[GAIDataStore idfaChangeCount]_block_invoke
0x100119f6c	8	sub	GAIDataStore	sub_100119f6c
0x100119f74	8	sub	GAIDataStore	sub_100119f74
0x100119f7c	220	objc	GAIDataStore	-[GAIDataStore setIdfaChangeCount:]
0x10011a058	60	block	GAIDataStore	-[GAIDataStore setIdfaChangeCount:]_block_invoke
0x10011a094	40	sub	GAIDataStore	sub_10011a094
0x10011a0bc	40	sub	GAIDataStore	sub_10011a0bc
0x10011a0e4	156	objc	GAIDataStore	-[GAIDataStore hashedIdfa]
0x10011a180	20	block	GAIDataStore	-[GAIDataStore hashedIdfa]_block_invoke
0x10011a194	8	sub	GAIDataStore	sub_10011a194
0x10011a19c	8	sub	GAIDataStore	sub_10011a19c
0x10011a1a4	236	objc	GAIDataStore	-[GAIDataStore setHashedIdfa:]
0x10011a290	60	block	GAIDataStore	-[GAIDataStore setHashedIdfa:]_block_invoke
0x10011a2cc	40	sub	GAIDataStore	sub_10011a2cc
0x10011a2f4	40	sub	GAIDataStore	sub_10011a2f4
0x10011a31c	160	objc	GAIDataStore	-[GAIDataStore clientId]
0x10011a3bc	20	block	GAIDataStore	-[GAIDataStore clientId]_block_invoke
0x10011a3d0	8	sub	GAIDataStore	sub_10011a3d0
0x10011a3d8	8	sub	GAIDataStore	sub_10011a3d8
0x10011a3e0	132	objc	GAIDataStore	-[GAIDataStore fetchClientId]
0x10011a464	280	block	GAIDataStore	-[GAIDataStore fetchClientId]_block_invoke
0x10011a57c	8	sub	GAIDataStore	sub_10011a57c
0x10011a584	8	sub	GAIDataStore	sub_10011a584
0x10011a58c	220	objc	GAIDataStore	-[GAIDataStore setClientId:]
0x10011a668	60	block	GAIDataStore	-[GAIDataStore setClientId:]_block_invoke
0x10011a6a4	40	sub	GAIDataStore	sub_10011a6a4
0x10011a6cc	40	sub	GAIDataStore	sub_10011a6cc
0x10011a6f4	164	objc	GAIDataStore	-[GAIDataStore hitCount:]
0x10011a798	280	block	GAIDataStore	-[GAIDataStore hitCount:]_block_invoke
0x10011a8b0	8	sub	GAIDataStore	sub_10011a8b0
0x10011a8b8	8	sub	GAIDataStore	sub_10011a8b8
0x10011a8c0	168	objc	GAIDataStore	-[GAIDataStore addHit:]
0x10011a968	432	block	GAIDataStore	-[GAIDataStore addHit:]_block_invoke
0x10011ab18	40	sub	GAIDataStore	sub_10011ab18
0x10011ab40	40	sub	GAIDataStore	sub_10011ab40
0x10011ab68	140	objc	GAIDataStore	-[GAIDataStore fetchHitsWithLimit:error:]
0x10011abf4	724	block	GAIDataStore	-[GAIDataStore fetchHitsWithLimit:error:]_block_invoke
0x10011aec8	244	block	GAIDataStore	-[GAIDataStore fetchHitsWithLimit:error:]_block_invoke_block_invoke
0x10011afbc	8	sub	GAIDataStore	sub_10011afbc
0x10011afc4	8	sub	GAIDataStore	sub_10011afc4
0x10011afcc	8	sub	GAIDataStore	sub_10011afcc
0x10011afd4	8	sub	GAIDataStore	sub_10011afd4
0x10011afdc	232	objc	GAIDataStore	-[GAIDataStore deleteHitsWithIds:error:]
0x10011b0c4	460	block	GAIDataStore	-[GAIDataStore deleteHitsWithIds:error:]_block_invoke
0x10011b290	40	sub	GAIDataStore	sub_10011b290
0x10011b2b8	40	sub	GAIDataStore	sub_10011b2b8
0x10011b2e0	164	objc	GAIDataStore	-[GAIDataStore deleteAllHits:]
0x10011b384	824	block	GAIDataStore	-[GAIDataStore deleteAllHits:]_block_invoke
0x10011b6bc	8	sub	GAIDataStore	sub_10011b6bc
0x10011b6c4	8	sub	GAIDataStore	sub_10011b6c4
0x10011b6cc	164	objc	GAIDataStore	-[GAIDataStore save:]
0x10011b770	392	block	GAIDataStore	-[GAIDataStore save:]_block_invoke
0x10011b8f8	8	sub	GAIDataStore	sub_10011b8f8
0x10011b900	8	sub	GAIDataStore	sub_10011b900
0x10011b908	384	objc	GAIDataStore	-[GAIDataStore init]
0x10011ba88	1312	objc	GAIDataStore	-[GAIDataStore setUpCoreData]
0x10011bfa8	280	block	GAIDataStore	-[GAIDataStore setUpCoreData]_block_invoke
0x10011c0c0	8	sub	GAIDataStore	sub_10011c0c0
0x10011c0c8	8	sub	GAIDataStore	sub_10011c0c8
0x10011c0d0	320	block	GAIDataStore	-[GAIDataStore setUpCoreData]_block_invoke_2
0x10011c210	8	sub	GAIDataStore	sub_10011c210
0x10011c218	8	sub	GAIDataStore	sub_10011c218
0x10011c220	320	block	GAIDataStore	-[GAIDataStore setUpCoreData]_block_invoke_3
0x10011c360	8	sub	GAIDataStore	sub_10011c360
0x10011c368	8	sub	GAIDataStore	sub_10011c368
0x10011c370	20	objc	GAIDataStore	-[GAIDataStore onExit:]
0x10011c384	136	objc	GAIDataStore	-[GAIDataStore dealloc]
0x10011c40c	48	objc	GAIDataStore	+[GAIDataStore dataStore]
0x10011c43c	16	objc	GAIDataStore	-[GAIDataStore maxHitCount]
0x10011c44c	16	objc	GAIDataStore	-[GAIDataStore setMaxHitCount:]
0x10011c45c	16	objc	GAIDataStore	-[GAIDataStore oldContext]
0x10011c46c	56	objc	GAIDataStore	-[GAIDataStore setOldContext:]
0x10011c4a4	16	objc	GAIDataStore	-[GAIDataStore context]
0x10011c4b4	56	objc	GAIDataStore	-[GAIDataStore setContext:]
0x10011c4ec	16	objc	GAIDataStore	-[GAIDataStore currentContext]
0x10011c4fc	56	objc	GAIDataStore	-[GAIDataStore setCurrentContext:]
0x10011c534	164	objc	GAIDataStore	-[GAIDataStore .cxx_destruct]
0x10011c5d8	128	objc	GAIError	-[GAIError init]
0x10011c658	48	objc	GAIError	+[GAIError errorWithCode:]
0x10011c688	136	objc	GAIError	+[GAIError errorWithCode:withDescription:]
0x10011c710	144	objc	GAIError	+[GAIError errorWithCode:withFormat:]
0x10011c7a0	152	objc	GAIError	+[GAIError errorWithCode:withFailedFilePath:withDescription:]
0x10011c838	160	objc	GAIError	+[GAIError errorWithCode:withFailedFilePath:withFormat:]
0x10011c8d8	152	objc	GAIError	+[GAIError errorWithCode:withUnderlyingError:withDescription:]
0x10011c970	160	objc	GAIError	+[GAIError errorWithCode:withUnderlyingError:withFormat:]
0x10011ca10	116	objc	GAICoreDataUtil	-[GAICoreDataUtil init]
0x10011ca84	104	objc	GAICoreDataUtil	+[GAICoreDataUtil model]
0x10011caec	104	objc	GAICoreDataUtil	+[GAICoreDataUtil oldModel]
0x10011cb54	656	objc	GAICoreDataUtil	+[GAICoreDataUtil entityWithDescription:]
0x10011cde4	612	objc	GAICoreDataUtil	+[GAICoreDataUtil modelWithDescription:]
0x10011d048	852	objc	GAICoreDataUtil	+[GAICoreDataUtil modelDescription]
0x10011d39c	2208	objc	GAICoreDataUtil	+[GAICoreDataUtil oldModelDescription]
0x10011dc3c	128	objc	GAIHitUtil	-[GAIHitUtil init]
0x10011dcbc	128	objc	GAIHitUtil	+[GAIHitUtil systemLanguageFromLanguages:]
0x10011dd3c	64	objc	GAIHitUtil	+[GAIHitUtil systemCountryFromLocale:]
0x10011dd7c	80	objc	GAIHitUtil	+[GAIHitUtil userAgentStringWithProduct:version:deviceModel:systemName:systemVersion:systemLanguage:systemCountry:]
0x10011ddcc	276	objc	GAIHitUtil	+[GAIHitUtil userAgentString]
0x10011dee0	76	objc	GAIHitUtil	+[GAIHitUtil systemLanguage]
0x10011df2c	76	objc	GAIHitUtil	+[GAIHitUtil systemCountry]
0x10011df78	108	objc	GAIHitUtil	+[GAIHitUtil systemScreenResolution]
0x10011dfe4	12	objc	GAIHitUtil	+[GAIHitUtil systemScreenColorDepth]
0x10011dff0	52	objc	GAIHitUtil	+[GAIHitUtil millisecondsElapsedFrom:To:]
0x10011e024	248	objc	GAIHitUtil	+[GAIHitUtil gaHash:]
0x10011e11c	116	block	GAIHitUtil	+[GAIHitUtil gaHash:]_block_invoke
0x10011e190	16	sub	GAIHitUtil	sub_10011e190
0x10011e1a0	12	sub	GAIHitUtil	sub_10011e1a0
0x10011e1ac	100	objc	GAIHitUtil	+[GAIHitUtil generateClientId]
0x10011e210	260	objc	GAIHitUtil	+[GAIHitUtil hashIdfa:clientId:]
0x10011e314	132	objc	GAIRequestBuilder	-[GAIRequestBuilder init]
0x10011e398	100	objc	GAIRequestBuilder	-[GAIRequestBuilder dealloc]
0x10011e3fc	236	objc	GAIRequestBuilder	-[GAIRequestBuilder encodeParameter:withValue:]
0x10011e4e8	536	objc	GAIRequestBuilder	-[GAIRequestBuilder encodeParameters:]
0x10011e700	212	objc	GAIRequestBuilder	-[GAIRequestBuilder parameterValueToString:]
0x10011e7d4	732	objc	GAIRequestBuilder	-[GAIRequestBuilder parametersForHit:]
0x10011eab0	32	block	GAIRequestBuilder	-[GAIRequestBuilder parametersForHit:]_block_invoke
0x10011ead0	260	objc	GAIRequestBuilder	-[GAIRequestBuilder baseRequest]
0x10011ebd4	676	objc	GAIRequestBuilder	-[GAIRequestBuilder requestPostUrl:payload:compression:]
0x10011ee78	368	objc	GAIRequestBuilder	-[GAIRequestBuilder requestGetUrl:payload:]
0x10011efe8	16	objc	GAIRequestBuilder	-[GAIRequestBuilder userAgent]
0x10011eff8	28	objc	GAIRequestBuilder	-[GAIRequestBuilder setUserAgent:]
0x10011f014	136	objc	GAIStringUtil	+[GAIStringUtil urlParams:]
0x10011f09c	128	objc	GAIStringUtil	-[GAIStringUtil init]
0x10011f11c	72	objc	GAIStringUtil	+[GAIStringUtil trim:]
0x10011f164	60	objc	GAIStringUtil	+[GAIStringUtil intString:]
0x10011f1a0	60	objc	GAIStringUtil	+[GAIStringUtil uintString:]
0x10011f1dc	264	objc	GAIStringUtil	+[GAIStringUtil decimalString:decimals:]
0x10011f2e4	424	objc	GAIStringUtil	+[GAIStringUtil currencyMicrosString:]
0x10011f48c	120	objc	GAIStringUtil	+[GAIStringUtil percentEncode:]
0x10011f504	72	objc	GAIStringUtil	+[GAIStringUtil percentDecode:]
0x10011f54c	604	objc	GAIStringUtil	+[GAIStringUtil decodeParametersFromQuery:]
0x10011f7a8	208	objc	GAIStringUtil	+[GAIStringUtil decodeParametersFromUrl:]
0x10011f878	96	objc	GAIStringUtil	+[GAIStringUtil stripLeadingAmpersand:]
0x10011f8d8	12	objc	GAIURLConnection	+[GAIURLConnection setDryRun:]
0x10011f8e4	12	objc	GAIURLConnection	+[GAIURLConnection dryRun]
0x10011f8f0	196	objc	GAIURLConnection	-[GAIURLConnection dealloc]
0x10011f9b4	128	objc	GAIURLConnection	-[GAIURLConnection init]
0x10011fa34	244	objc	GAIURLConnection	-[GAIURLConnection initWithRequest:completionQueue:completionHandler:]
0x10011fb28	276	objc	GAIURLConnection	-[GAIURLConnection start]
0x10011fc3c	112	objc	GAIURLConnection	-[GAIURLConnection cancel]
0x10011fcac	148	objc	GAIURLConnection	-[GAIURLConnection connection:didFailWithError:]
0x10011fd40	64	block	GAIURLConnection	-[GAIURLConnection connection:didFailWithError:]_block_invoke
0x10011fd80	60	sub	GAIURLConnection	sub_10011fd80
0x10011fdbc	48	sub	GAIURLConnection	sub_10011fdbc
0x10011fdec	8	objc	GAIURLConnection	-[GAIURLConnection connection:willSendRequest:redirectResponse:]
0x10011fdf4	8	objc	GAIURLConnection	-[GAIURLConnection connection:willCacheResponse:]
0x10011fdfc	96	objc	GAIURLConnection	-[GAIURLConnection connection:didReceiveData:]
0x10011fe5c	120	objc	GAIURLConnection	-[GAIURLConnection connection:didReceiveResponse:]
0x10011fed4	132	objc	GAIURLConnection	-[GAIURLConnection connectionDidFinishLoading:]
0x10011ff58	60	block	GAIURLConnection	-[GAIURLConnection connectionDidFinishLoading:]_block_invoke
0x10011ff94	16	sub	GAIURLConnection	sub_10011ff94
0x10011ffa4	12	sub	GAIURLConnection	sub_10011ffa4
0x10011ffb0	16	objc	GAIURLConnection	-[GAIURLConnection request]
0x10011ffc0	28	objc	GAIURLConnection	-[GAIURLConnection setRequest:]
0x10011ffdc	16	objc	GAIURLConnection	-[GAIURLConnection connection]
0x10011ffec	28	objc	GAIURLConnection	-[GAIURLConnection setConnection:]
0x100120008	16	objc	GAIURLConnection	-[GAIURLConnection response]
0x100120018	28	objc	GAIURLConnection	-[GAIURLConnection setResponse:]
0x100120034	16	objc	GAIURLConnection	-[GAIURLConnection data]
0x100120044	28	objc	GAIURLConnection	-[GAIURLConnection setData:]
0x100120060	16	objc	GAIURLConnection	-[GAIURLConnection completionQueue]
0x100120070	16	objc	GAIURLConnection	-[GAIURLConnection setCompletionQueue:]
0x100120080	16	objc	GAIURLConnection	-[GAIURLConnection completionHandler]
0x100120090	28	objc	GAIURLConnection	-[GAIURLConnection setCompletionHandler:]
0x1001200ac	700	objc	GAITrackedViewController	-[GAITrackedViewController viewDidAppear:]
0x100120368	16	objc	GAITrackedViewController	-[GAITrackedViewController tracker]
0x100120378	16	objc	GAITrackedViewController	-[GAITrackedViewController setTracker:]
0x100120388	16	objc	GAITrackedViewController	-[GAITrackedViewController screenName]
0x100120398	28	objc	GAITrackedViewController	-[GAITrackedViewController setScreenName:]
0x1001203b4	20	objc	GAITrackedViewController	-[GAITrackedViewController .cxx_destruct]
0x1001203c8	16	objc	GAIReachabilityChecker	-[GAIReachabilityChecker reachabilityApi]
0x1001203d8	244	objc	GAIReachabilityChecker	-[GAIReachabilityChecker setReachabilityApi:]
0x1001204cc	24	objc	GAIReachabilityChecker	-[GAIReachabilityChecker isActive]
0x1001204e4	276	objc	GAIReachabilityChecker	-[GAIReachabilityChecker setDelegate:]
0x1001205f8	128	objc	GAIReachabilityChecker	-[GAIReachabilityChecker init]
0x100120678	420	objc	GAIReachabilityChecker	-[GAIReachabilityChecker initWithDelegate:withHost:]
0x10012081c	116	objc	GAIReachabilityChecker	-[GAIReachabilityChecker dealloc]
0x100120890	272	objc	GAIReachabilityChecker	-[GAIReachabilityChecker start]
0x1001209a0	28	block	GAIReachabilityChecker	-[GAIReachabilityChecker start]_block_invoke
0x1001209bc	140	objc	GAIReachabilityChecker	-[GAIReachabilityChecker stop]
0x100120a48	60	objc	GAIReachabilityChecker	-[GAIReachabilityChecker statusForFlags:]
0x100120a84	324	objc	GAIReachabilityChecker	-[GAIReachabilityChecker reachabilityFlagsChanged:]
0x100120bc8	16	objc	GAIReachabilityChecker	-[GAIReachabilityChecker reachability]
0x100120bd8	16	objc	GAIReachabilityChecker	-[GAIReachabilityChecker setReachability:]
0x100120be8	16	objc	GAIReachabilityChecker	-[GAIReachabilityChecker reachabilityStatus]
0x100120bf8	16	objc	GAIReachabilityChecker	-[GAIReachabilityChecker setReachabilityStatus:]
0x100120c08	16	objc	GAIReachabilityChecker	-[GAIReachabilityChecker host]
0x100120c18	28	objc	GAIReachabilityChecker	-[GAIReachabilityChecker setHost:]
0x100120c34	16	objc	GAIReachabilityChecker	-[GAIReachabilityChecker delegate]
0x100120c44	64	sub	GAIReachabilityChecker	sub_100120c44
0x100120c84	956	sub	GAIReachabilityChecker	sub_100120c84
0x100121040	56	sub	GAIReachabilityChecker	sub_100121040
0x100121078	140	objc	GAIEcommerceProduct	-[GAIEcommerceProduct init]
0x100121104	304	objc	GAIEcommerceProduct	-[GAIEcommerceProduct setString:forKey:]
0x100121234	304	objc	GAIEcommerceProduct	-[GAIEcommerceProduct setNumber:forKey:]
0x100121364	72	objc	GAIEcommerceProduct	-[GAIEcommerceProduct setId:]
0x1001213ac	72	objc	GAIEcommerceProduct	-[GAIEcommerceProduct setName:]
0x1001213f4	72	objc	GAIEcommerceProduct	-[GAIEcommerceProduct setBrand:]
0x10012143c	72	objc	GAIEcommerceProduct	-[GAIEcommerceProduct setCategory:]
0x100121484	72	objc	GAIEcommerceProduct	-[GAIEcommerceProduct setVariant:]
0x1001214cc	72	objc	GAIEcommerceProduct	-[GAIEcommerceProduct setPrice:]
0x100121514	72	objc	GAIEcommerceProduct	-[GAIEcommerceProduct setQuantity:]
0x10012155c	72	objc	GAIEcommerceProduct	-[GAIEcommerceProduct setCouponCode:]
0x1001215a4	72	objc	GAIEcommerceProduct	-[GAIEcommerceProduct setPosition:]
0x1001215ec	172	objc	GAIEcommerceProduct	-[GAIEcommerceProduct setCustomDimension:value:]
0x100121698	172	objc	GAIEcommerceProduct	-[GAIEcommerceProduct setCustomMetric:value:]
0x100121744	540	objc	GAIEcommerceProduct	-[GAIEcommerceProduct buildWithIndex:]
0x100121960	604	objc	GAIEcommerceProduct	-[GAIEcommerceProduct buildWithListIndex:index:]
0x100121bbc	16	objc	GAIEcommerceProduct	-[GAIEcommerceProduct parameters]
0x100121bcc	56	objc	GAIEcommerceProduct	-[GAIEcommerceProduct setParameters:]
0x100121c04	20	objc	GAIEcommerceProduct	-[GAIEcommerceProduct .cxx_destruct]
0x100121c18	128	objc	GAIExceptionParser	-[GAIExceptionParser init]
0x100121c98	352	objc	GAIExceptionParser	+[GAIExceptionParser symbolFromStackFrame:]
0x100121df8	492	objc	GAIExceptionParser	+[GAIExceptionParser exceptionDescription:withMaxLength:]
0x100121fe4	60	objc	GAIFields	+[GAIFields contentGroupForIndex:]
0x100122020	60	objc	GAIFields	+[GAIFields customDimensionForIndex:]
0x10012205c	60	objc	GAIFields	+[GAIFields customMetricForIndex:]
0x100122098	360	objc	GAIDictionaryBuilder	-[GAIDictionaryBuilder init]
0x100122200	168	objc	GAIDictionaryBuilder	+[GAIDictionaryBuilder valueForNumber:]
0x1001222a8	100	objc	GAIDictionaryBuilder	+[GAIDictionaryBuilder valueForString:]
0x10012230c	168	objc	GAIDictionaryBuilder	-[GAIDictionaryBuilder set:forKey:]
0x1001223b4	304	objc	GAIDictionaryBuilder	-[GAIDictionaryBuilder gai_set:forKey:]
0x1001224e4	864	objc	GAIDictionaryBuilder	-[GAIDictionaryBuilder setAll:]
0x100122844	500	objc	GAIDictionaryBuilder	-[GAIDictionaryBuilder get:]
0x100122a38	2104	objc	GAIDictionaryBuilder	-[GAIDictionaryBuilder build]
0x100123270	1632	objc	GAIDictionaryBuilder	-[GAIDictionaryBuilder setCampaignParametersFromUrl:]
0x1001238d0	156	objc	GAIDictionaryBuilder	+[GAIDictionaryBuilder createAppView]
0x10012396c	156	objc	GAIDictionaryBuilder	+[GAIDictionaryBuilder createScreenView]
0x100123a08	732	objc	GAIDictionaryBuilder	+[GAIDictionaryBuilder createEventWithCategory:action:label:value:]
0x100123ce4	440	objc	GAIDictionaryBuilder	+[GAIDictionaryBuilder gai_exceptionWithDescription:withFatal:]
0x100123e9c	168	objc	GAIDictionaryBuilder	+[GAIDictionaryBuilder createExceptionWithDescription:withFatal:]
0x100123f44	928	objc	GAIDictionaryBuilder	+[GAIDictionaryBuilder createItemWithTransactionId:name:sku:category:price:quantity:currencyCode:]
0x1001242e4	600	objc	GAIDictionaryBuilder	+[GAIDictionaryBuilder createSocialWithNetwork:action:target:]
0x10012453c	728	objc	GAIDictionaryBuilder	+[GAIDictionaryBuilder createTimingWithCategory:interval:name:label:]
0x100124814	832	objc	GAIDictionaryBuilder	+[GAIDictionaryBuilder createTransactionWithId:affiliation:revenue:tax:shipping:currencyCode:]
0x100124b54	132	objc	GAIDictionaryBuilder	-[GAIDictionaryBuilder setProductAction:]
0x100124bd8	172	objc	GAIDictionaryBuilder	-[GAIDictionaryBuilder addProduct:]
0x100124c84	448	objc	GAIDictionaryBuilder	-[GAIDictionaryBuilder addProductImpression:impressionList:]
0x100124e44	172	objc	GAIDictionaryBuilder	-[GAIDictionaryBuilder addPromotion:]
0x100124ef0	16	objc	GAIDictionaryBuilder	-[GAIDictionaryBuilder parameters]
0x100124f00	56	objc	GAIDictionaryBuilder	-[GAIDictionaryBuilder setParameters:]
0x100124f38	16	objc	GAIDictionaryBuilder	-[GAIDictionaryBuilder impressionLists]
0x100124f48	56	objc	GAIDictionaryBuilder	-[GAIDictionaryBuilder setImpressionLists:]
0x100124f80	16	objc	GAIDictionaryBuilder	-[GAIDictionaryBuilder impressionListNames]
0x100124f90	56	objc	GAIDictionaryBuilder	-[GAIDictionaryBuilder setImpressionListNames:]
0x100124fc8	16	objc	GAIDictionaryBuilder	-[GAIDictionaryBuilder products]
0x100124fd8	56	objc	GAIDictionaryBuilder	-[GAIDictionaryBuilder setProducts:]
0x100125010	16	objc	GAIDictionaryBuilder	-[GAIDictionaryBuilder promotions]
0x100125020	56	objc	GAIDictionaryBuilder	-[GAIDictionaryBuilder setPromotions:]
0x100125058	16	objc	GAIDictionaryBuilder	-[GAIDictionaryBuilder pAction]
0x100125068	56	objc	GAIDictionaryBuilder	-[GAIDictionaryBuilder setPAction:]
0x1001250a0	144	objc	GAIDictionaryBuilder	-[GAIDictionaryBuilder .cxx_destruct]
0x100125130	596	objc	GAITrackerModel	-[GAITrackerModel buildDictionary]
0x100125384	36	objc	GAITrackerModel	-[GAITrackerModel willSendScreenView]
0x1001253a8	1832	objc	GAITrackerModel	+[GAITrackerModel initialize]
0x100125ad0	16	objc	GAITrackerModel	-[GAITrackerModel forcedParameters]
0x100125ae0	16	objc	GAITrackerModel	-[GAITrackerModel requiredParameters]
0x100125af0	16	objc	GAITrackerModel	-[GAITrackerModel methodsForKeys]
0x100125b00	16	objc	GAITrackerModel	-[GAITrackerModel defaultParameters]
0x100125b10	456	objc	GAITrackerModel	-[GAITrackerModel crc]
0x100125cd8	28	objc	GAITrackerModel	-[GAITrackerModel clientId]
0x100125cf4	24	objc	GAITrackerModel	-[GAITrackerModel screenResolution]
0x100125d0c	24	objc	GAITrackerModel	-[GAITrackerModel language]
0x100125d24	96	objc	GAITrackerModel	-[GAITrackerModel cacheBuster]
0x100125d84	56	block	GAITrackerModel	-[GAITrackerModel cacheBuster]_block_invoke
0x100125dbc	760	objc	GAITrackerModel	-[GAITrackerModel idfa]
0x1001260b4	140	objc	GAITrackerModel	-[GAITrackerModel adTargetingEnabled]
0x100126140	72	objc	GAITrackerModel	-[GAITrackerModel admobId]
0x100126188	176	objc	GAITrackerModel	-[GAITrackerModel copyWithZone:]
0x100126238	412	objc	GAITrackerModel	-[GAITrackerModel copyWithOverride:]
0x1001263d4	20	objc	GAITrackerModel	-[GAITrackerModel init]
0x1001263e8	524	objc	GAITrackerModel	-[GAITrackerModel initWithDataStore:]
0x1001265f4	292	objc	GAITrackerModel	-[GAITrackerModel objectForKeyedSubscript:]
0x100126718	184	objc	GAITrackerModel	-[GAITrackerModel setObject:forKeyedSubscript:]
0x1001267d0	16	objc	GAITrackerModel	-[GAITrackerModel valueForKey:]
0x1001267e0	8	objc	GAITrackerModel	-[GAITrackerModel valueForUndefinedKey:]
0x1001267e8	84	objc	GAITrackerModel	-[GAITrackerModel setValue:forKey:]
0x10012683c	16	objc	GAITrackerModel	-[GAITrackerModel allowIDFACollection]
0x10012684c	16	objc	GAITrackerModel	-[GAITrackerModel setAllowIDFACollection:]
0x10012685c	16	objc	GAITrackerModel	-[GAITrackerModel parameters]
0x10012686c	56	objc	GAITrackerModel	-[GAITrackerModel setParameters:]
0x1001268a4	16	objc	GAITrackerModel	-[GAITrackerModel dataStore]
0x1001268b4	56	objc	GAITrackerModel	-[GAITrackerModel setDataStore:]
0x1001268ec	64	objc	GAITrackerModel	-[GAITrackerModel .cxx_destruct]
0x10012692c	140	objc	GAIEcommercePromotion	-[GAIEcommercePromotion init]
0x1001269b8	304	objc	GAIEcommercePromotion	-[GAIEcommercePromotion setString:forKey:]
0x100126ae8	28	objc	GAIEcommercePromotion	-[GAIEcommercePromotion setId:]
0x100126b04	28	objc	GAIEcommercePromotion	-[GAIEcommercePromotion setName:]
0x100126b20	28	objc	GAIEcommercePromotion	-[GAIEcommercePromotion setCreative:]
0x100126b3c	28	objc	GAIEcommercePromotion	-[GAIEcommercePromotion setPosition:]
0x100126b58	540	objc	GAIEcommercePromotion	-[GAIEcommercePromotion buildWithIndex:]
0x100126d74	16	objc	GAIEcommercePromotion	-[GAIEcommercePromotion parameters]
0x100126d84	56	objc	GAIEcommercePromotion	-[GAIEcommercePromotion setParameters:]
0x100126dbc	20	objc	GAIEcommercePromotion	-[GAIEcommercePromotion .cxx_destruct]
0x100126dd0	112	objc	GAIBatchingDispatcher	-[GAIBatchingDispatcher setTimer:]
0x100126e40	44	objc	GAIBatchingDispatcher	-[GAIBatchingDispatcher setDispatchInterval:]
0x100126e6c	44	objc	GAIBatchingDispatcher	-[GAIBatchingDispatcher setHostReachable:]
0x100126e98	44	objc	GAIBatchingDispatcher	-[GAIBatchingDispatcher setHasHits:]
0x100126ec4	24	objc	GAIBatchingDispatcher	-[GAIBatchingDispatcher reachability:statusChanged:]
0x100126edc	284	objc	GAIBatchingDispatcher	-[GAIBatchingDispatcher observeValueForKeyPath:ofObject:change:context:]
0x100126ff8	652	objc	GAIBatchingDispatcher	-[GAIBatchingDispatcher didSendHits:response:data:error:completionHandler:]
0x100127284	448	objc	GAIBatchingDispatcher	-[GAIBatchingDispatcher didSendHits:sendMore:]
0x100127444	116	objc	GAIBatchingDispatcher	-[GAIBatchingDispatcher init]
0x1001274b8	696	objc	GAIBatchingDispatcher	-[GAIBatchingDispatcher initWithDataStore:]
0x100127770	276	objc	GAIBatchingDispatcher	-[GAIBatchingDispatcher dealloc]
0x100127884	112	objc	GAIBatchingDispatcher	-[GAIBatchingDispatcher cancelPerformRequests]
0x1001278f4	516	objc	GAIBatchingDispatcher	-[GAIBatchingDispatcher batchByTimeGap:maxHits:]
0x100127af8	380	objc	GAIBatchingDispatcher	-[GAIBatchingDispatcher batchBySessionSplit:maxHits:]
0x100127c74	1984	objc	GAIBatchingDispatcher	-[GAIBatchingDispatcher hitsForDispatch]
0x100128434	192	block	GAIBatchingDispatcher	-[GAIBatchingDispatcher hitsForDispatch]_block_invoke
0x1001284f4	1180	objc	GAIBatchingDispatcher	-[GAIBatchingDispatcher nextPendingHits]
0x100128990	520	objc	GAIBatchingDispatcher	-[GAIBatchingDispatcher persist:]
0x100128b98	808	objc	GAIBatchingDispatcher	-[GAIBatchingDispatcher deleteHits:]
0x100128ec0	720	objc	GAIBatchingDispatcher	-[GAIBatchingDispatcher deleteAllHits]
0x100129190	92	objc	GAIBatchingDispatcher	-[GAIBatchingDispatcher clientId]
0x1001291ec	20	objc	GAIBatchingDispatcher	-[GAIBatchingDispatcher dispatch]
0x100129200	1916	objc	GAIBatchingDispatcher	-[GAIBatchingDispatcher dispatchWithCompletionHandler:]
0x10012997c	116	block	GAIBatchingDispatcher	-[GAIBatchingDispatcher dispatchWithCompletionHandler:]_block_invoke
0x1001299f0	60	sub	GAIBatchingDispatcher	sub_1001299f0
0x100129a2c	48	sub	GAIBatchingDispatcher	sub_100129a2c
0x100129a5c	640	objc	GAIBatchingDispatcher	-[GAIBatchingDispatcher buildPayload:]
0x100129cdc	180	objc	GAIBatchingDispatcher	-[GAIBatchingDispatcher queueModel:]
0x100129d90	628	objc	GAIBatchingDispatcher	-[GAIBatchingDispatcher queueDispatch:]
0x10012a004	132	objc	GAIBatchingDispatcher	+[GAIBatchingDispatcher dispatcher]
0x10012a088	32	objc	GAIBatchingDispatcher	+[GAIBatchingDispatcher thread]
0x10012a0a8	228	objc	GAIBatchingDispatcher	-[GAIBatchingDispatcher rescheduleIfNeeded:withObject:andWait:]
0x10012a18c	112	objc	GAIBatchingDispatcher	-[GAIBatchingDispatcher initialDispatch]
0x10012a1fc	152	objc	GAIBatchingDispatcher	-[GAIBatchingDispatcher cancelDispatch]
0x10012a294	76	objc	GAIBatchingDispatcher	-[GAIBatchingDispatcher canDispatch]
0x10012a2e0	80	objc	GAIBatchingDispatcher	-[GAIBatchingDispatcher canScheduleDispatch]
0x10012a330	76	objc	GAIBatchingDispatcher	-[GAIBatchingDispatcher timerFired]
0x10012a37c	232	objc	GAIBatchingDispatcher	-[GAIBatchingDispatcher rescheduleDispatch]
0x10012a464	16	objc	GAIBatchingDispatcher	-[GAIBatchingDispatcher optOut]
0x10012a474	16	objc	GAIBatchingDispatcher	-[GAIBatchingDispatcher batchingStrategy]
0x10012a484	16	objc	GAIBatchingDispatcher	-[GAIBatchingDispatcher setBatchingStrategy:]
0x10012a494	16	objc	GAIBatchingDispatcher	-[GAIBatchingDispatcher compressionStrategy]
0x10012a4a4	16	objc	GAIBatchingDispatcher	-[GAIBatchingDispatcher setCompressionStrategy:]
0x10012a4b4	16	objc	GAIBatchingDispatcher	-[GAIBatchingDispatcher dispatchInterval]
0x10012a4c4	16	objc	GAIBatchingDispatcher	-[GAIBatchingDispatcher dataStore]
0x10012a4d4	56	objc	GAIBatchingDispatcher	-[GAIBatchingDispatcher setDataStore:]
0x10012a50c	16	objc	GAIBatchingDispatcher	-[GAIBatchingDispatcher requestBuilder]
0x10012a51c	16	objc	GAIBatchingDispatcher	-[GAIBatchingDispatcher urlConnectionClass]
0x10012a52c	20	objc	GAIBatchingDispatcher	-[GAIBatchingDispatcher setUrlConnectionClass:]
0x10012a540	16	objc	GAIBatchingDispatcher	-[GAIBatchingDispatcher maxHitsPerDispatch]
0x10012a550	16	objc	GAIBatchingDispatcher	-[GAIBatchingDispatcher setMaxHitsPerDispatch:]
0x10012a560	16	objc	GAIBatchingDispatcher	-[GAIBatchingDispatcher maxHitAge]
0x10012a570	16	objc	GAIBatchingDispatcher	-[GAIBatchingDispatcher setMaxHitAge:]
0x10012a580	16	objc	GAIBatchingDispatcher	-[GAIBatchingDispatcher maxBodySize]
0x10012a590	16	objc	GAIBatchingDispatcher	-[GAIBatchingDispatcher setMaxBodySize:]
0x10012a5a0	16	objc	GAIBatchingDispatcher	-[GAIBatchingDispatcher maxHitSize]
0x10012a5b0	16	objc	GAIBatchingDispatcher	-[GAIBatchingDispatcher setMaxHitSize:]
0x10012a5c0	16	objc	GAIBatchingDispatcher	-[GAIBatchingDispatcher reachability]
0x10012a5d0	56	objc	GAIBatchingDispatcher	-[GAIBatchingDispatcher setReachability:]
0x10012a608	16	objc	GAIBatchingDispatcher	-[GAIBatchingDispatcher hasHits]
0x10012a618	16	objc	GAIBatchingDispatcher	-[GAIBatchingDispatcher hostReachable]
0x10012a628	16	objc	GAIBatchingDispatcher	-[GAIBatchingDispatcher httpURL]
0x10012a638	56	objc	GAIBatchingDispatcher	-[GAIBatchingDispatcher setHttpURL:]
0x10012a670	16	objc	GAIBatchingDispatcher	-[GAIBatchingDispatcher httpsURL]
0x10012a680	56	objc	GAIBatchingDispatcher	-[GAIBatchingDispatcher setHttpsURL:]
0x10012a6b8	16	objc	GAIBatchingDispatcher	-[GAIBatchingDispatcher connection]
0x10012a6c8	20	objc	GAIBatchingDispatcher	-[GAIBatchingDispatcher setConnection:]
0x10012a6dc	16	objc	GAIBatchingDispatcher	-[GAIBatchingDispatcher timer]
0x10012a6ec	184	objc	GAIBatchingDispatcher	-[GAIBatchingDispatcher .cxx_destruct]
0x10012a7a4	916	objc	GAIUsageTracker	+[GAIUsageTracker initialize]
0x10012ab38	92	objc	GAIUsageTracker	-[GAIUsageTracker dealloc]
0x10012ab94	284	objc	GAIUsageTracker	+[GAIUsageTracker trackTarget:action:]
0x10012acb0	440	objc	GAIUsageTracker	+[GAIUsageTracker getUsageClearingTarget:]
0x10012ae68	28	objc	GAIUsageTracker	+[GAIUsageTracker trackAction:]
0x10012ae84	208	objc	GAIUsageTracker	+[GAIUsageTracker getUsageSequence]
0x10012af54	60	objc	GAIUsageTracker	-[GAIUsageTracker getUsage]
0x10012af90	68	objc	GAIUsageTracker	-[GAIUsageTracker trackAction:]
0x10012afd4	140	objc	GAIEcommerceProductAction	-[GAIEcommerceProductAction init]
0x10012b060	304	objc	GAIEcommerceProductAction	-[GAIEcommerceProductAction setString:forKey:]
0x10012b190	304	objc	GAIEcommerceProductAction	-[GAIEcommerceProductAction setNumber:forKey:]
0x10012b2c0	28	objc	GAIEcommerceProductAction	-[GAIEcommerceProductAction setAction:]
0x10012b2dc	28	objc	GAIEcommerceProductAction	-[GAIEcommerceProductAction setTransactionId:]
0x10012b2f8	28	objc	GAIEcommerceProductAction	-[GAIEcommerceProductAction setAffiliation:]
0x10012b314	28	objc	GAIEcommerceProductAction	-[GAIEcommerceProductAction setRevenue:]
0x10012b330	28	objc	GAIEcommerceProductAction	-[GAIEcommerceProductAction setTax:]
0x10012b34c	28	objc	GAIEcommerceProductAction	-[GAIEcommerceProductAction setShipping:]
0x10012b368	28	objc	GAIEcommerceProductAction	-[GAIEcommerceProductAction setCouponCode:]
0x10012b384	28	objc	GAIEcommerceProductAction	-[GAIEcommerceProductAction setCheckoutStep:]
0x10012b3a0	28	objc	GAIEcommerceProductAction	-[GAIEcommerceProductAction setCheckoutOption:]
0x10012b3bc	28	objc	GAIEcommerceProductAction	-[GAIEcommerceProductAction setProductActionList:]
0x10012b3d8	28	objc	GAIEcommerceProductAction	-[GAIEcommerceProductAction setProductListSource:]
0x10012b3f4	16	objc	GAIEcommerceProductAction	-[GAIEcommerceProductAction build]
0x10012b404	16	objc	GAIEcommerceProductAction	-[GAIEcommerceProductAction parameters]
0x10012b414	56	objc	GAIEcommerceProductAction	-[GAIEcommerceProductAction setParameters:]
0x10012b44c	20	objc	GAIEcommerceProductAction	-[GAIEcommerceProductAction .cxx_destruct]
0x10012b460	488	objc	GAICompressionUtil	+[GAICompressionUtil gai_dataByCompressingBytes:length:compressionLevel:mode:]
0x10012b648	544	objc	GAICompressionUtil	+[GAICompressionUtil gai_dataByInflatingBytes:length:isRawData:]
0x10012b868	24	objc	GAICompressionUtil	+[GAICompressionUtil gai_dataByGzippingBytes:length:]
0x10012b880	116	objc	GAICompressionUtil	+[GAICompressionUtil gai_dataByGzippingData:]
0x10012b8f4	20	objc	GAICompressionUtil	+[GAICompressionUtil gai_dataByGzippingBytes:length:compressionLevel:]
0x10012b908	120	objc	GAICompressionUtil	+[GAICompressionUtil gai_dataByGzippingData:compressionLevel:]
0x10012b980	24	objc	GAICompressionUtil	+[GAICompressionUtil gai_dataByDeflatingBytes:length:]
0x10012b998	116	objc	GAICompressionUtil	+[GAICompressionUtil gai_dataByDeflatingData:]
0x10012ba0c	20	objc	GAICompressionUtil	+[GAICompressionUtil gai_dataByDeflatingBytes:length:compressionLevel:]
0x10012ba20	120	objc	GAICompressionUtil	+[GAICompressionUtil gai_dataByDeflatingData:compressionLevel:]
0x10012ba98	20	objc	GAICompressionUtil	+[GAICompressionUtil gai_dataByInflatingBytes:length:]
0x10012baac	112	objc	GAICompressionUtil	+[GAICompressionUtil gai_dataByInflatingData:]
0x10012bb1c	24	objc	GAICompressionUtil	+[GAICompressionUtil gai_dataByRawDeflatingBytes:length:]
0x10012bb34	116	objc	GAICompressionUtil	+[GAICompressionUtil gai_dataByRawDeflatingData:]
0x10012bba8	20	objc	GAICompressionUtil	+[GAICompressionUtil gai_dataByRawDeflatingBytes:length:compressionLevel:]
0x10012bbbc	120	objc	GAICompressionUtil	+[GAICompressionUtil gai_dataByRawDeflatingData:compressionLevel:]
0x10012bc34	20	objc	GAICompressionUtil	+[GAICompressionUtil gai_dataByRawInflatingBytes:length:]
0x10012bc48	112	objc	GAICompressionUtil	+[GAICompressionUtil gai_dataByRawInflatingData:]
0x10012bcb8	180	objc	TAGPBFileDescriptorSet	+[TAGPBFileDescriptorSet descriptor]
0x10012bd6c	180	objc	TAGPBFileDescriptorProto	+[TAGPBFileDescriptorProto descriptor]
0x10012be20	180	objc	TAGPBDescriptorProto	+[TAGPBDescriptorProto descriptor]
0x10012bed4	180	objc	TAGPBDescriptorProto_ExtensionRange	+[TAGPBDescriptorProto_ExtensionRange descriptor]
0x10012bf88	188	objc	TAGPBFieldDescriptorProto	+[TAGPBFieldDescriptorProto descriptor]
0x10012c044	16	block	TAGPBFieldDescriptorProto_TypeEnumDescriptor	+[TAGPBFieldDescriptorProto_TypeEnumDescriptor enumDescriptor]_block_invoke
0x10012c054	96	objc	TAGPBFieldDescriptorProto_TypeEnumDescriptor	+[TAGPBFieldDescriptorProto_TypeEnumDescriptor enumDescriptor]
0x10012c0b4	16	block	TAGPBFieldDescriptorProto_LabelEnumDescriptor	+[TAGPBFieldDescriptorProto_LabelEnumDescriptor enumDescriptor]_block_invoke
0x10012c0c4	96	objc	TAGPBFieldDescriptorProto_LabelEnumDescriptor	+[TAGPBFieldDescriptorProto_LabelEnumDescriptor enumDescriptor]
0x10012c124	180	objc	TAGPBOneofDescriptorProto	+[TAGPBOneofDescriptorProto descriptor]
0x10012c1d8	180	objc	TAGPBEnumDescriptorProto	+[TAGPBEnumDescriptorProto descriptor]
0x10012c28c	180	objc	TAGPBEnumValueDescriptorProto	+[TAGPBEnumValueDescriptorProto descriptor]
0x10012c340	180	objc	TAGPBServiceDescriptorProto	+[TAGPBServiceDescriptorProto descriptor]
0x10012c3f4	180	objc	TAGPBMethodDescriptorProto	+[TAGPBMethodDescriptorProto descriptor]
0x10012c4a8	180	objc	TAGPBStreamDescriptorProto	+[TAGPBStreamDescriptorProto descriptor]
0x10012c55c	196	objc	TAGPBFileOptions	+[TAGPBFileOptions descriptor]
0x10012c620	32	block	TAGPBFileOptions_CompatibilityLevelEnumDescriptor	+[TAGPBFileOptions_CompatibilityLevelEnumDescriptor enumDescriptor]_block_invoke
0x10012c640	96	objc	TAGPBFileOptions_CompatibilityLevelEnumDescriptor	+[TAGPBFileOptions_CompatibilityLevelEnumDescriptor enumDescriptor]
0x10012c6a0	16	block	TAGPBFileOptions_OptimizeModeEnumDescriptor	+[TAGPBFileOptions_OptimizeModeEnumDescriptor enumDescriptor]_block_invoke
0x10012c6b0	96	objc	TAGPBFileOptions_OptimizeModeEnumDescriptor	+[TAGPBFileOptions_OptimizeModeEnumDescriptor enumDescriptor]
0x10012c710	200	objc	TAGPBMessageOptions	+[TAGPBMessageOptions descriptor]
0x10012c7d8	196	objc	TAGPBFieldOptions	+[TAGPBFieldOptions descriptor]
0x10012c89c	12	block	TAGPBFieldOptions_CTypeEnumDescriptor	+[TAGPBFieldOptions_CTypeEnumDescriptor enumDescriptor]_block_invoke
0x10012c8a8	96	objc	TAGPBFieldOptions_CTypeEnumDescriptor	+[TAGPBFieldOptions_CTypeEnumDescriptor enumDescriptor]
0x10012c908	12	block	TAGPBFieldOptions_JTypeEnumDescriptor	+[TAGPBFieldOptions_JTypeEnumDescriptor enumDescriptor]_block_invoke
0x10012c914	96	objc	TAGPBFieldOptions_JTypeEnumDescriptor	+[TAGPBFieldOptions_JTypeEnumDescriptor enumDescriptor]
0x10012c974	12	block	TAGPBFieldOptions_JSTypeEnumDescriptor	+[TAGPBFieldOptions_JSTypeEnumDescriptor enumDescriptor]_block_invoke
0x10012c980	96	objc	TAGPBFieldOptions_JSTypeEnumDescriptor	+[TAGPBFieldOptions_JSTypeEnumDescriptor enumDescriptor]
0x10012c9e0	180	objc	TAGPBFieldOptions_UpgradedOption	+[TAGPBFieldOptions_UpgradedOption descriptor]
0x10012ca94	200	objc	TAGPBEnumOptions	+[TAGPBEnumOptions descriptor]
0x10012cb5c	200	objc	TAGPBEnumValueOptions	+[TAGPBEnumValueOptions descriptor]
0x10012cc24	200	objc	TAGPBServiceOptions	+[TAGPBServiceOptions descriptor]
0x10012ccec	196	objc	TAGPBMethodOptions	+[TAGPBMethodOptions descriptor]
0x10012cdb0	12	block	TAGPBMethodOptions_ProtocolEnumDescriptor	+[TAGPBMethodOptions_ProtocolEnumDescriptor enumDescriptor]_block_invoke
0x10012cdbc	96	objc	TAGPBMethodOptions_ProtocolEnumDescriptor	+[TAGPBMethodOptions_ProtocolEnumDescriptor enumDescriptor]
0x10012ce1c	12	block	TAGPBMethodOptions_SecurityLevelEnumDescriptor	+[TAGPBMethodOptions_SecurityLevelEnumDescriptor enumDescriptor]_block_invoke
0x10012ce28	96	objc	TAGPBMethodOptions_SecurityLevelEnumDescriptor	+[TAGPBMethodOptions_SecurityLevelEnumDescriptor enumDescriptor]
0x10012ce88	12	block	TAGPBMethodOptions_FormatEnumDescriptor	+[TAGPBMethodOptions_FormatEnumDescriptor enumDescriptor]_block_invoke
0x10012ce94	96	objc	TAGPBMethodOptions_FormatEnumDescriptor	+[TAGPBMethodOptions_FormatEnumDescriptor enumDescriptor]
0x10012cef4	12	block	TAGPBMethodOptions_LogLevelEnumDescriptor	+[TAGPBMethodOptions_LogLevelEnumDescriptor enumDescriptor]_block_invoke
0x10012cf00	96	objc	TAGPBMethodOptions_LogLevelEnumDescriptor	+[TAGPBMethodOptions_LogLevelEnumDescriptor enumDescriptor]
0x10012cf60	196	objc	TAGPBStreamOptions	+[TAGPBStreamOptions descriptor]
0x10012d024	12	block	TAGPBStreamOptions_TokenUnitEnumDescriptor	+[TAGPBStreamOptions_TokenUnitEnumDescriptor enumDescriptor]_block_invoke
0x10012d030	96	objc	TAGPBStreamOptions_TokenUnitEnumDescriptor	+[TAGPBStreamOptions_TokenUnitEnumDescriptor enumDescriptor]
0x10012d090	180	objc	TAGPBUninterpretedOption	+[TAGPBUninterpretedOption descriptor]
0x10012d144	180	objc	TAGPBUninterpretedOption_NamePart	+[TAGPBUninterpretedOption_NamePart descriptor]
0x10012d1f8	180	objc	TAGPBSourceCodeInfo	+[TAGPBSourceCodeInfo descriptor]
0x10012d2ac	180	objc	TAGPBSourceCodeInfo_Location	+[TAGPBSourceCodeInfo_Location descriptor]
0x10012d360	300	objc	TAGPBObjectivecDescriptorRoot	+[TAGPBObjectivecDescriptorRoot extensionRegistry]
0x10012d48c	108	objc	TAGPBObjectivecDescriptorRoot	+[TAGPBObjectivecDescriptorRoot load]
0x10012d4f8	180	objc	TAGPBObjectiveCFileOptions	+[TAGPBObjectiveCFileOptions descriptor]
0x10012d5ac	208	objc	TAGPBArray	-[TAGPBArray initWithCount:valueType:]
0x10012d67c	44	objc	TAGPBArray	-[TAGPBArray hash]
0x10012d6a8	16	objc	TAGPBArray	-[TAGPBArray data]
0x10012d6b8	172	objc	TAGPBArray	-[TAGPBArray countByEnumeratingWithState:objects:count:]
0x10012d764	252	objc	TAGPBArray	-[TAGPBArray enumerateObjectsUsingBlock:]
0x10012d860	256	objc	TAGPBArray	-[TAGPBArray enumerateInt32sUsingBlock:]
0x10012d960	304	objc	TAGPBArray	-[TAGPBArray isEqual:]
0x10012da90	16	objc	TAGPBArray	-[TAGPBArray copyWithZone:]
0x10012daa0	100	objc	TAGPBArray	-[TAGPBArray mutableCopyWithZone:]
0x10012db04	204	objc	TAGPBArray	-[TAGPBArray dealloc]
0x10012dbd0	400	objc	TAGPBArray	-[TAGPBArray description]
0x10012dd60	244	objc	TAGPBArray	-[TAGPBArray objectAtIndex:]
0x10012de54	16	objc	TAGPBArray	-[TAGPBArray objectAtIndexedSubscript:]
0x10012de64	164	objc	TAGPBArray	-[TAGPBArray firstObject]
0x10012df08	164	objc	TAGPBArray	-[TAGPBArray lastObject]
0x10012dfac	248	objc	TAGPBArray	-[TAGPBArray boolAtIndex:]
0x10012e0a4	248	objc	TAGPBArray	-[TAGPBArray int32AtIndex:]
0x10012e19c	248	objc	TAGPBArray	-[TAGPBArray uint32AtIndex:]
0x10012e294	248	objc	TAGPBArray	-[TAGPBArray int64AtIndex:]
0x10012e38c	248	objc	TAGPBArray	-[TAGPBArray uint64AtIndex:]
0x10012e484	248	objc	TAGPBArray	-[TAGPBArray floatAtIndex:]
0x10012e57c	248	objc	TAGPBArray	-[TAGPBArray doubleAtIndex:]
0x10012e674	280	objc	TAGPBArray	-[TAGPBArray array]
0x10012e78c	256	objc	TAGPBArray	-[TAGPBArray arrayWithConversion:]
0x10012e88c	408	objc	TAGPBArray	-[TAGPBArray arrayByAppendingArray:]
0x10012ea24	76	objc	TAGPBArray	+[TAGPBArray arrayWithValueType:]
0x10012ea70	100	objc	TAGPBArray	+[TAGPBArray arrayWithValues:count:valueType:]
0x10012ead4	84	objc	TAGPBArray	+[TAGPBArray arrayWithArray:valueType:]
0x10012eb28	76	objc	TAGPBArray	+[TAGPBArray arrayWithObject:]
0x10012eb74	204	objc	TAGPBArray	+[TAGPBArray arrayWithObjects:]
0x10012ec40	76	objc	TAGPBArray	+[TAGPBArray arrayWithInt32:]
0x10012ec8c	232	objc	TAGPBArray	+[TAGPBArray arrayWithInt32s:]
0x10012ed74	28	objc	TAGPBArray	-[TAGPBArray initWithValueType:]
0x10012ed90	212	objc	TAGPBArray	-[TAGPBArray initWithValues:count:valueType:]
0x10012ee64	876	objc	TAGPBArray	-[TAGPBArray initWithArray:valueType:]
0x10012f1d0	56	objc	TAGPBArray	-[TAGPBArray initWithObject:]
0x10012f208	56	objc	TAGPBArray	-[TAGPBArray initWithInt32:]
0x10012f240	356	objc	TAGPBArray	-[TAGPBArray valueForKey:]
0x10012f3a4	256	objc	TAGPBArray	-[TAGPBArray setValue:forKey:]
0x10012f4a4	16	objc	TAGPBArray	-[TAGPBArray valueType]
0x10012f4b4	16	objc	TAGPBArray	-[TAGPBArray count]
0x10012f4c4	236	sub	TAGPBArray	sub_10012f4c4
0x10012f5b0	232	objc	TAGPBMutableArray	-[TAGPBMutableArray dealloc]
0x10012f698	84	objc	TAGPBMutableArray	+[TAGPBMutableArray arrayWithValueType:capacity:]
0x10012f6ec	80	objc	TAGPBMutableArray	-[TAGPBMutableArray initWithValueType:capacity:]
0x10012f73c	100	objc	TAGPBMutableArray	-[TAGPBMutableArray copyWithZone:]
0x10012f7a0	180	objc	TAGPBMutableArray	-[TAGPBMutableArray countByEnumeratingWithState:objects:count:]
0x10012f854	348	objc	TAGPBMutableArray	-[TAGPBMutableArray enumerateObjectsUsingBlock:]
0x10012f9b0	444	objc	TAGPBMutableArray	-[TAGPBMutableArray enumerateInt32sUsingBlock:]
0x10012fb6c	256	objc	TAGPBMutableArray	-[TAGPBMutableArray ensureAdditionalCapacity:]
0x10012fc6c	56	objc	TAGPBMutableArray	-[TAGPBMutableArray addObject:]
0x10012fca4	232	objc	TAGPBMutableArray	-[TAGPBMutableArray addBool:]
0x10012fd8c	232	objc	TAGPBMutableArray	-[TAGPBMutableArray addInt32:]
0x10012fe74	232	objc	TAGPBMutableArray	-[TAGPBMutableArray addUInt32:]
0x10012ff5c	232	objc	TAGPBMutableArray	-[TAGPBMutableArray addInt64:]
0x100130044	232	objc	TAGPBMutableArray	-[TAGPBMutableArray addUInt64:]
0x10013012c	232	objc	TAGPBMutableArray	-[TAGPBMutableArray addFloat:]
0x100130214	232	objc	TAGPBMutableArray	-[TAGPBMutableArray addDouble:]
0x1001302fc	316	objc	TAGPBMutableArray	-[TAGPBMutableArray replaceObjectAtIndex:withObject:]
0x100130438	68	objc	TAGPBMutableArray	-[TAGPBMutableArray setObject:atIndexedSubscript:]
0x10013047c	264	objc	TAGPBMutableArray	-[TAGPBMutableArray replaceBoolAtIndex:withBool:]
0x100130584	264	objc	TAGPBMutableArray	-[TAGPBMutableArray replaceInt32AtIndex:withInt32:]
0x10013068c	264	objc	TAGPBMutableArray	-[TAGPBMutableArray replaceUInt32AtIndex:withUInt32:]
0x100130794	264	objc	TAGPBMutableArray	-[TAGPBMutableArray replaceInt64AtIndex:withInt64:]
0x10013089c	264	objc	TAGPBMutableArray	-[TAGPBMutableArray replaceUInt64AtIndex:withUInt64:]
0x1001309a4	272	objc	TAGPBMutableArray	-[TAGPBMutableArray replaceFloatAtIndex:withFloat:]
0x100130ab4	272	objc	TAGPBMutableArray	-[TAGPBMutableArray replaceDoubleAtIndex:withDouble:]
0x100130bc4	92	objc	TAGPBMutableArray	-[TAGPBMutableArray setArray:]
0x100130c20	340	objc	TAGPBMutableArray	-[TAGPBMutableArray appendArray:]
0x100130d74	304	objc	TAGPBMutableArray	-[TAGPBMutableArray appendValues:valueType:count:]
0x100130ea4	204	objc	TAGPBMutableArray	-[TAGPBMutableArray removeAllValues]
0x100130f70	16	objc	TAGPBMutableArray	-[TAGPBMutableArray delegate]
0x100130f80	16	objc	TAGPBMutableArray	-[TAGPBMutableArray setDelegate:]
0x100130f90	184	sub	TAGPBMutableArray	sub_100130f90
0x100131048	1032	sub	TAGPBMutableArray	sub_100131048
0x100131450	252	sub	TAGPBMutableArray	sub_100131450
0x10013154c	484	sub	TAGPBMutableArray	sub_10013154c
0x100131730	288	sub	TAGPBMutableArray	sub_100131730
0x100131850	136	sub	TAGPBMutableArray	sub_100131850
0x1001318d8	84	objc	TAGPBCodedInputStream	+[TAGPBCodedInputStream streamWithData:]
0x10013192c	196	objc	TAGPBCodedInputStream	-[TAGPBCodedInputStream initWithData:]
0x1001319f0	100	objc	TAGPBCodedInputStream	-[TAGPBCodedInputStream dealloc]
0x100131a54	4	objc	TAGPBCodedInputStream	-[TAGPBCodedInputStream readTag]
0x100131a58	96	objc	TAGPBCodedInputStream	-[TAGPBCodedInputStream checkLastTagWas:]
0x100131ab8	744	objc	TAGPBCodedInputStream	-[TAGPBCodedInputStream skipField:]
0x100131da0	76	objc	TAGPBCodedInputStream	-[TAGPBCodedInputStream skipMessage]
0x100131dec	204	objc	TAGPBCodedInputStream	-[TAGPBCodedInputStream readDouble]
0x100131eb8	204	objc	TAGPBCodedInputStream	-[TAGPBCodedInputStream readFloat]
0x100131f84	288	objc	TAGPBCodedInputStream	-[TAGPBCodedInputStream readUInt64]
0x1001320a4	288	objc	TAGPBCodedInputStream	-[TAGPBCodedInputStream readInt64]
0x1001321c4	16	objc	TAGPBCodedInputStream	-[TAGPBCodedInputStream readInt32]
0x1001321d4	200	objc	TAGPBCodedInputStream	-[TAGPBCodedInputStream readFixed64]
0x10013229c	200	objc	TAGPBCodedInputStream	-[TAGPBCodedInputStream readFixed32]
0x100132364	40	objc	TAGPBCodedInputStream	-[TAGPBCodedInputStream readBool]
0x10013238c	32	objc	TAGPBCodedInputStream	-[TAGPBCodedInputStream readString]
0x1001323ac	228	objc	TAGPBCodedInputStream	-[TAGPBCodedInputStream readGroup:builder:extensionRegistry:]
0x100132490	220	objc	TAGPBCodedInputStream	-[TAGPBCodedInputStream readUnknownGroup:builder:]
0x10013256c	256	objc	TAGPBCodedInputStream	-[TAGPBCodedInputStream readMessage:extensionRegistry:]
0x10013266c	32	objc	TAGPBCodedInputStream	-[TAGPBCodedInputStream readData]
0x10013268c	16	objc	TAGPBCodedInputStream	-[TAGPBCodedInputStream readUInt32]
0x10013269c	16	objc	TAGPBCodedInputStream	-[TAGPBCodedInputStream readEnum]
0x1001326ac	200	objc	TAGPBCodedInputStream	-[TAGPBCodedInputStream readSFixed32]
0x100132774	200	objc	TAGPBCodedInputStream	-[TAGPBCodedInputStream readSFixed64]
0x10013283c	44	objc	TAGPBCodedInputStream	-[TAGPBCodedInputStream readSInt32]
0x100132868	296	objc	TAGPBCodedInputStream	-[TAGPBCodedInputStream readSInt64]
0x100132990	8	objc	TAGPBCodedInputStream	-[TAGPBCodedInputStream pushLimit:]
0x100132998	20	objc	TAGPBCodedInputStream	-[TAGPBCodedInputStream popLimit:]
0x1001329ac	44	objc	TAGPBCodedInputStream	-[TAGPBCodedInputStream bytesUntilLimit]
0x1001329d8	52	objc	TAGPBCodedInputStream	-[TAGPBCodedInputStream isAtEnd]
0x100132a0c	132	objc	TAGPBString	-[TAGPBString dealloc]
0x100132a90	104	objc	TAGPBString	-[TAGPBString length]
0x100132af8	216	sub	TAGPBString	sub_100132af8
0x100132bd0	100	objc	TAGPBString	-[TAGPBString characterAtIndex:]
0x100132c34	128	objc	TAGPBString	-[TAGPBString copyWithZone:]
0x100132cb4	64	objc	TAGPBString	-[TAGPBString mutableCopyWithZone:]
0x100132cf4	44	objc	TAGPBString	-[TAGPBString hash]
0x100132d20	152	objc	TAGPBString	-[TAGPBString isEqual:]
0x100132db8	152	objc	TAGPBString	-[TAGPBString getCharacters:range:]
0x100132e50	172	objc	TAGPBString	-[TAGPBString lengthOfBytesUsingEncoding:]
0x100132efc	320	objc	TAGPBString	-[TAGPBString getBytes:maxLength:usedLength:encoding:options:range:remainingRange:]
0x10013303c	164	objc	TAGPBCodedOutputStream	-[TAGPBCodedOutputStream dealloc]
0x1001330e0	84	objc	TAGPBCodedOutputStream	-[TAGPBCodedOutputStream initWithOutputStream:]
0x100133134	28	objc	TAGPBCodedOutputStream	-[TAGPBCodedOutputStream initWithData:]
0x100133150	84	objc	TAGPBCodedOutputStream	-[TAGPBCodedOutputStream initWithOutputStream:bufferSize:]
0x1001331a4	236	objc	TAGPBCodedOutputStream	-[TAGPBCodedOutputStream initWithOutputStream:data:]
0x100133290	92	objc	TAGPBCodedOutputStream	+[TAGPBCodedOutputStream streamWithOutputStream:bufferSize:]
0x1001332ec	88	objc	TAGPBCodedOutputStream	+[TAGPBCodedOutputStream streamWithOutputStream:]
0x100133344	84	objc	TAGPBCodedOutputStream	+[TAGPBCodedOutputStream streamWithData:]
0x100133398	20	objc	TAGPBCodedOutputStream	-[TAGPBCodedOutputStream writeDoubleNoTag:]
0x1001333ac	132	sub	TAGPBCodedOutputStream	sub_1001333ac
0x100133430	72	objc	TAGPBCodedOutputStream	-[TAGPBCodedOutputStream writeDouble:value:]
0x100133478	20	objc	TAGPBCodedOutputStream	-[TAGPBCodedOutputStream writeFloatNoTag:]
0x10013348c	72	sub	TAGPBCodedOutputStream	sub_10013348c
0x1001334d4	72	objc	TAGPBCodedOutputStream	-[TAGPBCodedOutputStream writeFloat:value:]
0x10013351c	20	objc	TAGPBCodedOutputStream	-[TAGPBCodedOutputStream writeUInt64NoTag:]
0x100133530	88	sub	TAGPBCodedOutputStream	sub_100133530
0x100133588	60	objc	TAGPBCodedOutputStream	-[TAGPBCodedOutputStream writeUInt64:value:]
0x1001335c4	20	objc	TAGPBCodedOutputStream	-[TAGPBCodedOutputStream writeInt64NoTag:]
0x1001335d8	60	objc	TAGPBCodedOutputStream	-[TAGPBCodedOutputStream writeInt64:value:]
0x100133614	20	objc	TAGPBCodedOutputStream	-[TAGPBCodedOutputStream writeInt32NoTag:]
0x100133628	20	sub	TAGPBCodedOutputStream	sub_100133628
0x10013363c	60	objc	TAGPBCodedOutputStream	-[TAGPBCodedOutputStream writeInt32:value:]
0x100133678	20	objc	TAGPBCodedOutputStream	-[TAGPBCodedOutputStream writeFixed64NoTag:]
0x10013368c	64	objc	TAGPBCodedOutputStream	-[TAGPBCodedOutputStream writeFixed64:value:]
0x1001336cc	20	objc	TAGPBCodedOutputStream	-[TAGPBCodedOutputStream writeFixed32NoTag:]
0x1001336e0	64	objc	TAGPBCodedOutputStream	-[TAGPBCodedOutputStream writeFixed32:value:]
0x100133720	20	objc	TAGPBCodedOutputStream	-[TAGPBCodedOutputStream writeBoolNoTag:]
0x100133734	72	sub	TAGPBCodedOutputStream	sub_100133734
0x10013377c	60	objc	TAGPBCodedOutputStream	-[TAGPBCodedOutputStream writeBool:value:]
0x1001337b8	680	objc	TAGPBCodedOutputStream	-[TAGPBCodedOutputStream writeStringNoTag:]
0x100133a60	88	sub	TAGPBCodedOutputStream	sub_100133a60
0x100133ab8	76	objc	TAGPBCodedOutputStream	-[TAGPBCodedOutputStream writeString:value:]
0x100133b04	76	objc	TAGPBCodedOutputStream	-[TAGPBCodedOutputStream writeGroupNoTag:value:]
0x100133b50	92	objc	TAGPBCodedOutputStream	-[TAGPBCodedOutputStream writeGroup:value:]
0x100133bac	76	objc	TAGPBCodedOutputStream	-[TAGPBCodedOutputStream writeUnknownGroupNoTag:value:]
0x100133bf8	92	objc	TAGPBCodedOutputStream	-[TAGPBCodedOutputStream writeUnknownGroup:value:]
0x100133c54	104	objc	TAGPBCodedOutputStream	-[TAGPBCodedOutputStream writeMessageNoTag:]
0x100133cbc	76	objc	TAGPBCodedOutputStream	-[TAGPBCodedOutputStream writeMessage:value:]
0x100133d08	104	objc	TAGPBCodedOutputStream	-[TAGPBCodedOutputStream writeDataNoTag:]
0x100133d70	76	objc	TAGPBCodedOutputStream	-[TAGPBCodedOutputStream writeData:value:]
0x100133dbc	20	objc	TAGPBCodedOutputStream	-[TAGPBCodedOutputStream writeUInt32NoTag:]
0x100133dd0	60	objc	TAGPBCodedOutputStream	-[TAGPBCodedOutputStream writeUInt32:value:]
0x100133e0c	20	objc	TAGPBCodedOutputStream	-[TAGPBCodedOutputStream writeEnumNoTag:]
0x100133e20	60	objc	TAGPBCodedOutputStream	-[TAGPBCodedOutputStream writeEnum:value:]
0x100133e5c	20	objc	TAGPBCodedOutputStream	-[TAGPBCodedOutputStream writeSFixed32NoTag:]
0x100133e70	64	objc	TAGPBCodedOutputStream	-[TAGPBCodedOutputStream writeSFixed32:value:]
0x100133eb0	20	objc	TAGPBCodedOutputStream	-[TAGPBCodedOutputStream writeSFixed64NoTag:]
0x100133ec4	64	objc	TAGPBCodedOutputStream	-[TAGPBCodedOutputStream writeSFixed64:value:]
0x100133f04	24	objc	TAGPBCodedOutputStream	-[TAGPBCodedOutputStream writeSInt32NoTag:]
0x100133f1c	64	objc	TAGPBCodedOutputStream	-[TAGPBCodedOutputStream writeSInt32:value:]
0x100133f5c	24	objc	TAGPBCodedOutputStream	-[TAGPBCodedOutputStream writeSInt64NoTag:]
0x100133f74	64	objc	TAGPBCodedOutputStream	-[TAGPBCodedOutputStream writeSInt64:value:]
0x100133fb4	220	objc	TAGPBCodedOutputStream	-[TAGPBCodedOutputStream writeDoubles:values:tag:]
0x100134090	220	objc	TAGPBCodedOutputStream	-[TAGPBCodedOutputStream writeFloats:values:tag:]
0x10013416c	256	objc	TAGPBCodedOutputStream	-[TAGPBCodedOutputStream writeUInt64s:values:tag:]
0x10013426c	256	objc	TAGPBCodedOutputStream	-[TAGPBCodedOutputStream writeInt64s:values:tag:]
0x10013436c	320	objc	TAGPBCodedOutputStream	-[TAGPBCodedOutputStream writeInt32s:values:tag:]
0x1001344ac	304	objc	TAGPBCodedOutputStream	-[TAGPBCodedOutputStream writeUInt32s:values:tag:]
0x1001345dc	220	objc	TAGPBCodedOutputStream	-[TAGPBCodedOutputStream writeFixed64s:values:tag:]
0x1001346b8	220	objc	TAGPBCodedOutputStream	-[TAGPBCodedOutputStream writeFixed32s:values:tag:]
0x100134794	320	objc	TAGPBCodedOutputStream	-[TAGPBCodedOutputStream writeSInt32s:values:tag:]
0x1001348d4	264	objc	TAGPBCodedOutputStream	-[TAGPBCodedOutputStream writeSInt64s:values:tag:]
0x1001349dc	220	objc	TAGPBCodedOutputStream	-[TAGPBCodedOutputStream writeSFixed64s:values:tag:]
0x100134ab8	220	objc	TAGPBCodedOutputStream	-[TAGPBCodedOutputStream writeSFixed32s:values:tag:]
0x100134b94	216	objc	TAGPBCodedOutputStream	-[TAGPBCodedOutputStream writeBools:values:tag:]
0x100134c6c	304	objc	TAGPBCodedOutputStream	-[TAGPBCodedOutputStream writeEnums:values:tag:]
0x100134d9c	128	objc	TAGPBCodedOutputStream	-[TAGPBCodedOutputStream writeStrings:values:]
0x100134e1c	128	objc	TAGPBCodedOutputStream	-[TAGPBCodedOutputStream writeMessages:values:]
0x100134e9c	128	objc	TAGPBCodedOutputStream	-[TAGPBCodedOutputStream writeDatas:values:]
0x100134f1c	128	objc	TAGPBCodedOutputStream	-[TAGPBCodedOutputStream writeGroups:values:]
0x100134f9c	128	objc	TAGPBCodedOutputStream	-[TAGPBCodedOutputStream writeUnknownGroups:values:]
0x10013501c	128	objc	TAGPBCodedOutputStream	-[TAGPBCodedOutputStream writeMessageSetExtension:value:]
0x10013509c	128	objc	TAGPBCodedOutputStream	-[TAGPBCodedOutputStream writeRawMessageSetExtension:value:]
0x10013511c	32	objc	TAGPBCodedOutputStream	-[TAGPBCodedOutputStream flush]
0x10013513c	164	sub	TAGPBCodedOutputStream	sub_10013513c
0x1001351e0	20	objc	TAGPBCodedOutputStream	-[TAGPBCodedOutputStream writeRawByte:]
0x1001351f4	112	objc	TAGPBCodedOutputStream	-[TAGPBCodedOutputStream writeRawData:]
0x100135264	260	objc	TAGPBCodedOutputStream	-[TAGPBCodedOutputStream writeRawPtr:offset:length:]
0x100135368	20	objc	TAGPBCodedOutputStream	-[TAGPBCodedOutputStream writeTag:format:]
0x10013537c	20	objc	TAGPBCodedOutputStream	-[TAGPBCodedOutputStream writeRawVarint32:]
0x100135390	20	objc	TAGPBCodedOutputStream	-[TAGPBCodedOutputStream writeRawVarintSizeTAs32:]
0x1001353a4	20	objc	TAGPBCodedOutputStream	-[TAGPBCodedOutputStream writeRawVarint64:]
0x1001353b8	20	objc	TAGPBCodedOutputStream	-[TAGPBCodedOutputStream writeRawLittleEndian32:]
0x1001353cc	20	objc	TAGPBCodedOutputStream	-[TAGPBCodedOutputStream writeRawLittleEndian64:]
0x1001353e0	136	sub	TAGPBCodedOutputStream	sub_1001353e0
0x100135468	132	sub	TAGPBCodedOutputStream	sub_100135468
0x1001354ec	92	sub	TAGPBCodedOutputStream	sub_1001354ec
0x100135548	92	sub	TAGPBCodedOutputStream	sub_100135548
0x1001355a4	124	sub	TAGPBCodedOutputStream	sub_1001355a4
0x100135620	92	sub	TAGPBCodedOutputStream	sub_100135620
0x10013567c	160	sub	TAGPBCodedOutputStream	sub_10013567c
0x10013571c	160	sub	TAGPBCodedOutputStream	sub_10013571c
0x1001357bc	112	sub	TAGPBCodedOutputStream	sub_1001357bc
0x10013582c	112	sub	TAGPBCodedOutputStream	sub_10013582c
0x10013589c	120	sub	TAGPBCodedOutputStream	sub_10013589c
0x100135914	96	sub	TAGPBCodedOutputStream	sub_100135914
0x100135974	160	sub	TAGPBCodedOutputStream	sub_100135974
0x100135a14	160	sub	TAGPBCodedOutputStream	sub_100135a14
0x100135ab4	932	objc	TAGPBDescriptor	+[TAGPBDescriptor allocDescriptorForClass:rootClass:fields:fieldCount:enums:enumCount:ranges:rangeCount:storageSize:wireFormat:]
0x100135e58	412	objc	TAGPBDescriptor	+[TAGPBDescriptor allocDescriptorForClass:rootClass:fields:fieldCount:enums:enumCount:ranges:rangeCount:storageSize:wireFormat:extraTextFormatInfo:]
0x100135ff4	276	objc	TAGPBDescriptor	-[TAGPBDescriptor initWithClass:fields:enums:extensions:extensionRanges:storageSize:wireFormat:]
0x100136108	164	objc	TAGPBDescriptor	-[TAGPBDescriptor dealloc]
0x1001361ac	16	objc	TAGPBDescriptor	-[TAGPBDescriptor name]
0x1001361bc	16	objc	TAGPBDescriptor	-[TAGPBDescriptor copyWithZone:]
0x1001361cc	304	objc	TAGPBDescriptor	-[TAGPBDescriptor fieldWithNumber:]
0x1001362fc	348	objc	TAGPBDescriptor	-[TAGPBDescriptor fieldWithName:]
0x100136458	348	objc	TAGPBDescriptor	-[TAGPBDescriptor enumWithName:]
0x1001365b4	304	objc	TAGPBDescriptor	-[TAGPBDescriptor extensionWithNumber:]
0x1001366e4	348	objc	TAGPBDescriptor	-[TAGPBDescriptor extensionWithName:]
0x100136840	16	objc	TAGPBDescriptor	-[TAGPBDescriptor messageClass]
0x100136850	16	objc	TAGPBDescriptor	-[TAGPBDescriptor fields]
0x100136860	16	objc	TAGPBDescriptor	-[TAGPBDescriptor enums]
0x100136870	16	objc	TAGPBDescriptor	-[TAGPBDescriptor extensions]
0x100136880	16	objc	TAGPBDescriptor	-[TAGPBDescriptor extensionRanges]
0x100136890	16	objc	TAGPBDescriptor	-[TAGPBDescriptor storageSize]
0x1001368a0	16	objc	TAGPBDescriptor	-[TAGPBDescriptor isWireFormat]
0x1001368b0	100	objc	TAGPBFieldDescriptor	-[TAGPBFieldDescriptor init]
0x100136914	912	objc	TAGPBFieldDescriptor	-[TAGPBFieldDescriptor initWithFieldDescription:rootClass:]
0x100136ca4	316	sub	TAGPBFieldDescriptor	sub_100136ca4
0x100136de0	172	objc	TAGPBFieldDescriptor	-[TAGPBFieldDescriptor dealloc]
0x100136e8c	20	objc	TAGPBFieldDescriptor	-[TAGPBFieldDescriptor type]
0x100136ea0	20	objc	TAGPBFieldDescriptor	-[TAGPBFieldDescriptor hasIndex]
0x100136eb4	24	objc	TAGPBFieldDescriptor	-[TAGPBFieldDescriptor hasDefaultValue]
0x100136ecc	20	objc	TAGPBFieldDescriptor	-[TAGPBFieldDescriptor number]
0x100136ee0	20	objc	TAGPBFieldDescriptor	-[TAGPBFieldDescriptor offset]
0x100136ef4	56	objc	TAGPBFieldDescriptor	-[TAGPBFieldDescriptor tag]
0x100136f2c	44	objc	TAGPBFieldDescriptor	-[TAGPBFieldDescriptor name]
0x100136f58	24	objc	TAGPBFieldDescriptor	-[TAGPBFieldDescriptor isRequired]
0x100136f70	24	objc	TAGPBFieldDescriptor	-[TAGPBFieldDescriptor isOptional]
0x100136f88	24	objc	TAGPBFieldDescriptor	-[TAGPBFieldDescriptor isRepeated]
0x100136fa0	24	objc	TAGPBFieldDescriptor	-[TAGPBFieldDescriptor isPackable]
0x100136fb8	32	objc	TAGPBFieldDescriptor	-[TAGPBFieldDescriptor isMessage]
0x100136fd8	244	objc	TAGPBFieldDescriptor	-[TAGPBFieldDescriptor isValidEnumValue:]
0x1001370cc	44	objc	TAGPBFieldDescriptor	-[TAGPBFieldDescriptor enumDescriptor]
0x1001370f8	232	objc	TAGPBFieldDescriptor	-[TAGPBFieldDescriptor defaultValue]
0x1001371e0	764	objc	TAGPBFieldDescriptor	-[TAGPBFieldDescriptor textFormatName]
0x1001374dc	1028	sub	TAGPBFieldDescriptor	sub_1001374dc
0x1001378e0	16	objc	TAGPBFieldDescriptor	-[TAGPBFieldDescriptor getSel]
0x1001378f0	16	objc	TAGPBFieldDescriptor	-[TAGPBFieldDescriptor fieldOptions]
0x100137900	16	objc	TAGPBFieldDescriptor	-[TAGPBFieldDescriptor hasSel]
0x100137910	16	objc	TAGPBFieldDescriptor	-[TAGPBFieldDescriptor setHasSel]
0x100137920	16	objc	TAGPBFieldDescriptor	-[TAGPBFieldDescriptor setSel]
0x100137930	16	objc	TAGPBFieldDescriptor	-[TAGPBFieldDescriptor msgClass]
0x100148568	68	block	TAGPBFieldDescriptor	-[TAGPBFieldDescriptor defaultValue]_block_invoke
0x1001485ac	320	sub	TAGPBFieldDescriptor	sub_1001485ac
0x1001486ec	496	sub	TAGPBFieldDescriptor	sub_1001486ec
0x1001488dc	356	sub	TAGPBFieldDescriptor	sub_1001488dc
0x100148a40	164	sub	TAGPBFieldDescriptor	sub_100148a40
0x100148ae4	144	sub	TAGPBFieldDescriptor	sub_100148ae4
0x100148b74	160	sub	TAGPBFieldDescriptor	sub_100148b74
0x100148c14	144	sub	TAGPBFieldDescriptor	sub_100148c14
0x100148ca4	160	sub	TAGPBFieldDescriptor	sub_100148ca4
0x100148d44	144	sub	TAGPBFieldDescriptor	sub_100148d44
0x100148dd4	160	sub	TAGPBFieldDescriptor	sub_100148dd4
0x100148e74	144	sub	TAGPBFieldDescriptor	sub_100148e74
0x100148f04	160	sub	TAGPBFieldDescriptor	sub_100148f04
0x100148fa4	144	sub	TAGPBFieldDescriptor	sub_100148fa4
0x100149034	160	sub	TAGPBFieldDescriptor	sub_100149034
0x1001490d4	144	sub	TAGPBFieldDescriptor	sub_1001490d4
0x100149164	160	sub	TAGPBFieldDescriptor	sub_100149164
0x100149204	144	sub	TAGPBFieldDescriptor	sub_100149204
0x100149294	2496	sub	TAGPBFieldDescriptor	sub_100149294
0x100149c54	516	sub	TAGPBFieldDescriptor	sub_100149c54
0x100149e58	1700	sub	TAGPBFieldDescriptor	sub_100149e58
0x10014a4fc	424	sub	TAGPBFieldDescriptor	sub_10014a4fc
0x10014a6a4	16	sub	TAGPBFieldDescriptor	sub_10014a6a4
0x10014a6b4	16	sub	TAGPBFieldDescriptor	sub_10014a6b4
0x10014a6c4	12	sub	TAGPBFieldDescriptor	sub_10014a6c4
0x10014a6d0	64	sub	TAGPBFieldDescriptor	sub_10014a6d0
0x10014a710	16	sub	TAGPBFieldDescriptor	sub_10014a710
0x10014a720	12	sub	TAGPBFieldDescriptor	sub_10014a720
0x10014a72c	64	sub	TAGPBFieldDescriptor	sub_10014a72c
0x10014a76c	16	sub	TAGPBFieldDescriptor	sub_10014a76c
0x10014a77c	12	sub	TAGPBFieldDescriptor	sub_10014a77c
0x10014a788	64	sub	TAGPBFieldDescriptor	sub_10014a788
0x10014a7c8	16	sub	TAGPBFieldDescriptor	sub_10014a7c8
0x10014a7d8	12	sub	TAGPBFieldDescriptor	sub_10014a7d8
0x10014a7e4	64	sub	TAGPBFieldDescriptor	sub_10014a7e4
0x10014a824	16	sub	TAGPBFieldDescriptor	sub_10014a824
0x10014a834	12	sub	TAGPBFieldDescriptor	sub_10014a834
0x10014a840	16	sub	TAGPBFieldDescriptor	sub_10014a840
0x10014a850	16	sub	TAGPBFieldDescriptor	sub_10014a850
0x10014a860	12	sub	TAGPBFieldDescriptor	sub_10014a860
0x10014a86c	16	sub	TAGPBFieldDescriptor	sub_10014a86c
0x10014a87c	16	sub	TAGPBFieldDescriptor	sub_10014a87c
0x10014a88c	12	sub	TAGPBFieldDescriptor	sub_10014a88c
0x10014a898	16	sub	TAGPBFieldDescriptor	sub_10014a898
0x10014a8a8	16	sub	TAGPBFieldDescriptor	sub_10014a8a8
0x10014a8b8	12	sub	TAGPBFieldDescriptor	sub_10014a8b8
0x10014a8c4	16	sub	TAGPBFieldDescriptor	sub_10014a8c4
0x10014a8d4	16	sub	TAGPBFieldDescriptor	sub_10014a8d4
0x10014a8e4	12	sub	TAGPBFieldDescriptor	sub_10014a8e4
0x10014a8f0	16	sub	TAGPBFieldDescriptor	sub_10014a8f0
0x10014a900	16	sub	TAGPBFieldDescriptor	sub_10014a900
0x10014a910	12	sub	TAGPBFieldDescriptor	sub_10014a910
0x10014a91c	16	sub	TAGPBFieldDescriptor	sub_10014a91c
0x10014a92c	16	sub	TAGPBFieldDescriptor	sub_10014a92c
0x10014a93c	12	sub	TAGPBFieldDescriptor	sub_10014a93c
0x10014a948	16	sub	TAGPBFieldDescriptor	sub_10014a948
0x10014a958	16	sub	TAGPBFieldDescriptor	sub_10014a958
0x10014a968	12	sub	TAGPBFieldDescriptor	sub_10014a968
0x10014a974	16	sub	TAGPBFieldDescriptor	sub_10014a974
0x10014a984	16	sub	TAGPBFieldDescriptor	sub_10014a984
0x10014a994	12	sub	TAGPBFieldDescriptor	sub_10014a994
0x10014a9a0	16	sub	TAGPBFieldDescriptor	sub_10014a9a0
0x10014a9b0	16	sub	TAGPBFieldDescriptor	sub_10014a9b0
0x10014a9c0	12	sub	TAGPBFieldDescriptor	sub_10014a9c0
0x10014a9cc	16	sub	TAGPBFieldDescriptor	sub_10014a9cc
0x10014a9dc	16	sub	TAGPBFieldDescriptor	sub_10014a9dc
0x10014a9ec	12	sub	TAGPBFieldDescriptor	sub_10014a9ec
0x10014a9f8	16	sub	TAGPBFieldDescriptor	sub_10014a9f8
0x10014aa08	16	sub	TAGPBFieldDescriptor	sub_10014aa08
0x10014aa18	12	sub	TAGPBFieldDescriptor	sub_10014aa18
0x10014aa24	16	sub	TAGPBFieldDescriptor	sub_10014aa24
0x10014aa34	16	sub	TAGPBFieldDescriptor	sub_10014aa34
0x10014aa44	12	sub	TAGPBFieldDescriptor	sub_10014aa44
0x10014aa50	16	sub	TAGPBFieldDescriptor	sub_10014aa50
0x10014aa60	16	sub	TAGPBFieldDescriptor	sub_10014aa60
0x10014aa70	12	sub	TAGPBFieldDescriptor	sub_10014aa70
0x10014aa7c	88	sub	TAGPBFieldDescriptor	sub_10014aa7c
0x10014aad4	16	sub	TAGPBFieldDescriptor	sub_10014aad4
0x10014aae4	12	sub	TAGPBFieldDescriptor	sub_10014aae4
0x10014aaf0	88	sub	TAGPBFieldDescriptor	sub_10014aaf0
0x10014ab48	16	sub	TAGPBFieldDescriptor	sub_10014ab48
0x10014ab58	12	sub	TAGPBFieldDescriptor	sub_10014ab58
0x10014ab64	88	sub	TAGPBFieldDescriptor	sub_10014ab64
0x10014abbc	16	sub	TAGPBFieldDescriptor	sub_10014abbc
0x10014abcc	12	sub	TAGPBFieldDescriptor	sub_10014abcc
0x10014abd8	88	sub	TAGPBFieldDescriptor	sub_10014abd8
0x10014ac30	16	sub	TAGPBFieldDescriptor	sub_10014ac30
0x10014ac40	12	sub	TAGPBFieldDescriptor	sub_10014ac40
0x10014ac4c	88	sub	TAGPBFieldDescriptor	sub_10014ac4c
0x10014aca4	16	sub	TAGPBFieldDescriptor	sub_10014aca4
0x10014acb4	12	sub	TAGPBFieldDescriptor	sub_10014acb4
0x10014acc0	88	sub	TAGPBFieldDescriptor	sub_10014acc0
0x10014ad18	16	sub	TAGPBFieldDescriptor	sub_10014ad18
0x10014ad28	12	sub	TAGPBFieldDescriptor	sub_10014ad28
0x10014ad34	88	sub	TAGPBFieldDescriptor	sub_10014ad34
0x10014ad8c	16	sub	TAGPBFieldDescriptor	sub_10014ad8c
0x10014ad9c	12	sub	TAGPBFieldDescriptor	sub_10014ad9c
0x10014ada8	88	sub	TAGPBFieldDescriptor	sub_10014ada8
0x10014ae00	16	sub	TAGPBFieldDescriptor	sub_10014ae00
0x10014ae10	12	sub	TAGPBFieldDescriptor	sub_10014ae10
0x10014ae1c	88	sub	TAGPBFieldDescriptor	sub_10014ae1c
0x10014ae74	16	sub	TAGPBFieldDescriptor	sub_10014ae74
0x10014ae84	12	sub	TAGPBFieldDescriptor	sub_10014ae84
0x10014ae90	88	sub	TAGPBFieldDescriptor	sub_10014ae90
0x10014aee8	16	sub	TAGPBFieldDescriptor	sub_10014aee8
0x10014aef8	12	sub	TAGPBFieldDescriptor	sub_10014aef8
0x10014af04	88	sub	TAGPBFieldDescriptor	sub_10014af04
0x10014af5c	16	sub	TAGPBFieldDescriptor	sub_10014af5c
0x10014af6c	12	sub	TAGPBFieldDescriptor	sub_10014af6c
0x10014af78	88	sub	TAGPBFieldDescriptor	sub_10014af78
0x10014afd0	16	sub	TAGPBFieldDescriptor	sub_10014afd0
0x10014afe0	12	sub	TAGPBFieldDescriptor	sub_10014afe0
0x10014afec	88	sub	TAGPBFieldDescriptor	sub_10014afec
0x10014b044	16	sub	TAGPBFieldDescriptor	sub_10014b044
0x10014b054	12	sub	TAGPBFieldDescriptor	sub_10014b054
0x10014b060	88	sub	TAGPBFieldDescriptor	sub_10014b060
0x10014b0b8	16	sub	TAGPBFieldDescriptor	sub_10014b0b8
0x10014b0c8	12	sub	TAGPBFieldDescriptor	sub_10014b0c8
0x10014b0d4	88	sub	TAGPBFieldDescriptor	sub_10014b0d4
0x10014b12c	16	sub	TAGPBFieldDescriptor	sub_10014b12c
0x10014b13c	12	sub	TAGPBFieldDescriptor	sub_10014b13c
0x10014b148	88	sub	TAGPBFieldDescriptor	sub_10014b148
0x10014b1a0	16	sub	TAGPBFieldDescriptor	sub_10014b1a0
0x10014b1b0	12	sub	TAGPBFieldDescriptor	sub_10014b1b0
0x10014b1bc	88	sub	TAGPBFieldDescriptor	sub_10014b1bc
0x10014b214	16	sub	TAGPBFieldDescriptor	sub_10014b214
0x10014b224	12	sub	TAGPBFieldDescriptor	sub_10014b224
0x10014b230	88	sub	TAGPBFieldDescriptor	sub_10014b230
0x10014b288	16	sub	TAGPBFieldDescriptor	sub_10014b288
0x10014b298	12	sub	TAGPBFieldDescriptor	sub_10014b298
0x10014b2a4	16	sub	TAGPBFieldDescriptor	sub_10014b2a4
0x10014b2b4	16	sub	TAGPBFieldDescriptor	sub_10014b2b4
0x10014b2c4	12	sub	TAGPBFieldDescriptor	sub_10014b2c4
0x10014b2d0	16	sub	TAGPBFieldDescriptor	sub_10014b2d0
0x10014b2e0	16	sub	TAGPBFieldDescriptor	sub_10014b2e0
0x10014b2f0	12	sub	TAGPBFieldDescriptor	sub_10014b2f0
0x10014b2fc	16	sub	TAGPBFieldDescriptor	sub_10014b2fc
0x10014b30c	16	sub	TAGPBFieldDescriptor	sub_10014b30c
0x10014b31c	12	sub	TAGPBFieldDescriptor	sub_10014b31c
0x10014b328	16	sub	TAGPBFieldDescriptor	sub_10014b328
0x10014b338	16	sub	TAGPBFieldDescriptor	sub_10014b338
0x10014b348	12	sub	TAGPBFieldDescriptor	sub_10014b348
0x10014b354	16	sub	TAGPBFieldDescriptor	sub_10014b354
0x10014b364	16	sub	TAGPBFieldDescriptor	sub_10014b364
0x10014b374	12	sub	TAGPBFieldDescriptor	sub_10014b374
0x10014b380	16	sub	TAGPBFieldDescriptor	sub_10014b380
0x10014b390	16	sub	TAGPBFieldDescriptor	sub_10014b390
0x10014b3a0	12	sub	TAGPBFieldDescriptor	sub_10014b3a0
0x10014b3ac	16	sub	TAGPBFieldDescriptor	sub_10014b3ac
0x10014b3bc	16	sub	TAGPBFieldDescriptor	sub_10014b3bc
0x10014b3cc	12	sub	TAGPBFieldDescriptor	sub_10014b3cc
0x10014b3d8	16	sub	TAGPBFieldDescriptor	sub_10014b3d8
0x10014b3e8	16	sub	TAGPBFieldDescriptor	sub_10014b3e8
0x10014b3f8	12	sub	TAGPBFieldDescriptor	sub_10014b3f8
0x10014b404	16	sub	TAGPBFieldDescriptor	sub_10014b404
0x10014b414	16	sub	TAGPBFieldDescriptor	sub_10014b414
0x10014b424	12	sub	TAGPBFieldDescriptor	sub_10014b424
0x10014b430	16	sub	TAGPBFieldDescriptor	sub_10014b430
0x10014b440	16	sub	TAGPBFieldDescriptor	sub_10014b440
0x10014b450	12	sub	TAGPBFieldDescriptor	sub_10014b450
0x10014b45c	16	sub	TAGPBFieldDescriptor	sub_10014b45c
0x10014b46c	16	sub	TAGPBFieldDescriptor	sub_10014b46c
0x10014b47c	12	sub	TAGPBFieldDescriptor	sub_10014b47c
0x10014b488	16	sub	TAGPBFieldDescriptor	sub_10014b488
0x10014b498	16	sub	TAGPBFieldDescriptor	sub_10014b498
0x10014b4a8	12	sub	TAGPBFieldDescriptor	sub_10014b4a8
0x10014b4b4	16	sub	TAGPBFieldDescriptor	sub_10014b4b4
0x10014b4c4	16	sub	TAGPBFieldDescriptor	sub_10014b4c4
0x10014b4d4	12	sub	TAGPBFieldDescriptor	sub_10014b4d4
0x10014b4e0	16	sub	TAGPBFieldDescriptor	sub_10014b4e0
0x10014b4f0	16	sub	TAGPBFieldDescriptor	sub_10014b4f0
0x10014b500	12	sub	TAGPBFieldDescriptor	sub_10014b500
0x10014b50c	16	sub	TAGPBFieldDescriptor	sub_10014b50c
0x10014b51c	16	sub	TAGPBFieldDescriptor	sub_10014b51c
0x10014b52c	12	sub	TAGPBFieldDescriptor	sub_10014b52c
0x10014b538	16	sub	TAGPBFieldDescriptor	sub_10014b538
0x10014b548	16	sub	TAGPBFieldDescriptor	sub_10014b548
0x10014b558	12	sub	TAGPBFieldDescriptor	sub_10014b558
0x10014b564	16	sub	TAGPBFieldDescriptor	sub_10014b564
0x10014b574	16	sub	TAGPBFieldDescriptor	sub_10014b574
0x10014b584	12	sub	TAGPBFieldDescriptor	sub_10014b584
0x10014b590	16	sub	TAGPBFieldDescriptor	sub_10014b590
0x10014b5a0	16	sub	TAGPBFieldDescriptor	sub_10014b5a0
0x10014b5b0	12	sub	TAGPBFieldDescriptor	sub_10014b5b0
0x10014b5bc	64	sub	TAGPBFieldDescriptor	sub_10014b5bc
0x10014b5fc	36	sub	TAGPBFieldDescriptor	sub_10014b5fc
0x10014b620	56	sub	TAGPBFieldDescriptor	sub_10014b620
0x10014b658	32	sub	TAGPBFieldDescriptor	sub_10014b658
0x10014b678	32	sub	TAGPBFieldDescriptor	sub_10014b678
0x10014b698	48	sub	TAGPBFieldDescriptor	sub_10014b698
0x10014b6c8	72	sub	TAGPBFieldDescriptor	sub_10014b6c8
0x10014b710	32	sub	TAGPBFieldDescriptor	sub_10014b710
0x10014b730	48	sub	TAGPBFieldDescriptor	sub_10014b730
0x10014b760	72	sub	TAGPBFieldDescriptor	sub_10014b760
0x10014b7a8	32	sub	TAGPBFieldDescriptor	sub_10014b7a8
0x10014b7c8	48	sub	TAGPBFieldDescriptor	sub_10014b7c8
0x10014b7f8	68	sub	TAGPBFieldDescriptor	sub_10014b7f8
0x10014b83c	32	sub	TAGPBFieldDescriptor	sub_10014b83c
0x10014b85c	48	sub	TAGPBFieldDescriptor	sub_10014b85c
0x10014b88c	68	sub	TAGPBFieldDescriptor	sub_10014b88c
0x10014b8d0	32	sub	TAGPBFieldDescriptor	sub_10014b8d0
0x10014b8f0	48	sub	TAGPBFieldDescriptor	sub_10014b8f0
0x10014b920	72	sub	TAGPBFieldDescriptor	sub_10014b920
0x10014b968	32	sub	TAGPBFieldDescriptor	sub_10014b968
0x10014b988	48	sub	TAGPBFieldDescriptor	sub_10014b988
0x10014b9b8	68	sub	TAGPBFieldDescriptor	sub_10014b9b8
0x100137940	240	objc	TAGPBEnumValueDescriptor	-[TAGPBEnumValueDescriptor initWithEnumValueDescription:prefix:]
0x100137a30	100	objc	TAGPBEnumValueDescriptor	-[TAGPBEnumValueDescriptor dealloc]
0x100137a94	20	objc	TAGPBEnumValueDescriptor	-[TAGPBEnumValueDescriptor number]
0x100137aa8	16	objc	TAGPBEnumValueDescriptor	-[TAGPBEnumValueDescriptor name]
0x100137ab8	324	objc	TAGPBEnumDescriptor	+[TAGPBEnumDescriptor allocDescriptorForName:values:valueCount:enumVerifier:]
0x100137bfc	56	objc	TAGPBEnumDescriptor	+[TAGPBEnumDescriptor allocDescriptorForName:values:valueCount:enumVerifier:extraTextFormatInfo:]
0x100137c34	184	objc	TAGPBEnumDescriptor	+[TAGPBEnumDescriptor descriptorForName:]
0x100137cec	176	objc	TAGPBEnumDescriptor	-[TAGPBEnumDescriptor initWithName:values:enumVerifier:]
0x100137d9c	324	objc	TAGPBEnumDescriptor	-[TAGPBEnumDescriptor enumValueWithNumber:]
0x100137ee0	348	objc	TAGPBEnumDescriptor	-[TAGPBEnumDescriptor enumValueWithName:]
0x10013803c	124	objc	TAGPBEnumDescriptor	-[TAGPBEnumDescriptor dealloc]
0x1001380b8	544	objc	TAGPBEnumDescriptor	-[TAGPBEnumDescriptor textFormatNameForEnumValue:]
0x1001382d8	16	objc	TAGPBEnumDescriptor	-[TAGPBEnumDescriptor name]
0x1001382e8	16	objc	TAGPBEnumDescriptor	-[TAGPBEnumDescriptor values]
0x1001382f8	16	objc	TAGPBEnumDescriptor	-[TAGPBEnumDescriptor enumVerifier]
0x100138308	84	objc	TAGPBGeneratedEnumDescriptor	+[TAGPBGeneratedEnumDescriptor enumDescriptor]
0x10013835c	44	objc	TAGPBGeneratedEnumDescriptor	-[TAGPBGeneratedEnumDescriptor enumDescriptor]
0x100138388	88	objc	TAGPBExtensionRange	-[TAGPBExtensionRange initWithRangeDescription:]
0x1001383e0	20	objc	TAGPBExtensionRange	-[TAGPBExtensionRange start]
0x1001383f4	20	objc	TAGPBExtensionRange	-[TAGPBExtensionRange end]
0x100138408	88	objc	TAGPBExtensionDescriptor	-[TAGPBExtensionDescriptor initWithExtensionDescription:]
0x100138460	44	objc	TAGPBExtensionDescriptor	-[TAGPBExtensionDescriptor singletonName]
0x10013848c	20	objc	TAGPBExtensionDescriptor	-[TAGPBExtensionDescriptor singletonNameC]
0x1001384a0	20	objc	TAGPBExtensionDescriptor	-[TAGPBExtensionDescriptor fieldNumber]
0x1001384b4	20	objc	TAGPBExtensionDescriptor	-[TAGPBExtensionDescriptor type]
0x1001384c8	24	objc	TAGPBExtensionDescriptor	-[TAGPBExtensionDescriptor isRepeated]
0x1001384e0	24	objc	TAGPBExtensionDescriptor	-[TAGPBExtensionDescriptor isPackable]
0x1001384f8	32	objc	TAGPBExtensionDescriptor	-[TAGPBExtensionDescriptor isMessage]
0x100138518	20	objc	TAGPBExtensionDescriptor	-[TAGPBExtensionDescriptor msgClass]
0x10013852c	244	objc	TAGPBExtensionDescriptor	-[TAGPBExtensionDescriptor enumDescriptor]
0x100138620	292	objc	TAGPBArray+ExtensionField	-[TAGPBArray(ExtensionField) valueAtIndex:]
0x100138744	100	objc	TAGPBExtensionField	-[TAGPBExtensionField init]
0x1001387a8	620	objc	TAGPBExtensionField	-[TAGPBExtensionField initWithDescription:]
0x100138a14	164	objc	TAGPBExtensionField	-[TAGPBExtensionField dealloc]
0x100138ab8	24	objc	TAGPBExtensionField	-[TAGPBExtensionField isRepeated]
0x100138ad0	20	objc	TAGPBExtensionField	-[TAGPBExtensionField fieldNumber]
0x100138ae4	48	objc	TAGPBExtensionField	-[TAGPBExtensionField wireType]
0x100138b14	496	objc	TAGPBExtensionField	-[TAGPBExtensionField writeTAGPBValue:includingTagToCodedOutputStream:]
0x100138d04	416	objc	TAGPBExtensionField	-[TAGPBExtensionField writeTAGPBValue:noTagToCodedOutputStream:]
0x100138ea4	500	objc	TAGPBExtensionField	-[TAGPBExtensionField computeTAGPBSerializedSizeNoTag:]
0x100139098	692	objc	TAGPBExtensionField	-[TAGPBExtensionField computeTAGPBSerializedSizeIncludingTag:]
0x10013934c	512	objc	TAGPBExtensionField	-[TAGPBExtensionField defaultValue]
0x10013954c	484	objc	TAGPBExtensionField	-[TAGPBExtensionField writeTAGPBValues:includingTagsToCodedOutputStream:]
0x100139730	116	objc	TAGPBExtensionField	-[TAGPBExtensionField writeValue:includingTagToCodedOutputStream:]
0x1001397a4	432	sub	TAGPBExtensionField	sub_1001397a4
0x100139954	484	objc	TAGPBExtensionField	-[TAGPBExtensionField computeTAGPBSerializedSizesIncludingTags:]
0x100139b38	100	objc	TAGPBExtensionField	-[TAGPBExtensionField computeSerializedSizeIncludingTag:]
0x100139b9c	152	objc	TAGPBExtensionField	-[TAGPBExtensionField description]
0x100139c34	980	objc	TAGPBExtensionField	-[TAGPBExtensionField readSingleValueFromCodedInputStream:extensionRegistry:existingValue:]
0x10013a008	404	objc	TAGPBExtensionField	-[TAGPBExtensionField mergeFromCodedInputStream:extensionRegistry:builder:]
0x10013a19c	48	objc	TAGPBExtensionField	-[TAGPBExtensionField compareByFieldNumber:]
0x10013a1cc	16	objc	TAGPBExtensionField	-[TAGPBExtensionField copyWithZone:]
0x10013a1dc	16	objc	TAGPBExtensionField	-[TAGPBExtensionField containingType]
0x10013a1ec	16	objc	TAGPBExtensionField	-[TAGPBExtensionField descriptor]
0x10013a1fc	128	objc	TAGPBExtensionRegistry	-[TAGPBExtensionRegistry init]
0x10013a27c	100	objc	TAGPBExtensionRegistry	-[TAGPBExtensionRegistry dealloc]
0x10013a2e0	136	objc	TAGPBExtensionRegistry	-[TAGPBExtensionRegistry extensionMapForContainingType:]
0x10013a368	184	objc	TAGPBExtensionRegistry	-[TAGPBExtensionRegistry addExtension:]
0x10013a420	112	objc	TAGPBExtensionRegistry	-[TAGPBExtensionRegistry getExtension:fieldNumber:]
0x10013a490	368	objc	TAGPBExtensionRegistry	-[TAGPBExtensionRegistry addExtensions:]
0x10013a600	184	objc	TAGPBField	-[TAGPBField dealloc]
0x10013a6b8	524	objc	TAGPBField	-[TAGPBField isEqual:]
0x10013a8c4	372	objc	TAGPBField	-[TAGPBField writeToOutput:]
0x10013aa38	968	objc	TAGPBField	-[TAGPBField serializedSize]
0x10013ae00	320	objc	TAGPBField	-[TAGPBField writeAsMessageSetExtensionToOutput:]
0x10013af40	312	objc	TAGPBField	-[TAGPBField serializedSizeAsMessageSetExtension]
0x10013b078	1004	objc	TAGPBField	-[TAGPBField description]
0x10013b464	16	objc	TAGPBField	-[TAGPBField varintList]
0x10013b474	16	objc	TAGPBField	-[TAGPBField fixed32List]
0x10013b484	16	objc	TAGPBField	-[TAGPBField fixed64List]
0x10013b494	16	objc	TAGPBField	-[TAGPBField lengthDelimitedList]
0x10013b4a4	16	objc	TAGPBField	-[TAGPBField groupList]
0x10013b4b4	16	objc	TAGPBField	-[TAGPBField number]
0x10013b4c4	88	objc	TAGPBMutableField	-[TAGPBMutableField initWithNumber:]
0x10013b51c	588	objc	TAGPBMutableField	-[TAGPBMutableField mergeFromField:]
0x10013b768	132	objc	TAGPBMutableField	-[TAGPBMutableField addVarint:]
0x10013b7ec	132	objc	TAGPBMutableField	-[TAGPBMutableField addFixed32:]
0x10013b870	132	objc	TAGPBMutableField	-[TAGPBMutableField addFixed64:]
0x10013b8f4	132	objc	TAGPBMutableField	-[TAGPBMutableField addLengthDelimited:]
0x10013b978	132	objc	TAGPBMutableField	-[TAGPBMutableField addGroup:]
0x10013b9fc	148	sub	TAGPBMutableField	sub_10013b9fc
0x10013ba90	180	objc	TAGPBGeneratedMessage	+[TAGPBGeneratedMessage initialize]
0x10013bb44	76	objc	TAGPBGeneratedMessage	+[TAGPBGeneratedMessage allocWithZone:]
0x10013bb90	20	objc	TAGPBGeneratedMessage	+[TAGPBGeneratedMessage alloc]
0x10013bba4	140	objc	TAGPBGeneratedMessage	+[TAGPBGeneratedMessage descriptor]
0x10013bc30	60	objc	TAGPBGeneratedMessage	+[TAGPBGeneratedMessage message]
0x10013bc6c	124	objc	TAGPBGeneratedMessage	+[TAGPBGeneratedMessage newMessageWithAutocreator:field:]
0x10013bce8	124	objc	TAGPBGeneratedMessage	+[TAGPBGeneratedMessage newMessageWithAutocreator:extension:]
0x10013bd64	132	objc	TAGPBGeneratedMessage	-[TAGPBGeneratedMessage init]
0x10013bde8	248	objc	TAGPBGeneratedMessage	-[TAGPBGeneratedMessage dealloc]
0x10013bee0	704	objc	TAGPBGeneratedMessage	-[TAGPBGeneratedMessage copyFieldsInto:zone:]
0x10013c1a0	320	sub	TAGPBGeneratedMessage	sub_10013c1a0
0x10013c2e0	16	objc	TAGPBGeneratedMessage	-[TAGPBGeneratedMessage copyWithZone:]
0x10013c2f0	204	objc	TAGPBGeneratedMessage	-[TAGPBGeneratedMessage mutableCopyWithZone:]
0x10013c3bc	112	objc	TAGPBGeneratedMessage	-[TAGPBGeneratedMessage clear]
0x10013c42c	976	objc	TAGPBGeneratedMessage	-[TAGPBGeneratedMessage internalClear]
0x10013c7fc	216	sub	TAGPBGeneratedMessage	sub_10013c7fc
0x10013c8d4	324	sub	TAGPBGeneratedMessage	sub_10013c8d4
0x10013ca18	772	objc	TAGPBGeneratedMessage	-[TAGPBGeneratedMessage isInitialized]
0x10013cd1c	204	sub	TAGPBGeneratedMessage	sub_10013cd1c
0x10013cde8	44	objc	TAGPBGeneratedMessage	-[TAGPBGeneratedMessage descriptor]
0x10013ce14	184	objc	TAGPBGeneratedMessage	-[TAGPBGeneratedMessage data]
0x10013cecc	236	objc	TAGPBGeneratedMessage	-[TAGPBGeneratedMessage delimitedData]
0x10013cfb8	120	objc	TAGPBGeneratedMessage	-[TAGPBGeneratedMessage writeToOutputStream:]
0x10013d030	544	objc	TAGPBGeneratedMessage	-[TAGPBGeneratedMessage writeToCodedOutputStream:]
0x10013d250	120	objc	TAGPBGeneratedMessage	-[TAGPBGeneratedMessage writeDelimitedToOutputStream:]
0x10013d2c8	92	objc	TAGPBGeneratedMessage	-[TAGPBGeneratedMessage writeDelimitedToCodedOutputStream:]
0x10013d324	2580	objc	TAGPBGeneratedMessage	-[TAGPBGeneratedMessage writeField:toCodedOutputStream:]
0x10013dd38	156	sub	TAGPBGeneratedMessage	sub_10013dd38
0x10013ddd4	144	sub	TAGPBGeneratedMessage	sub_10013ddd4
0x10013de64	144	sub	TAGPBGeneratedMessage	sub_10013de64
0x10013def4	140	sub	TAGPBGeneratedMessage	sub_10013def4
0x10013df80	144	sub	TAGPBGeneratedMessage	sub_10013df80
0x10013e010	140	sub	TAGPBGeneratedMessage	sub_10013e010
0x10013e09c	144	sub	TAGPBGeneratedMessage	sub_10013e09c
0x10013e12c	428	objc	TAGPBGeneratedMessage	-[TAGPBGeneratedMessage isInitialized:]
0x10013e2d8	424	objc	TAGPBGeneratedMessage	-[TAGPBGeneratedMessage getExtension:]
0x10013e480	296	sub	TAGPBGeneratedMessage	sub_10013e480
0x10013e5a8	28	objc	TAGPBGeneratedMessage	-[TAGPBGeneratedMessage getExistingExtension:]
0x10013e5c4	52	objc	TAGPBGeneratedMessage	-[TAGPBGeneratedMessage hasExtension:]
0x10013e5f8	28	objc	TAGPBGeneratedMessage	-[TAGPBGeneratedMessage extensionsCurrentlySet]
0x10013e614	488	objc	TAGPBGeneratedMessage	-[TAGPBGeneratedMessage writeExtensionsToCodedOutputStream:range:]
0x10013e7fc	68	objc	TAGPBGeneratedMessage	-[TAGPBGeneratedMessage sortedExtensionsInUse]
0x10013e840	356	objc	TAGPBGeneratedMessage	-[TAGPBGeneratedMessage extensionsSerializedSize]
0x10013e9a4	444	objc	TAGPBGeneratedMessage	-[TAGPBGeneratedMessage setExtension:value:]
0x10013eb60	300	objc	TAGPBGeneratedMessage	-[TAGPBGeneratedMessage addExtension:value:]
0x10013ec8c	240	objc	TAGPBGeneratedMessage	-[TAGPBGeneratedMessage setExtension:index:value:]
0x10013ed7c	128	objc	TAGPBGeneratedMessage	-[TAGPBGeneratedMessage clearExtension:]
0x10013edfc	116	objc	TAGPBGeneratedMessage	-[TAGPBGeneratedMessage clearAutocreator]
0x10013ee70	24	objc	TAGPBGeneratedMessage	-[TAGPBGeneratedMessage wasAutocreatedBy:]
0x10013ee88	160	objc	TAGPBGeneratedMessage	-[TAGPBGeneratedMessage mergeFromData:extensionRegistry:]
0x10013ef28	132	objc	TAGPBGeneratedMessage	-[TAGPBGeneratedMessage mergeDelimitedFromCodedInputStream:extensionRegistry:]
0x10013efac	20	objc	TAGPBGeneratedMessage	+[TAGPBGeneratedMessage parseFromData:]
0x10013efc0	120	objc	TAGPBGeneratedMessage	+[TAGPBGeneratedMessage parseFromData:extensionRegistry:]
0x10013f038	120	objc	TAGPBGeneratedMessage	+[TAGPBGeneratedMessage parseFromCodedInputStream:extensionRegistry:]
0x10013f0b0	120	objc	TAGPBGeneratedMessage	+[TAGPBGeneratedMessage parseDelimitedFromCodedInputStream:extensionRegistry:]
0x10013f128	120	objc	TAGPBGeneratedMessage	-[TAGPBGeneratedMessage setUnknownFields:]
0x10013f1a0	112	objc	TAGPBGeneratedMessage	-[TAGPBGeneratedMessage mutableUnknownFields]
0x10013f210	84	objc	TAGPBGeneratedMessage	-[TAGPBGeneratedMessage mergeUnknownFields:]
0x10013f264	516	objc	TAGPBGeneratedMessage	-[TAGPBGeneratedMessage parseMessageSet:extensionRegistry:]
0x10013f468	340	objc	TAGPBGeneratedMessage	-[TAGPBGeneratedMessage parseUnknownField:extensionRegistry:tag:]
0x10013f5bc	356	objc	TAGPBGeneratedMessage	-[TAGPBGeneratedMessage mergeFromCodedInputStream:extensionRegistry:]
0x10013f720	364	sub	TAGPBGeneratedMessage	sub_10013f720
0x10013f88c	364	sub	TAGPBGeneratedMessage	sub_10013f88c
0x10013f9f8	364	sub	TAGPBGeneratedMessage	sub_10013f9f8
0x10013fb64	352	sub	TAGPBGeneratedMessage	sub_10013fb64
0x10013fcc4	364	sub	TAGPBGeneratedMessage	sub_10013fcc4
0x10013fe30	364	sub	TAGPBGeneratedMessage	sub_10013fe30
0x10013ff9c	352	sub	TAGPBGeneratedMessage	sub_10013ff9c
0x1001400fc	340	sub	TAGPBGeneratedMessage	sub_1001400fc
0x100140250	364	sub	TAGPBGeneratedMessage	sub_100140250
0x1001403bc	364	sub	TAGPBGeneratedMessage	sub_1001403bc
0x100140528	364	sub	TAGPBGeneratedMessage	sub_100140528
0x100140694	364	sub	TAGPBGeneratedMessage	sub_100140694
0x100140800	364	sub	TAGPBGeneratedMessage	sub_100140800
0x10014096c	116	sub	TAGPBGeneratedMessage	sub_10014096c
0x1001409e0	116	sub	TAGPBGeneratedMessage	sub_1001409e0
0x100140a54	320	sub	TAGPBGeneratedMessage	sub_100140a54
0x100140b94	348	sub	TAGPBGeneratedMessage	sub_100140b94
0x100140cf0	660	sub	TAGPBGeneratedMessage	sub_100140cf0
0x100140f84	1068	objc	TAGPBGeneratedMessage	-[TAGPBGeneratedMessage mergeFrom:]
0x1001413b0	500	sub	TAGPBGeneratedMessage	sub_1001413b0
0x1001415a4	124	sub	TAGPBGeneratedMessage	sub_1001415a4
0x100141620	124	sub	TAGPBGeneratedMessage	sub_100141620
0x10014169c	124	sub	TAGPBGeneratedMessage	sub_10014169c
0x100141718	124	sub	TAGPBGeneratedMessage	sub_100141718
0x100141794	124	sub	TAGPBGeneratedMessage	sub_100141794
0x100141810	120	sub	TAGPBGeneratedMessage	sub_100141810
0x100141888	120	sub	TAGPBGeneratedMessage	sub_100141888
0x100141900	284	sub	TAGPBGeneratedMessage	sub_100141900
0x100141a1c	444	objc	TAGPBGeneratedMessage	-[TAGPBGeneratedMessage isEqual:]
0x100141bd8	380	sub	TAGPBGeneratedMessage	sub_100141bd8
0x100141d54	236	sub	TAGPBGeneratedMessage	sub_100141d54
0x100141e40	232	sub	TAGPBGeneratedMessage	sub_100141e40
0x100141f28	232	sub	TAGPBGeneratedMessage	sub_100141f28
0x100142010	232	sub	TAGPBGeneratedMessage	sub_100142010
0x1001420f8	232	sub	TAGPBGeneratedMessage	sub_1001420f8
0x1001421e0	232	sub	TAGPBGeneratedMessage	sub_1001421e0
0x1001422c8	232	sub	TAGPBGeneratedMessage	sub_1001422c8
0x1001423b0	16	objc	TAGPBGeneratedMessage	-[TAGPBGeneratedMessage hash]
0x1001423c0	124	objc	TAGPBGeneratedMessage	-[TAGPBGeneratedMessage description]
0x10014243c	112	sub	TAGPBGeneratedMessage	sub_10014243c
0x1001424ac	252	objc	TAGPBGeneratedMessage	-[TAGPBGeneratedMessage serializedSize]
0x1001425a8	540	sub	TAGPBGeneratedMessage	sub_1001425a8
0x1001427c4	540	sub	TAGPBGeneratedMessage	sub_1001427c4
0x1001429e0	540	sub	TAGPBGeneratedMessage	sub_1001429e0
0x100142bfc	540	sub	TAGPBGeneratedMessage	sub_100142bfc
0x100142e18	540	sub	TAGPBGeneratedMessage	sub_100142e18
0x100143034	540	sub	TAGPBGeneratedMessage	sub_100143034
0x100143250	540	sub	TAGPBGeneratedMessage	sub_100143250
0x10014346c	580	sub	TAGPBGeneratedMessage	sub_10014346c
0x1001436b0	488	sub	TAGPBGeneratedMessage	sub_1001436b0
0x100143898	556	sub	TAGPBGeneratedMessage	sub_100143898
0x100143ac4	496	sub	TAGPBGeneratedMessage	sub_100143ac4
0x100143cb4	568	sub	TAGPBGeneratedMessage	sub_100143cb4
0x100143eec	488	sub	TAGPBGeneratedMessage	sub_100143eec
0x1001440d4	628	sub	TAGPBGeneratedMessage	sub_1001440d4
0x100144348	532	sub	TAGPBGeneratedMessage	sub_100144348
0x10014455c	628	sub	TAGPBGeneratedMessage	sub_10014455c
0x1001447d0	644	sub	TAGPBGeneratedMessage	sub_1001447d0
0x100144a54	568	sub	TAGPBGeneratedMessage	sub_100144a54
0x100144c8c	224	sub	TAGPBGeneratedMessage	sub_100144c8c
0x100144d6c	852	objc	TAGPBGeneratedMessage	+[TAGPBGeneratedMessage resolveInstanceMethod:]
0x1001450c0	112	sub	TAGPBGeneratedMessage	sub_1001450c0
0x100145130	112	sub	TAGPBGeneratedMessage	sub_100145130
0x1001451a0	112	sub	TAGPBGeneratedMessage	sub_1001451a0
0x100145210	112	sub	TAGPBGeneratedMessage	sub_100145210
0x100145280	112	sub	TAGPBGeneratedMessage	sub_100145280
0x1001452f0	112	sub	TAGPBGeneratedMessage	sub_1001452f0
0x100145360	112	sub	TAGPBGeneratedMessage	sub_100145360
0x1001453d0	112	sub	TAGPBGeneratedMessage	sub_1001453d0
0x100145440	112	sub	TAGPBGeneratedMessage	sub_100145440
0x1001454b0	112	sub	TAGPBGeneratedMessage	sub_1001454b0
0x100145520	112	sub	TAGPBGeneratedMessage	sub_100145520
0x100145590	112	sub	TAGPBGeneratedMessage	sub_100145590
0x100145600	112	sub	TAGPBGeneratedMessage	sub_100145600
0x100145670	112	sub	TAGPBGeneratedMessage	sub_100145670
0x1001456e0	112	sub	TAGPBGeneratedMessage	sub_1001456e0
0x100145750	112	sub	TAGPBGeneratedMessage	sub_100145750
0x1001457c0	112	sub	TAGPBGeneratedMessage	sub_1001457c0
0x100145830	112	sub	TAGPBGeneratedMessage	sub_100145830
0x1001458a0	68	block	TAGPBGeneratedMessage	+[TAGPBGeneratedMessage resolveInstanceMethod:]_block_invoke_3
0x1001458e4	112	sub	TAGPBGeneratedMessage	sub_1001458e4
0x100145954	112	sub	TAGPBGeneratedMessage	sub_100145954
0x1001459c4	112	sub	TAGPBGeneratedMessage	sub_1001459c4
0x100145a34	112	sub	TAGPBGeneratedMessage	sub_100145a34
0x100145aa4	112	sub	TAGPBGeneratedMessage	sub_100145aa4
0x100145b14	112	sub	TAGPBGeneratedMessage	sub_100145b14
0x100145b84	112	sub	TAGPBGeneratedMessage	sub_100145b84
0x100145bf4	112	sub	TAGPBGeneratedMessage	sub_100145bf4
0x100145c64	112	sub	TAGPBGeneratedMessage	sub_100145c64
0x100145cd4	112	sub	TAGPBGeneratedMessage	sub_100145cd4
0x100145d44	112	sub	TAGPBGeneratedMessage	sub_100145d44
0x100145db4	112	sub	TAGPBGeneratedMessage	sub_100145db4
0x100145e24	112	sub	TAGPBGeneratedMessage	sub_100145e24
0x100145e94	112	sub	TAGPBGeneratedMessage	sub_100145e94
0x100145f04	112	sub	TAGPBGeneratedMessage	sub_100145f04
0x100145f74	112	sub	TAGPBGeneratedMessage	sub_100145f74
0x100145fe4	112	sub	TAGPBGeneratedMessage	sub_100145fe4
0x100146054	112	sub	TAGPBGeneratedMessage	sub_100146054
0x1001460c4	112	sub	TAGPBGeneratedMessage	sub_1001460c4
0x100146134	112	sub	TAGPBGeneratedMessage	sub_100146134
0x1001461a4	112	sub	TAGPBGeneratedMessage	sub_1001461a4
0x100146214	112	sub	TAGPBGeneratedMessage	sub_100146214
0x100146284	112	sub	TAGPBGeneratedMessage	sub_100146284
0x1001462f4	112	sub	TAGPBGeneratedMessage	sub_1001462f4
0x100146364	112	sub	TAGPBGeneratedMessage	sub_100146364
0x1001463d4	112	sub	TAGPBGeneratedMessage	sub_1001463d4
0x100146444	112	sub	TAGPBGeneratedMessage	sub_100146444
0x1001464b4	112	sub	TAGPBGeneratedMessage	sub_1001464b4
0x100146524	112	sub	TAGPBGeneratedMessage	sub_100146524
0x100146594	112	sub	TAGPBGeneratedMessage	sub_100146594
0x100146604	112	sub	TAGPBGeneratedMessage	sub_100146604
0x100146674	112	sub	TAGPBGeneratedMessage	sub_100146674
0x1001466e4	112	sub	TAGPBGeneratedMessage	sub_1001466e4
0x100146754	112	sub	TAGPBGeneratedMessage	sub_100146754
0x1001467c4	112	sub	TAGPBGeneratedMessage	sub_1001467c4
0x100146834	112	sub	TAGPBGeneratedMessage	sub_100146834
0x1001468a4	16	block	TAGPBGeneratedMessage	+[TAGPBGeneratedMessage resolveInstanceMethod:]_block_invoke
0x1001468b4	16	sub	TAGPBGeneratedMessage	sub_1001468b4
0x1001468c4	12	sub	TAGPBGeneratedMessage	sub_1001468c4
0x1001468d0	324	block	TAGPBGeneratedMessage	+[TAGPBGeneratedMessage resolveInstanceMethod:]_block_invoke_2
0x100146a14	16	sub	TAGPBGeneratedMessage	sub_100146a14
0x100146a24	12	sub	TAGPBGeneratedMessage	sub_100146a24
0x100146a30	104	objc	TAGPBGeneratedMessage	-[TAGPBGeneratedMessage initWithCoder:]
0x100146a98	64	objc	TAGPBGeneratedMessage	-[TAGPBGeneratedMessage encodeWithCoder:]
0x100146ad8	8	objc	TAGPBGeneratedMessage	+[TAGPBGeneratedMessage accessInstanceVariablesDirectly]
0x100146ae0	448	objc	TAGPBGeneratedMessage	-[TAGPBGeneratedMessage pbMutableArray:willAddElements:]
0x100146ca0	60	sub	TAGPBGeneratedMessage	sub_100146ca0
0x100146cdc	60	objc	TAGPBGeneratedMessage	+[TAGPBGeneratedMessage builder]
0x100146d18	44	objc	TAGPBGeneratedMessage	-[TAGPBGeneratedMessage builder]
0x100146d44	44	objc	TAGPBGeneratedMessage	-[TAGPBGeneratedMessage build]
0x100146d70	16	objc	TAGPBGeneratedMessage	-[TAGPBGeneratedMessage unknownFields]
0x100146d80	116	objc	TAGPBRootObject	+[TAGPBRootObject initialize]
0x100146df4	8	sub	TAGPBRootObject	sub_100146df4
0x100146dfc	4	sub	TAGPBRootObject	sub_100146dfc
0x100146e00	32	sub	TAGPBRootObject	sub_100146e00
0x100146e20	28	sub	TAGPBRootObject	sub_100146e20
0x100146e3c	56	sub	TAGPBRootObject	sub_100146e3c
0x100146e74	8	objc	TAGPBRootObject	+[TAGPBRootObject extensionRegistry]
0x100146e7c	84	objc	TAGPBRootObject	+[TAGPBRootObject globallyRegisterExtension:]
0x100146ed0	240	objc	TAGPBRootObject	+[TAGPBRootObject resolveClassMethod:]
0x100146fc0	228	sub	TAGPBRootObject	sub_100146fc0
0x1001470a4	8	block	TAGPBRootObject	+[TAGPBRootObject resolveClassMethod:]_block_invoke
0x1001470ac	16	sub	TAGPBRootObject	sub_1001470ac
0x1001470bc	12	sub	TAGPBRootObject	sub_1001470bc
0x1001470c8	120	objc	TAGPBUnknownFieldSet	-[TAGPBUnknownFieldSet initWithFields:]
0x100147140	16	objc	TAGPBUnknownFieldSet	-[TAGPBUnknownFieldSet copyWithZone:]
0x100147150	92	objc	TAGPBUnknownFieldSet	-[TAGPBUnknownFieldSet mutableCopyWithZone:]
0x1001471ac	92	objc	TAGPBUnknownFieldSet	-[TAGPBUnknownFieldSet dealloc]
0x100147208	148	objc	TAGPBUnknownFieldSet	-[TAGPBUnknownFieldSet isEqual:]
0x10014729c	60	objc	TAGPBUnknownFieldSet	-[TAGPBUnknownFieldSet hasField:]
0x1001472d8	48	objc	TAGPBUnknownFieldSet	-[TAGPBUnknownFieldSet getField:]
0x100147308	28	objc	TAGPBUnknownFieldSet	-[TAGPBUnknownFieldSet countOfFields]
0x100147324	340	objc	TAGPBUnknownFieldSet	-[TAGPBUnknownFieldSet writeToCodedOutputStream:]
0x100147478	28	block	TAGPBUnknownFieldSet	-[TAGPBUnknownFieldSet writeToCodedOutputStream:]_block_invoke
0x100147494	164	objc	TAGPBUnknownFieldSet	-[TAGPBUnknownFieldSet description]
0x100147538	1288	sub	TAGPBUnknownFieldSet	sub_100147538
0x100147a40	76	objc	TAGPBUnknownFieldSet	-[TAGPBUnknownFieldSet serializedSize]
0x100147a8c	64	block	TAGPBUnknownFieldSet	-[TAGPBUnknownFieldSet serializedSize]_block_invoke
0x100147acc	32	objc	TAGPBUnknownFieldSet	-[TAGPBUnknownFieldSet writeAsMessageSetTo:]
0x100147aec	24	block	TAGPBUnknownFieldSet	-[TAGPBUnknownFieldSet writeAsMessageSetTo:]_block_invoke
0x100147b04	76	objc	TAGPBUnknownFieldSet	-[TAGPBUnknownFieldSet serializedSizeAsMessageSet]
0x100147b50	64	block	TAGPBUnknownFieldSet	-[TAGPBUnknownFieldSet serializedSizeAsMessageSet]_block_invoke
0x100147b90	184	objc	TAGPBUnknownFieldSet	-[TAGPBUnknownFieldSet data]
0x100147c48	16	objc	TAGPBUnknownFieldSet	+[TAGPBUnknownFieldSet isFieldTag:]
0x100147c58	216	objc	TAGPBUnknownFieldSet	-[TAGPBUnknownFieldSet addField:]
0x100147d30	8	sub	TAGPBUnknownFieldSet	sub_100147d30
0x100147d38	4	sub	TAGPBUnknownFieldSet	sub_100147d38
0x100147d3c	60	sub	TAGPBUnknownFieldSet	sub_100147d3c
0x100147d78	12	sub	TAGPBUnknownFieldSet	sub_100147d78
0x100147d84	4	sub	TAGPBUnknownFieldSet	sub_100147d84
0x100147d88	188	objc	TAGPBUnknownFieldSet	-[TAGPBUnknownFieldSet getFieldBuilder:create:]
0x100147e44	180	objc	TAGPBUnknownFieldSet	-[TAGPBUnknownFieldSet mergeField:]
0x100147ef8	44	objc	TAGPBUnknownFieldSet	-[TAGPBUnknownFieldSet mergeUnknownFields:]
0x100147f24	28	block	TAGPBUnknownFieldSet	-[TAGPBUnknownFieldSet mergeUnknownFields:]_block_invoke
0x100147f40	144	objc	TAGPBUnknownFieldSet	-[TAGPBUnknownFieldSet mergeFromData:]
0x100147fd0	136	objc	TAGPBUnknownFieldSet	-[TAGPBUnknownFieldSet mergeVarintField:value:]
0x100148058	572	objc	TAGPBUnknownFieldSet	-[TAGPBUnknownFieldSet mergeFieldFrom:input:]
0x100148294	64	objc	TAGPBUnknownFieldSet	-[TAGPBUnknownFieldSet mergeMessageSetMessage:data:]
0x1001482d4	92	objc	TAGPBUnknownFieldSet	-[TAGPBUnknownFieldSet mergeFromCodedInputStream:]
0x100148330	348	objc	TAGPBUnknownFieldSet	-[TAGPBUnknownFieldSet sortedFields]
0x10014848c	28	block	TAGPBUnknownFieldSet	-[TAGPBUnknownFieldSet sortedFields]_block_invoke
0x1001484a8	192	objc	TAGPBUnknownFieldSet	-[TAGPBUnknownFieldSet getTags:]
0x10014b9fc	140	objc	TAGPTypeSystemRoot	+[TAGPTypeSystemRoot extensionRegistry]
0x10014ba88	108	objc	TAGPTypeSystemRoot	+[TAGPTypeSystemRoot load]
0x10014baf4	196	objc	TAGPValue	+[TAGPValue descriptor]
0x10014bbb8	16	block	TAGPValue_TypeEnumDescriptor	+[TAGPValue_TypeEnumDescriptor enumDescriptor]_block_invoke
0x10014bbc8	96	objc	TAGPValue_TypeEnumDescriptor	+[TAGPValue_TypeEnumDescriptor enumDescriptor]
0x10014bc28	16	block	TAGPValue_EscapingEnumDescriptor	+[TAGPValue_EscapingEnumDescriptor enumDescriptor]_block_invoke
0x10014bc38	96	objc	TAGPValue_EscapingEnumDescriptor	+[TAGPValue_EscapingEnumDescriptor enumDescriptor]
0x10014bc98	344	objc	TAGPServingRoot	+[TAGPServingRoot extensionRegistry]
0x10014bdf0	108	objc	TAGPServingRoot	+[TAGPServingRoot load]
0x10014be5c	16	block	TAGPResourceTypeEnumDescriptor	+[TAGPResourceTypeEnumDescriptor enumDescriptor]_block_invoke
0x10014be6c	96	objc	TAGPResourceTypeEnumDescriptor	+[TAGPResourceTypeEnumDescriptor enumDescriptor]
0x10014becc	16	block	TAGPResourceStateEnumDescriptor	+[TAGPResourceStateEnumDescriptor enumDescriptor]_block_invoke
0x10014bedc	96	objc	TAGPResourceStateEnumDescriptor	+[TAGPResourceStateEnumDescriptor enumDescriptor]
0x10014bf3c	180	objc	TAGPContainer	+[TAGPContainer descriptor]
0x10014bff0	180	objc	TAGPServingValue	+[TAGPServingValue descriptor]
0x10014c0a4	180	objc	TAGPProperty	+[TAGPProperty descriptor]
0x10014c158	180	objc	TAGPFunctionCall	+[TAGPFunctionCall descriptor]
0x10014c20c	180	objc	TAGPRule	+[TAGPRule descriptor]
0x10014c2c0	188	objc	TAGPCacheOption	+[TAGPCacheOption descriptor]
0x10014c37c	16	block	TAGPCacheOption_CacheLevelEnumDescriptor	+[TAGPCacheOption_CacheLevelEnumDescriptor enumDescriptor]_block_invoke
0x10014c38c	96	objc	TAGPCacheOption_CacheLevelEnumDescriptor	+[TAGPCacheOption_CacheLevelEnumDescriptor enumDescriptor]
0x10014c3ec	192	objc	TAGPResource	+[TAGPResource descriptor]
0x10014c4ac	180	objc	TAGPGaExperimentRandom	+[TAGPGaExperimentRandom descriptor]
0x10014c560	180	objc	TAGPGaExperimentSupplemental	+[TAGPGaExperimentSupplemental descriptor]
0x10014c614	180	objc	TAGPGaServerSideExperimentCombination	+[TAGPGaServerSideExperimentCombination descriptor]
0x10014c6c8	180	objc	TAGPGaServerSideExperimentSupplemental	+[TAGPGaServerSideExperimentSupplemental descriptor]
0x10014c77c	180	objc	TAGPSupplemental	+[TAGPSupplemental descriptor]
0x10014c830	180	objc	TAGPSupplementedResource	+[TAGPSupplementedResource descriptor]
0x10014c8e4	192	objc	TAGPResourcewithmetadataRoot	+[TAGPResourcewithmetadataRoot extensionRegistry]
0x10014c9a4	108	objc	TAGPResourcewithmetadataRoot	+[TAGPResourcewithmetadataRoot load]
0x10014ca10	180	objc	TAGPResourceWithMetadata	+[TAGPResourceWithMetadata descriptor]
0x10014cac4	164	objc	TAGFunctionCallTagHandlerAdapter	-[TAGFunctionCallTagHandlerAdapter initWithContainer:]
0x10014cb68	292	objc	TAGFunctionCallTagHandlerAdapter	-[TAGFunctionCallTagHandlerAdapter evaluate:parameters:]
0x10014cc8c	16	objc	TAGFunctionCallTagHandlerAdapter	-[TAGFunctionCallTagHandlerAdapter container]
0x10014cc9c	12	objc	TAGFunctionCallTagHandlerAdapter	-[TAGFunctionCallTagHandlerAdapter setContainer:]
0x10014cca8	20	objc	TAGFunctionCallTagHandlerAdapter	-[TAGFunctionCallTagHandlerAdapter .cxx_destruct]
0x10014ccbc	164	objc	TAGFunctionCallMacroHandlerAdapter	-[TAGFunctionCallMacroHandlerAdapter initWithContainer:]
0x10014cd60	268	objc	TAGFunctionCallMacroHandlerAdapter	-[TAGFunctionCallMacroHandlerAdapter evaluate:parameters:]
0x10014ce6c	16	objc	TAGFunctionCallMacroHandlerAdapter	-[TAGFunctionCallMacroHandlerAdapter container]
0x10014ce7c	12	objc	TAGFunctionCallMacroHandlerAdapter	-[TAGFunctionCallMacroHandlerAdapter setContainer:]
0x10014ce88	20	objc	TAGFunctionCallMacroHandlerAdapter	-[TAGFunctionCallMacroHandlerAdapter .cxx_destruct]
0x10014ce9c	220	objc	TAGDiskLoadCallback	-[TAGDiskLoadCallback initWithCallback:container:]
0x10014cf78	244	objc	TAGDiskLoadCallback	-[TAGDiskLoadCallback startLoad]
0x10014d06c	2232	objc	TAGDiskLoadCallback	-[TAGDiskLoadCallback onSuccess:]
0x10014d924	416	objc	TAGDiskLoadCallback	-[TAGDiskLoadCallback onFailure:]
0x10014dac4	40	objc	TAGDiskLoadCallback	-[TAGDiskLoadCallback failureToRefreshFailure:]
0x10014daec	124	objc	TAGDiskLoadCallback	-[TAGDiskLoadCallback close]
0x10014db68	16	objc	TAGDiskLoadCallback	-[TAGDiskLoadCallback callback]
0x10014db78	12	objc	TAGDiskLoadCallback	-[TAGDiskLoadCallback setCallback:]
0x10014db84	16	objc	TAGDiskLoadCallback	-[TAGDiskLoadCallback container]
0x10014db94	12	objc	TAGDiskLoadCallback	-[TAGDiskLoadCallback setContainer:]
0x10014dba0	64	objc	TAGDiskLoadCallback	-[TAGDiskLoadCallback .cxx_destruct]
0x10014dbe0	220	objc	TAGNetworkLoadCallback	-[TAGNetworkLoadCallback initWithCallback:container:]
0x10014dcbc	244	objc	TAGNetworkLoadCallback	-[TAGNetworkLoadCallback startLoad]
0x10014ddb0	2464	objc	TAGNetworkLoadCallback	-[TAGNetworkLoadCallback onSuccess:]
0x10014e750	368	objc	TAGNetworkLoadCallback	-[TAGNetworkLoadCallback onFailure:]
0x10014e8c0	44	objc	TAGNetworkLoadCallback	-[TAGNetworkLoadCallback failureToRefreshFailure:]
0x10014e8ec	124	objc	TAGNetworkLoadCallback	-[TAGNetworkLoadCallback close]
0x10014e968	16	objc	TAGNetworkLoadCallback	-[TAGNetworkLoadCallback callback]
0x10014e978	12	objc	TAGNetworkLoadCallback	-[TAGNetworkLoadCallback setCallback:]
0x10014e984	16	objc	TAGNetworkLoadCallback	-[TAGNetworkLoadCallback container]
0x10014e994	12	objc	TAGNetworkLoadCallback	-[TAGNetworkLoadCallback setContainer:]
0x10014e9a0	64	objc	TAGNetworkLoadCallback	-[TAGNetworkLoadCallback .cxx_destruct]
0x10014e9e0	544	objc	TAGContainer	-[TAGContainer initWithId:tagManager:resourceStorage:]
0x10014ec00	232	objc	TAGContainer	-[TAGContainer initWithId:tagManager:]
0x10014ece8	12	objc	TAGContainer	+[TAGContainer refreshPeriodOnSuccess]
0x10014ecf4	12	objc	TAGContainer	+[TAGContainer refreshPeriodOnFailure]
0x10014ed00	12	objc	TAGContainer	+[TAGContainer minimumRefreshPeriod]
0x10014ed0c	12	objc	TAGContainer	+[TAGContainer minimumRefreshPeriodInBurstMode]
0x10014ed18	8	objc	TAGContainer	+[TAGContainer maximumTokenCount]
0x10014ed20	796	objc	TAGContainer	-[TAGContainer booleanForKey:]
0x10014f03c	804	objc	TAGContainer	-[TAGContainer doubleForKey:]
0x10014f360	800	objc	TAGContainer	-[TAGContainer int64ForKey:]
0x10014f680	668	objc	TAGContainer	-[TAGContainer stringForKey:]
0x10014f91c	580	objc	TAGContainer	-[TAGContainer refresh]
0x10014fb60	736	objc	TAGContainer	-[TAGContainer close]
0x10014fe40	40	objc	TAGContainer	-[TAGContainer isDefault]
0x10014fe68	240	objc	TAGContainer	-[TAGContainer registerFunctionCallTagHandler:forTag:]
0x10014ff58	240	objc	TAGContainer	-[TAGContainer registerFunctionCallMacroHandler:forMacro:]
0x100150048	216	objc	TAGContainer	-[TAGContainer functionCallTagHandlerForTag:]
0x100150120	216	objc	TAGContainer	-[TAGContainer functionCallMacroHandlerForMacro:]
0x1001501f8	148	objc	TAGContainer	-[TAGContainer evaluateTags:]
0x10015028c	232	objc	TAGContainer	-[TAGContainer loadWithCallback:]
0x100150374	1280	objc	TAGContainer	-[TAGContainer loadWithCallback:resourceLoaderScheduler:]
0x100150874	320	objc	TAGContainer	-[TAGContainer loadAfterDelay:]
0x1001509b4	172	objc	TAGContainer	-[TAGContainer setCtfeUrlPathAndQuery:]
0x100150a60	548	objc	TAGContainer	-[TAGContainer saveResourceToDisk:]
0x100150c84	452	objc	TAGContainer	-[TAGContainer setupEvaluatorsWithResource:]
0x100150e48	148	objc	TAGContainer	-[TAGContainer setSupplementals:]
0x100150edc	504	objc	TAGContainer	-[TAGContainer setupEvaluatorsWithExpandedResource:]
0x1001510d4	128	objc	TAGContainer	-[TAGContainer currentTimeInMilliseconds]
0x100151154	664	objc	TAGContainer	-[TAGContainer createInitialContainer]
0x1001513ec	96	objc	TAGContainer	-[TAGContainer ctfeServerAddress]
0x10015144c	228	objc	TAGContainer	-[TAGContainer setCtfeServerAddress:]
0x100151530	108	objc	TAGContainer	-[TAGContainer isDefaultContainerRefreshMode]
0x10015159c	320	objc	TAGContainer	-[TAGContainer useAvailableTokenWithCurrentTime:]
0x1001516dc	16	objc	TAGContainer	-[TAGContainer containerId]
0x1001516ec	20	objc	TAGContainer	-[TAGContainer lastRefreshTime]
0x100151700	20	objc	TAGContainer	-[TAGContainer setLastRefreshTime:]
0x100151714	16	objc	TAGContainer	-[TAGContainer resourceStorage]
0x100151724	12	objc	TAGContainer	-[TAGContainer setResourceStorage:]
0x100151730	16	objc	TAGContainer	-[TAGContainer tagManager]
0x100151740	12	objc	TAGContainer	-[TAGContainer setTagManager:]
0x10015174c	16	objc	TAGContainer	-[TAGContainer ctfeUrlPathAndQuery]
0x10015175c	16	objc	TAGContainer	-[TAGContainer numTokens]
0x10015176c	16	objc	TAGContainer	-[TAGContainer setNumTokens:]
0x10015177c	16	objc	TAGContainer	-[TAGContainer lastLoadedSupplementedResource]
0x10015178c	12	objc	TAGContainer	-[TAGContainer setLastLoadedSupplementedResource:]
0x100151798	16	objc	TAGContainer	-[TAGContainer networkLoadCallback]
0x1001517a8	12	objc	TAGContainer	-[TAGContainer setNetworkLoadCallback:]
0x1001517b4	16	objc	TAGContainer	-[TAGContainer diskLoadCallback]
0x1001517c4	12	objc	TAGContainer	-[TAGContainer setDiskLoadCallback:]
0x1001517d0	16	objc	TAGContainer	-[TAGContainer networkLoadScheduler]
0x1001517e0	12	objc	TAGContainer	-[TAGContainer setNetworkLoadScheduler:]
0x1001517ec	16	objc	TAGContainer	-[TAGContainer runtime]
0x1001517fc	12	objc	TAGContainer	-[TAGContainer setRuntime:]
0x100151808	16	objc	TAGContainer	-[TAGContainer functionCallTagHandlers]
0x100151818	12	objc	TAGContainer	-[TAGContainer setFunctionCallTagHandlers:]
0x100151824	16	objc	TAGContainer	-[TAGContainer functionCallMacroHandlers]
0x100151834	12	objc	TAGContainer	-[TAGContainer setFunctionCallMacroHandlers:]
0x100151840	20	objc	TAGContainer	-[TAGContainer diskLoadFinished]
0x100151854	16	objc	TAGContainer	-[TAGContainer setDiskLoadFinished:]
0x100151864	16	objc	TAGContainer	-[TAGContainer resourceVersion]
0x100151874	12	objc	TAGContainer	-[TAGContainer setResourceVersion:]
0x100151880	16	objc	TAGContainer	-[TAGContainer resourceFormatVersion]
0x100151890	16	objc	TAGContainer	-[TAGContainer setResourceFormatVersion:]
0x1001518a0	20	objc	TAGContainer	-[TAGContainer lastRefreshMethodCalledTime]
0x1001518b4	20	objc	TAGContainer	-[TAGContainer setLastRefreshMethodCalledTime:]
0x1001518c8	284	objc	TAGContainer	-[TAGContainer .cxx_destruct]
0x1001519e4	164	objc	TAGWaitForNonDefaultRefresh	-[TAGWaitForNonDefaultRefresh initWithContainerOpener:]
0x100151a88	4	objc	TAGWaitForNonDefaultRefresh	-[TAGWaitForNonDefaultRefresh containerRefreshBegin:refreshType:]
0x100151a8c	148	objc	TAGWaitForNonDefaultRefresh	-[TAGWaitForNonDefaultRefresh containerRefreshSuccess:refreshType:]
0x100151b20	160	objc	TAGWaitForNonDefaultRefresh	-[TAGWaitForNonDefaultRefresh containerRefreshFailure:failure:refreshType:]
0x100151bc0	16	objc	TAGWaitForNonDefaultRefresh	-[TAGWaitForNonDefaultRefresh containerOpener]
0x100151bd0	12	objc	TAGWaitForNonDefaultRefresh	-[TAGWaitForNonDefaultRefresh setContainerOpener:]
0x100151bdc	20	objc	TAGWaitForNonDefaultRefresh	-[TAGWaitForNonDefaultRefresh .cxx_destruct]
0x100151bf0	188	objc	TAGWaitForFresh	-[TAGWaitForFresh initWithContainerOpener:oldestTimeToBeFresh:]
0x100151cac	4	objc	TAGWaitForFresh	-[TAGWaitForFresh containerRefreshBegin:refreshType:]
0x100151cb0	184	objc	TAGWaitForFresh	-[TAGWaitForFresh containerRefreshSuccess:refreshType:]
0x100151d68	160	objc	TAGWaitForFresh	-[TAGWaitForFresh containerRefreshFailure:failure:refreshType:]
0x100151e08	204	objc	TAGWaitForFresh	-[TAGWaitForFresh isFresh]
0x100151ed4	20	objc	TAGWaitForFresh	-[TAGWaitForFresh oldestTimeToBeFresh]
0x100151ee8	20	objc	TAGWaitForFresh	-[TAGWaitForFresh setOldestTimeToBeFresh:]
0x100151efc	16	objc	TAGWaitForFresh	-[TAGWaitForFresh containerOpener]
0x100151f0c	12	objc	TAGWaitForFresh	-[TAGWaitForFresh setContainerOpener:]
0x100151f18	20	objc	TAGWaitForFresh	-[TAGWaitForFresh .cxx_destruct]
0x100151f2c	320	objc	TAGContainerFutureImpl	-[TAGContainerFutureImpl get]
0x10015206c	64	objc	TAGContainerFutureImpl	-[TAGContainerFutureImpl isDone]
0x1001520ac	16	objc	TAGContainerFutureImpl	-[TAGContainerFutureImpl container]
0x1001520bc	12	objc	TAGContainerFutureImpl	-[TAGContainerFutureImpl setContainer:]
0x1001520c8	20	objc	TAGContainerFutureImpl	-[TAGContainerFutureImpl .cxx_destruct]
0x1001520dc	148	objc	TAGFutureNotifier	-[TAGFutureNotifier containerAvailable:]
0x100152170	16	objc	TAGFutureNotifier	-[TAGFutureNotifier future]
0x100152180	12	objc	TAGFutureNotifier	-[TAGFutureNotifier setFuture:]
0x10015218c	20	objc	TAGFutureNotifier	-[TAGFutureNotifier .cxx_destruct]
0x1001521a0	496	objc	TAGContainerOpener	-[TAGContainerOpener initWithContainerId:tagManager:timeout:notifier:]
0x100152390	100	objc	TAGContainerOpener	+[TAGContainerOpener initialize]
0x1001523f4	8	objc	TAGContainerOpener	+[TAGContainerOpener defaultTimeout]
0x1001523fc	404	objc	TAGContainerOpener	+[TAGContainerOpener openContainerWithId:tagManager:openType:timeout:]
0x100152590	380	objc	TAGContainerOpener	+[TAGContainerOpener openContainerWithId:tagManager:openType:timeout:notifier:]
0x10015270c	1716	objc	TAGContainerOpener	-[TAGContainerOpener openWithRefreshType:]
0x100152dc0	736	objc	TAGContainerOpener	-[TAGContainerOpener callNotifiers:]
0x1001530a0	116	objc	TAGContainerOpener	-[TAGContainerOpener handleTimer:]
0x100153114	16	objc	TAGContainerOpener	-[TAGContainerOpener tagManager]
0x100153124	56	objc	TAGContainerOpener	-[TAGContainerOpener setTagManager:]
0x10015315c	16	objc	TAGContainerOpener	-[TAGContainerOpener containerId]
0x10015316c	12	objc	TAGContainerOpener	-[TAGContainerOpener setContainerId:]
0x100153178	16	objc	TAGContainerOpener	-[TAGContainerOpener timeout]
0x100153188	16	objc	TAGContainerOpener	-[TAGContainerOpener setTimeout:]
0x100153198	20	objc	TAGContainerOpener	-[TAGContainerOpener haveNotified]
0x1001531ac	16	objc	TAGContainerOpener	-[TAGContainerOpener setHaveNotified:]
0x1001531bc	16	objc	TAGContainerOpener	-[TAGContainerOpener notifier]
0x1001531cc	20	objc	TAGContainerOpener	-[TAGContainerOpener setNotifier:]
0x1001531e0	16	objc	TAGContainerOpener	-[TAGContainerOpener container]
0x1001531f0	12	objc	TAGContainerOpener	-[TAGContainerOpener setContainer:]
0x1001531fc	104	objc	TAGContainerOpener	-[TAGContainerOpener .cxx_destruct]
0x100153264	164	objc	TAGManagerListener	-[TAGManagerListener initWithTagManager:]
0x100153308	252	objc	TAGManagerListener	-[TAGManagerListener changed:]
0x100153404	16	objc	TAGManagerListener	-[TAGManagerListener tagManager]
0x100153414	56	objc	TAGManagerListener	-[TAGManagerListener setTagManager:]
0x10015344c	20	objc	TAGManagerListener	-[TAGManagerListener .cxx_destruct]
0x100153460	36	objc	TAGManager	-[TAGManager init]
0x100153484	668	objc	TAGManager	-[TAGManager initWithSameInstance:]
0x100153720	700	objc	TAGManager	-[TAGManager openContainerById:callback:]
0x1001539dc	216	objc	TAGManager	-[TAGManager getContainerById:]
0x100153ab4	1472	objc	TAGManager	-[TAGManager previewWithUrl:]
0x100154074	40	objc	TAGManager	-[TAGManager setLogger:]
0x10015409c	24	objc	TAGManager	-[TAGManager logger]
0x1001540b4	196	objc	TAGManager	-[TAGManager removeContainerById:]
0x100154178	48	objc	TAGManager	+[TAGManager instance]
0x1001541a8	92	objc	TAGManager	+[TAGManager clearManagerInstance]
0x100154204	124	objc	TAGManager	-[TAGManager containerById:]
0x100154280	96	objc	TAGManager	-[TAGManager ctfeServerAddress]
0x1001542e0	100	objc	TAGManager	-[TAGManager setCtfeServerAddress:]
0x100154344	436	objc	TAGManager	-[TAGManager refreshTagsInAllContainers:]
0x1001544f8	160	objc	TAGManager	-[TAGManager dispatch]
0x100154598	280	objc	TAGManager	-[TAGManager dispatchWithCompletionHandler:]
0x1001546b0	180	block	TAGManager	-[TAGManager dispatchWithCompletionHandler:]_block_invoke
0x100154764	16	sub	TAGManager	sub_100154764
0x100154774	8	sub	TAGManager	sub_100154774
0x10015477c	16	objc	TAGManager	-[TAGManager refreshMode]
0x10015478c	16	objc	TAGManager	-[TAGManager setRefreshMode:]
0x10015479c	16	objc	TAGManager	-[TAGManager dataLayer]
0x1001547ac	16	objc	TAGManager	-[TAGManager containers]
0x1001547bc	12	objc	TAGManager	-[TAGManager setContainers:]
0x1001547c8	84	objc	TAGManager	-[TAGManager .cxx_destruct]
0x10015481c	240	objc	TAGPreviewManager	-[TAGPreviewManager init]
0x10015490c	1176	objc	TAGPreviewManager	-[TAGPreviewManager generatePreviewDataForUrl:]
0x100154da4	196	objc	TAGPreviewManager	-[TAGPreviewManager isPreviewingContainer:]
0x100154e68	92	objc	TAGPreviewManager	-[TAGPreviewManager clear]
0x100154ec4	256	objc	TAGPreviewManager	-[TAGPreviewManager containerIdForQuery:]
0x100154fc4	48	objc	TAGPreviewManager	+[TAGPreviewManager instance]
0x100154ff4	16	objc	TAGPreviewManager	-[TAGPreviewManager previewMode]
0x100155004	16	objc	TAGPreviewManager	-[TAGPreviewManager setPreviewMode:]
0x100155014	16	objc	TAGPreviewManager	-[TAGPreviewManager ctfeUrlPath]
0x100155024	12	objc	TAGPreviewManager	-[TAGPreviewManager setCtfeUrlPath:]
0x100155030	16	objc	TAGPreviewManager	-[TAGPreviewManager containerId]
0x100155040	12	objc	TAGPreviewManager	-[TAGPreviewManager setContainerId:]
0x10015504c	64	objc	TAGPreviewManager	-[TAGPreviewManager .cxx_destruct]
0x10015508c	96	objc	TAGResourceLoader	+[TAGResourceLoader sdkVersion]
0x1001550ec	324	objc	TAGResourceLoader	-[TAGResourceLoader initWithContainerId:]
0x100155230	200	objc	TAGResourceLoader	-[TAGResourceLoader connection:didReceiveResponse:]
0x1001552f8	148	objc	TAGResourceLoader	-[TAGResourceLoader connection:didReceiveData:]
0x10015538c	424	objc	TAGResourceLoader	-[TAGResourceLoader connection:didFailWithError:]
0x100155534	1800	objc	TAGResourceLoader	-[TAGResourceLoader connectionDidFinishLoading:]
0x100155c3c	488	objc	TAGResourceLoader	-[TAGResourceLoader loadResourceAsync]
0x100155e24	720	objc	TAGResourceLoader	-[TAGResourceLoader ctfeUrl]
0x1001560f4	156	objc	TAGResourceLoader	-[TAGResourceLoader setCtfeUrlPathAndQuery:]
0x100156190	16	objc	TAGResourceLoader	-[TAGResourceLoader callback]
0x1001561a0	20	objc	TAGResourceLoader	-[TAGResourceLoader setCallback:]
0x1001561b4	16	objc	TAGResourceLoader	-[TAGResourceLoader ctfeServerAddress]
0x1001561c4	12	objc	TAGResourceLoader	-[TAGResourceLoader setCtfeServerAddress:]
0x1001561d0	16	objc	TAGResourceLoader	-[TAGResourceLoader ctfeUrlPathAndQuery]
0x1001561e0	16	objc	TAGResourceLoader	-[TAGResourceLoader previousVersion]
0x1001561f0	12	objc	TAGResourceLoader	-[TAGResourceLoader setPreviousVersion:]
0x1001561fc	16	objc	TAGResourceLoader	-[TAGResourceLoader connection]
0x10015620c	56	objc	TAGResourceLoader	-[TAGResourceLoader setConnection:]
0x100156244	16	objc	TAGResourceLoader	-[TAGResourceLoader responseData]
0x100156254	56	objc	TAGResourceLoader	-[TAGResourceLoader setResponseData:]
0x10015628c	16	objc	TAGResourceLoader	-[TAGResourceLoader statusCode]
0x10015629c	16	objc	TAGResourceLoader	-[TAGResourceLoader setStatusCode:]
0x1001562ac	16	objc	TAGResourceLoader	-[TAGResourceLoader containerId]
0x1001562bc	12	objc	TAGResourceLoader	-[TAGResourceLoader setContainerId:]
0x1001562c8	16	objc	TAGResourceLoader	-[TAGResourceLoader defaultCtfeUrlPathAndQuery]
0x1001562d8	12	objc	TAGResourceLoader	-[TAGResourceLoader setDefaultCtfeUrlPathAndQuery:]
0x1001562e4	184	objc	TAGResourceLoader	-[TAGResourceLoader .cxx_destruct]
0x10015639c	164	objc	TAGResourceLoaderScheduler	-[TAGResourceLoaderScheduler initWithContainerId:]
0x100156440	116	objc	TAGResourceLoaderScheduler	-[TAGResourceLoaderScheduler close]
0x1001564b4	376	objc	TAGResourceLoaderScheduler	-[TAGResourceLoaderScheduler loadAfterDelay:withPreviousVersion:]
0x10015662c	980	objc	TAGResourceLoaderScheduler	-[TAGResourceLoaderScheduler requestResource:]
0x100156a00	148	objc	TAGResourceLoaderScheduler	-[TAGResourceLoaderScheduler scheduleTimerWithDelay:]
0x100156a94	92	objc	TAGResourceLoaderScheduler	-[TAGResourceLoaderScheduler cancelTimer]
0x100156af0	16	objc	TAGResourceLoaderScheduler	-[TAGResourceLoaderScheduler containerId]
0x100156b00	16	objc	TAGResourceLoaderScheduler	-[TAGResourceLoaderScheduler loadCallback]
0x100156b10	12	objc	TAGResourceLoaderScheduler	-[TAGResourceLoaderScheduler setLoadCallback:]
0x100156b1c	16	objc	TAGResourceLoaderScheduler	-[TAGResourceLoaderScheduler ctfeServerAddress]
0x100156b2c	12	objc	TAGResourceLoaderScheduler	-[TAGResourceLoaderScheduler setCtfeServerAddress:]
0x100156b38	16	objc	TAGResourceLoaderScheduler	-[TAGResourceLoaderScheduler ctfeUrlPathAndQuery]
0x100156b48	12	objc	TAGResourceLoaderScheduler	-[TAGResourceLoaderScheduler setCtfeUrlPathAndQuery:]
0x100156b54	16	objc	TAGResourceLoaderScheduler	-[TAGResourceLoaderScheduler previousVersion]
0x100156b64	12	objc	TAGResourceLoaderScheduler	-[TAGResourceLoaderScheduler setPreviousVersion:]
0x100156b70	16	objc	TAGResourceLoaderScheduler	-[TAGResourceLoaderScheduler timer]
0x100156b80	12	objc	TAGResourceLoaderScheduler	-[TAGResourceLoaderScheduler setTimer:]
0x100156b8c	144	objc	TAGResourceLoaderScheduler	-[TAGResourceLoaderScheduler .cxx_destruct]
0x100156c1c	164	objc	TAGResourceStorageImpl	-[TAGResourceStorageImpl initWithContainerId:]
0x100156cc0	220	objc	TAGResourceStorageImpl	-[TAGResourceStorageImpl loadResourceFromDiskInBackground]
0x100156d9c	20	block	TAGResourceStorageImpl	-[TAGResourceStorageImpl loadResourceFromDiskInBackground]_block_invoke
0x100156db0	8	sub	TAGResourceStorageImpl	sub_100156db0
0x100156db8	8	sub	TAGResourceStorageImpl	sub_100156db8
0x100156dc0	312	block	TAGResourceStorageImpl	-[TAGResourceStorageImpl loadResourceFromDiskInBackground]_block_invoke_2
0x100156ef8	8	sub	TAGResourceStorageImpl	sub_100156ef8
0x100156f00	8	sub	TAGResourceStorageImpl	sub_100156f00
0x100156f08	1100	objc	TAGResourceStorageImpl	-[TAGResourceStorageImpl loadResourceFromDisk]
0x100157354	36	objc	TAGResourceStorageImpl	-[TAGResourceStorageImpl saveResourceToDiskInBackground:]
0x100157378	272	objc	TAGResourceStorageImpl	-[TAGResourceStorageImpl saveResourceToDiskInBackground:resultBlock:]
0x100157488	64	block	TAGResourceStorageImpl	-[TAGResourceStorageImpl saveResourceToDiskInBackground:resultBlock:]_block_invoke
0x1001574c8	40	sub	TAGResourceStorageImpl	sub_1001574c8
0x1001574f0	40	sub	TAGResourceStorageImpl	sub_1001574f0
0x100157518	980	objc	TAGResourceStorageImpl	-[TAGResourceStorageImpl loadResourceFromContainerFile:]
0x1001578ec	876	objc	TAGResourceStorageImpl	-[TAGResourceStorageImpl loadExpandedResourceFromJsonFile:]
0x100157c58	724	objc	TAGResourceStorageImpl	-[TAGResourceStorageImpl loadExpandedResourceFromPlistFile:]
0x100157f2c	528	objc	TAGResourceStorageImpl	-[TAGResourceStorageImpl saveResourceToDisk:]
0x10015813c	252	objc	TAGResourceStorageImpl	-[TAGResourceStorageImpl resourceFilename]
0x100158238	764	objc	TAGResourceStorageImpl	-[TAGResourceStorageImpl dataPath]
0x100158534	24	objc	TAGResourceStorageImpl	-[TAGResourceStorageImpl mainBundle]
0x10015854c	16	objc	TAGResourceStorageImpl	-[TAGResourceStorageImpl loadCallback]
0x10015855c	20	objc	TAGResourceStorageImpl	-[TAGResourceStorageImpl setLoadCallback:]
0x100158570	16	objc	TAGResourceStorageImpl	-[TAGResourceStorageImpl containerId]
0x100158580	56	objc	TAGResourceStorageImpl	-[TAGResourceStorageImpl setContainerId:]
0x1001585b8	64	objc	TAGResourceStorageImpl	-[TAGResourceStorageImpl .cxx_destruct]
0x1001585f8	156	objc	TAGTypeOrFailure	-[TAGTypeOrFailure initWithType:]
0x100158694	88	objc	TAGTypeOrFailure	-[TAGTypeOrFailure initWithFailure:]
0x1001586ec	16	objc	TAGTypeOrFailure	-[TAGTypeOrFailure type]
0x1001586fc	16	objc	TAGTypeOrFailure	-[TAGTypeOrFailure failure]
0x10015870c	20	objc	TAGTypeOrFailure	-[TAGTypeOrFailure .cxx_destruct]
0x100158720	632	objc	TAGAdwordsClickReferrerListener	-[TAGAdwordsClickReferrerListener changed:]
0x100158998	232	objc	TAGAsyncUtil	+[TAGAsyncUtil invokeAsync:resultBlock:]
0x100158a80	460	block	TAGAsyncUtil	+[TAGAsyncUtil invokeAsync:resultBlock:]_block_invoke
0x100158c4c	60	block	TAGAsyncUtil	+[TAGAsyncUtil invokeAsync:resultBlock:]_block_invoke_block_invoke
0x100158c88	60	sub	TAGAsyncUtil	sub_100158c88
0x100158cc4	48	sub	TAGAsyncUtil	sub_100158cc4
0x100158cf4	60	sub	TAGAsyncUtil	sub_100158cf4
0x100158d30	40	sub	TAGAsyncUtil	sub_100158d30
0x100158d58	436	objc	TAGBase16	+[TAGBase16 encode:]
0x100158f0c	412	objc	TAGBase16	+[TAGBase16 decode:]
0x1001590a8	164	objc	TAGBase16	+[TAGBase16 byteFromChar:]
0x10015914c	196	objc	TAGBase64Encoder	+[TAGBase64Encoder encode:noPadding:]
0x100159210	196	objc	TAGBase64Encoder	+[TAGBase64Encoder encodeWebSafe:noPadding:]
0x1001592d4	196	objc	TAGBase64Encoder	+[TAGBase64Encoder decode:noPadding:]
0x100159398	196	objc	TAGBase64Encoder	+[TAGBase64Encoder decodeWebSafe:noPadding:]
0x10015945c	144	objc	TAGBoolean	+[TAGBoolean initialize]
0x1001594ec	88	objc	TAGBoolean	-[TAGBoolean initWithBool:]
0x100159544	72	objc	TAGBoolean	+[TAGBoolean booleanWithBool:]
0x10015958c	216	objc	TAGBoolean	+[TAGBoolean booleanWithString:]
0x100159664	16	objc	TAGBoolean	+[TAGBoolean yes]
0x100159674	16	objc	TAGBoolean	+[TAGBoolean no]
0x100159684	96	objc	TAGBoolean	-[TAGBoolean copyWithZone:]
0x1001596e4	56	objc	TAGBoolean	-[TAGBoolean description]
0x10015971c	188	objc	TAGBoolean	-[TAGBoolean isEqual:]
0x1001597d8	48	objc	TAGBoolean	-[TAGBoolean hash]
0x100159808	148	objc	TAGBoolean	-[TAGBoolean initWithCoder:]
0x10015989c	116	objc	TAGBoolean	-[TAGBoolean encodeWithCoder:]
0x100159910	16	objc	TAGBoolean	-[TAGBoolean boolValue]
0x100159920	16	objc	TAGBoolean	-[TAGBoolean setBoolValue:]
0x100159930	24	objc	TAGClickReferrerUtil	+[TAGClickReferrerUtil initialize]
0x100159948	356	objc	TAGClickReferrerUtil	+[TAGClickReferrerUtil addClickReferrer:]
0x100159aac	260	objc	TAGClickReferrerUtil	+[TAGClickReferrerUtil extractComponent:fromReferrer:]
0x100159bb0	984	objc	TAGClickReferrerUtil	+[TAGClickReferrerUtil parseComponentsFromQueryParameters:]
0x100159f88	380	objc	TAGClickReferrerUtil	+[TAGClickReferrerUtil clickReferrerForConversionId:component:]
0x10015a104	16	objc	TAGClickReferrerUtil	+[TAGClickReferrerUtil clearCache]
0x10015a114	44	objc	TAGCustomFunctionCall	+[TAGCustomFunctionCall functionId]
0x10015a140	44	objc	TAGCustomFunctionCall	+[TAGCustomFunctionCall functionCallNameKey]
0x10015a16c	44	objc	TAGCustomFunctionCall	+[TAGCustomFunctionCall additionalParametersKey]
0x10015a198	240	objc	TAGCustomFunctionCall	-[TAGCustomFunctionCall initWithEvaluator:]
0x10015a288	8	objc	TAGCustomFunctionCall	-[TAGCustomFunctionCall isCacheable]
0x10015a290	1464	objc	TAGCustomFunctionCall	-[TAGCustomFunctionCall evaluate:]
0x10015a848	16	objc	TAGCustomFunctionCall	-[TAGCustomFunctionCall functionCallEvaluator]
0x10015a858	20	objc	TAGCustomFunctionCall	-[TAGCustomFunctionCall setFunctionCallEvaluator:]
0x10015a86c	20	objc	TAGCustomFunctionCall	-[TAGCustomFunctionCall .cxx_destruct]
0x10015a880	4	objc	TAGNoopDataLayerPersistentStore	-[TAGNoopDataLayerPersistentStore saveKeyValues:lifetimeInMillis:]
0x10015a884	132	objc	TAGNoopDataLayerPersistentStore	-[TAGNoopDataLayerPersistentStore loadSaved:]
0x10015a908	4	objc	TAGNoopDataLayerPersistentStore	-[TAGNoopDataLayerPersistentStore clearKeysWithPrefix:]
0x10015a90c	164	objc	TAGDataLayerCallback	-[TAGDataLayerCallback initWithDataLayer:]
0x10015a9b0	148	objc	TAGDataLayerCallback	-[TAGDataLayerCallback onKeyValuesLoaded:]
0x10015aa44	16	objc	TAGDataLayerCallback	-[TAGDataLayerCallback dataLayer]
0x10015aa54	20	objc	TAGDataLayerCallback	-[TAGDataLayerCallback .cxx_destruct]
0x10015aa68	72	objc	TAGDataLayer	+[TAGDataLayer initialize]
0x10015aab0	704	objc	TAGDataLayer	-[TAGDataLayer initWithPersistentStore:]
0x10015ad70	152	objc	TAGDataLayer	-[TAGDataLayer init]
0x10015ae08	184	objc	TAGDataLayer	-[TAGDataLayer loadSavedMaps]
0x10015aec0	820	objc	TAGDataLayer	-[TAGDataLayer onKeyValuesLoaded:]
0x10015b1f4	156	objc	TAGDataLayer	-[TAGDataLayer pushValue:forKey:]
0x10015b290	940	objc	TAGDataLayer	-[TAGDataLayer get:]
0x10015b63c	360	objc	TAGDataLayer	-[TAGDataLayer push:]
0x10015b7a4	496	objc	TAGDataLayer	-[TAGDataLayer pushWithoutWaitingForSaved:]
0x10015b994	528	objc	TAGDataLayer	-[TAGDataLayer processQueuedUpdates]
0x10015bba4	308	objc	TAGDataLayer	-[TAGDataLayer savePersistentlyIfNeeded:]
0x10015bcd8	324	objc	TAGDataLayer	-[TAGDataLayer clearPersistentKeysWithPrefix:]
0x10015be1c	176	objc	TAGDataLayer	-[TAGDataLayer flattenMap:]
0x10015becc	920	objc	TAGDataLayer	-[TAGDataLayer flattenMapHelper:keyPrefix:accum:]
0x10015c264	208	objc	TAGDataLayer	-[TAGDataLayer getLifetimeValue:]
0x10015c334	616	objc	TAGDataLayer	-[TAGDataLayer getLifetimeObject:]
0x10015c59c	1124	objc	TAGDataLayer	-[TAGDataLayer parseLifetime:]
0x10015ca00	720	objc	TAGDataLayer	-[TAGDataLayer processUpdate:]
0x10015ccd0	220	objc	TAGDataLayer	-[TAGDataLayer registerListener:]
0x10015cdac	220	objc	TAGDataLayer	-[TAGDataLayer unregisterListener:]
0x10015ce88	544	objc	TAGDataLayer	-[TAGDataLayer notifyListeners:]
0x10015d0a8	1184	objc	TAGDataLayer	-[TAGDataLayer mergeMap:intoMap:]
0x10015d548	1068	objc	TAGDataLayer	-[TAGDataLayer mergeList:intoList:]
0x10015d974	668	objc	TAGDataLayer	-[TAGDataLayer expandKey:value:]
0x10015dc10	16	objc	TAGDataLayer	-[TAGDataLayer dataLayer]
0x10015dc20	16	objc	TAGDataLayer	-[TAGDataLayer listeners]
0x10015dc30	12	objc	TAGDataLayer	-[TAGDataLayer setListeners:]
0x10015dc3c	16	objc	TAGDataLayer	-[TAGDataLayer model]
0x10015dc4c	12	objc	TAGDataLayer	-[TAGDataLayer setModel:]
0x10015dc58	16	objc	TAGDataLayer	-[TAGDataLayer pushLock]
0x10015dc68	12	objc	TAGDataLayer	-[TAGDataLayer setPushLock:]
0x10015dc74	16	objc	TAGDataLayer	-[TAGDataLayer updateQueue]
0x10015dc84	12	objc	TAGDataLayer	-[TAGDataLayer setUpdateQueue:]
0x10015dc90	16	objc	TAGDataLayer	-[TAGDataLayer pushDepth]
0x10015dca0	16	objc	TAGDataLayer	-[TAGDataLayer setPushDepth:]
0x10015dcb0	16	objc	TAGDataLayer	-[TAGDataLayer persistentStore]
0x10015dcc0	16	objc	TAGDataLayer	-[TAGDataLayer persistentStoreLoadingCondition]
0x10015dcd0	20	objc	TAGDataLayer	-[TAGDataLayer persistentStoreLoaded]
0x10015dce4	16	objc	TAGDataLayer	-[TAGDataLayer setPersistentStoreLoaded:]
0x10015dcf4	16	objc	TAGDataLayer	-[TAGDataLayer lifetimeKeyComponents]
0x10015dd04	16	objc	TAGDataLayer	-[TAGDataLayer lifetimePattern]
0x10015dd14	204	objc	TAGDataLayer	-[TAGDataLayer .cxx_destruct]
0x10015dde0	488	objc	TAGKeyValue	-[TAGKeyValue isEqual:]
0x10015dfc8	204	objc	TAGKeyValue	-[TAGKeyValue hash]
0x10015e094	216	objc	TAGKeyValue	-[TAGKeyValue copyWithZone:]
0x10015e16c	228	objc	TAGKeyValue	-[TAGKeyValue initWithKey:value:]
0x10015e250	212	objc	TAGKeyValue	-[TAGKeyValue description]
0x10015e324	16	objc	TAGKeyValue	-[TAGKeyValue key]
0x10015e334	16	objc	TAGKeyValue	-[TAGKeyValue value]
0x10015e344	64	objc	TAGKeyValue	-[TAGKeyValue .cxx_destruct]
0x10015e384	228	objc	TAGKeyAndSerialized	-[TAGKeyAndSerialized initWithKey:serialized:]
0x10015e468	228	objc	TAGKeyAndSerialized	-[TAGKeyAndSerialized description]
0x10015e54c	16	objc	TAGKeyAndSerialized	-[TAGKeyAndSerialized key]
0x10015e55c	16	objc	TAGKeyAndSerialized	-[TAGKeyAndSerialized serialized]
0x10015e56c	64	objc	TAGKeyAndSerialized	-[TAGKeyAndSerialized .cxx_destruct]
0x10015e5ac	164	objc	TAGDataLayerPersistentStoreImpl	-[TAGDataLayerPersistentStoreImpl init]
0x10015e650	296	objc	TAGDataLayerPersistentStoreImpl	-[TAGDataLayerPersistentStoreImpl initWithDatabaseName:maxNumStoredItems:operationQueue:]
0x10015e778	148	objc	TAGDataLayerPersistentStoreImpl	-[TAGDataLayerPersistentStoreImpl dealloc]
0x10015e80c	348	objc	TAGDataLayerPersistentStoreImpl	-[TAGDataLayerPersistentStoreImpl saveKeyValues:lifetimeInMillis:]
0x10015e968	28	block	TAGDataLayerPersistentStoreImpl	-[TAGDataLayerPersistentStoreImpl saveKeyValues:lifetimeInMillis:]_block_invoke
0x10015e984	40	sub	TAGDataLayerPersistentStoreImpl	sub_10015e984
0x10015e9ac	40	sub	TAGDataLayerPersistentStoreImpl	sub_10015e9ac
0x10015e9d4	276	objc	TAGDataLayerPersistentStoreImpl	-[TAGDataLayerPersistentStoreImpl loadSaved:]
0x10015eae8	104	block	TAGDataLayerPersistentStoreImpl	-[TAGDataLayerPersistentStoreImpl loadSaved:]_block_invoke
0x10015eb50	40	sub	TAGDataLayerPersistentStoreImpl	sub_10015eb50
0x10015eb78	40	sub	TAGDataLayerPersistentStoreImpl	sub_10015eb78
0x10015eba0	276	objc	TAGDataLayerPersistentStoreImpl	-[TAGDataLayerPersistentStoreImpl clearKeysWithPrefix:]
0x10015ecb4	24	block	TAGDataLayerPersistentStoreImpl	-[TAGDataLayerPersistentStoreImpl clearKeysWithPrefix:]_block_invoke
0x10015eccc	40	sub	TAGDataLayerPersistentStoreImpl	sub_10015eccc
0x10015ecf4	40	sub	TAGDataLayerPersistentStoreImpl	sub_10015ecf4
0x10015ed1c	288	objc	TAGDataLayerPersistentStoreImpl	-[TAGDataLayerPersistentStoreImpl loadSingleThreaded]
0x10015ee3c	260	objc	TAGDataLayerPersistentStoreImpl	-[TAGDataLayerPersistentStoreImpl saveSingleThreaded:lifetimeInMillis:]
0x10015ef40	580	objc	TAGDataLayerPersistentStoreImpl	-[TAGDataLayerPersistentStoreImpl clearKeysWithPrefixSingleThreaded:]
0x10015f184	724	objc	TAGDataLayerPersistentStoreImpl	-[TAGDataLayerPersistentStoreImpl unserializeValues:]
0x10015f458	724	objc	TAGDataLayerPersistentStoreImpl	-[TAGDataLayerPersistentStoreImpl serializeValues:]
0x10015f72c	48	objc	TAGDataLayerPersistentStoreImpl	-[TAGDataLayerPersistentStoreImpl unserialize:]
0x10015f75c	48	objc	TAGDataLayerPersistentStoreImpl	-[TAGDataLayerPersistentStoreImpl serialize:]
0x10015f78c	512	objc	TAGDataLayerPersistentStoreImpl	-[TAGDataLayerPersistentStoreImpl loadSerialized]
0x10015f98c	908	objc	TAGDataLayerPersistentStoreImpl	-[TAGDataLayerPersistentStoreImpl writeEntriesToDatabase:expireTime:]
0x10015fd18	328	objc	TAGDataLayerPersistentStoreImpl	-[TAGDataLayerPersistentStoreImpl makeRoomForEntries:]
0x10015fe60	784	objc	TAGDataLayerPersistentStoreImpl	-[TAGDataLayerPersistentStoreImpl deleteEntries:]
0x100160170	376	objc	TAGDataLayerPersistentStoreImpl	-[TAGDataLayerPersistentStoreImpl peekEntryIds:]
0x1001602e8	264	objc	TAGDataLayerPersistentStoreImpl	-[TAGDataLayerPersistentStoreImpl numStoredEntries]
0x1001603f0	192	objc	TAGDataLayerPersistentStoreImpl	-[TAGDataLayerPersistentStoreImpl questionMarks:]
0x1001604b0	252	objc	TAGDataLayerPersistentStoreImpl	-[TAGDataLayerPersistentStoreImpl deleteEntriesOlderThan:]
0x1001605ac	404	objc	TAGDataLayerPersistentStoreImpl	-[TAGDataLayerPersistentStoreImpl tablePresent:]
0x100160740	364	objc	TAGDataLayerPersistentStoreImpl	-[TAGDataLayerPersistentStoreImpl prepareSql:description:]
0x1001608ac	1748	objc	TAGDataLayerPersistentStoreImpl	-[TAGDataLayerPersistentStoreImpl openDatabaseAndInitStatements]
0x100160f80	376	objc	TAGDataLayerPersistentStoreImpl	-[TAGDataLayerPersistentStoreImpl closeDatabase]
0x1001610f8	128	objc	TAGDataLayerPersistentStoreImpl	-[TAGDataLayerPersistentStoreImpl currentTimeInMilliseconds]
0x100161178	16	objc	TAGDataLayerPersistentStoreImpl	-[TAGDataLayerPersistentStoreImpl databaseName]
0x100161188	16	objc	TAGDataLayerPersistentStoreImpl	-[TAGDataLayerPersistentStoreImpl maxNumStoredItems]
0x100161198	16	objc	TAGDataLayerPersistentStoreImpl	-[TAGDataLayerPersistentStoreImpl setMaxNumStoredItems:]
0x1001611a8	16	objc	TAGDataLayerPersistentStoreImpl	-[TAGDataLayerPersistentStoreImpl operationQueue]
0x1001611b8	16	objc	TAGDataLayerPersistentStoreImpl	-[TAGDataLayerPersistentStoreImpl database]
0x1001611c8	16	objc	TAGDataLayerPersistentStoreImpl	-[TAGDataLayerPersistentStoreImpl setDatabase:]
0x1001611d8	16	objc	TAGDataLayerPersistentStoreImpl	-[TAGDataLayerPersistentStoreImpl insertAnEntryStmt]
0x1001611e8	16	objc	TAGDataLayerPersistentStoreImpl	-[TAGDataLayerPersistentStoreImpl setInsertAnEntryStmt:]
0x1001611f8	16	objc	TAGDataLayerPersistentStoreImpl	-[TAGDataLayerPersistentStoreImpl queryNumberEntriesStmt]
0x100161208	16	objc	TAGDataLayerPersistentStoreImpl	-[TAGDataLayerPersistentStoreImpl setQueryNumberEntriesStmt:]
0x100161218	16	objc	TAGDataLayerPersistentStoreImpl	-[TAGDataLayerPersistentStoreImpl queryAllEntriesStmt]
0x100161228	16	objc	TAGDataLayerPersistentStoreImpl	-[TAGDataLayerPersistentStoreImpl setQueryAllEntriesStmt:]
0x100161238	16	objc	TAGDataLayerPersistentStoreImpl	-[TAGDataLayerPersistentStoreImpl queryEntryIdsStmt]
0x100161248	16	objc	TAGDataLayerPersistentStoreImpl	-[TAGDataLayerPersistentStoreImpl setQueryEntryIdsStmt:]
0x100161258	16	objc	TAGDataLayerPersistentStoreImpl	-[TAGDataLayerPersistentStoreImpl deleteOlderThanStmt]
0x100161268	16	objc	TAGDataLayerPersistentStoreImpl	-[TAGDataLayerPersistentStoreImpl setDeleteOlderThanStmt:]
0x100161278	64	objc	TAGDataLayerPersistentStoreImpl	-[TAGDataLayerPersistentStoreImpl .cxx_destruct]
0x1001612b8	80	objc	TAGDefaultLogger	-[TAGDefaultLogger init]
0x100161308	124	objc	TAGDefaultLogger	-[TAGDefaultLogger error:]
0x100161384	124	objc	TAGDefaultLogger	-[TAGDefaultLogger warning:]
0x100161400	124	objc	TAGDefaultLogger	-[TAGDefaultLogger info:]
0x10016147c	124	objc	TAGDefaultLogger	-[TAGDefaultLogger debug:]
0x1001614f8	120	objc	TAGDefaultLogger	-[TAGDefaultLogger verbose:]
0x100161570	16	objc	TAGDefaultLogger	-[TAGDefaultLogger logLevel]
0x100161580	16	objc	TAGDefaultLogger	-[TAGDefaultLogger setLogLevel:]
0x100161590	392	objc	TAGExperimentMacroHelper	+[TAGExperimentMacroHelper handleExperimentSupplemental:supplemental:]
0x100161718	460	objc	TAGExperimentMacroHelper	+[TAGExperimentMacroHelper clearKeys:expSupplemental:]
0x1001618e4	464	objc	TAGExperimentMacroHelper	+[TAGExperimentMacroHelper pushValues:expSupplemental:]
0x100161ab4	1720	objc	TAGExperimentMacroHelper	+[TAGExperimentMacroHelper setRandomValues:expSupplemental:]
0x10016216c	292	objc	TAGExperimentMacroHelper	+[TAGExperimentMacroHelper valueToMap:]
0x100162290	44	objc	TAGFunctionCallImplementation	+[TAGFunctionCallImplementation functionKey]
0x1001622bc	44	objc	TAGFunctionCallImplementation	+[TAGFunctionCallImplementation instanceNameKey]
0x1001622e8	44	objc	TAGFunctionCallImplementation	+[TAGFunctionCallImplementation notDefaultMacroKey]
0x100162314	84	objc	TAGFunctionCallImplementation	-[TAGFunctionCallImplementation init]
0x100162368	256	objc	TAGFunctionCallImplementation	-[TAGFunctionCallImplementation initWithFunctionId:requiredKeys:]
0x100162468	44	objc	TAGFunctionCallImplementation	-[TAGFunctionCallImplementation isCacheable]
0x100162494	44	objc	TAGFunctionCallImplementation	-[TAGFunctionCallImplementation evaluate:]
0x1001624c0	160	objc	TAGFunctionCallImplementation	-[TAGFunctionCallImplementation hasRequiredKeys:]
0x100162560	16	objc	TAGFunctionCallImplementation	-[TAGFunctionCallImplementation instanceFunctionId]
0x100162570	16	objc	TAGFunctionCallImplementation	-[TAGFunctionCallImplementation requiredKeys]
0x100162580	64	objc	TAGFunctionCallImplementation	-[TAGFunctionCallImplementation .cxx_destruct]
0x1001625c0	72	objc	TAGLog	+[TAGLog initialize]
0x100162608	40	objc	TAGLog	+[TAGLog error:]
0x100162630	40	objc	TAGLog	+[TAGLog warning:]
0x100162658	40	objc	TAGLog	+[TAGLog info:]
0x100162680	40	objc	TAGLog	+[TAGLog debug:]
0x1001626a8	40	objc	TAGLog	+[TAGLog verbose:]
0x1001626d0	16	objc	TAGLog	+[TAGLog setLogger:]
0x1001626e0	12	objc	TAGLog	+[TAGLog logger]
0x1001626ec	24	objc	TAGLog	+[TAGLog logLevel]
0x100162704	180	objc	TAGObjectAndStatic	-[TAGObjectAndStatic initWithObject:isStatic:]
0x1001627b8	16	objc	TAGObjectAndStatic	-[TAGObjectAndStatic isStatic]
0x1001627c8	16	objc	TAGObjectAndStatic	-[TAGObjectAndStatic object]
0x1001627d8	20	objc	TAGObjectAndStatic	-[TAGObjectAndStatic .cxx_destruct]
0x1001627ec	60	objc	TAGBooleanAndStatic	-[TAGBooleanAndStatic initWithBoolean:isStatic:]
0x100162828	16	objc	TAGBooleanAndStatic	-[TAGBooleanAndStatic boolean]
0x100162838	124	objc	TAGBooleanAndStatic	+[TAGBooleanAndStatic booleanWithBoolean:isStatic:]
0x1001628b4	172	objc	TAGBooleanAndStatic	+[TAGBooleanAndStatic booleanWithBool:isStatic:]
0x100162960	60	objc	TAGPValueAndStatic	-[TAGPValueAndStatic initWithValue:isStatic:]
0x10016299c	16	objc	TAGPValueAndStatic	-[TAGPValueAndStatic value]
0x1001629ac	124	objc	TAGPValueAndStatic	+[TAGPValueAndStatic valueWithValue:isStatic:]
0x100162a28	60	objc	TAGSetAndStatic	-[TAGSetAndStatic initWithSet:isStatic:]
0x100162a64	16	objc	TAGSetAndStatic	-[TAGSetAndStatic set]
0x100162a74	124	objc	TAGSetAndStatic	+[TAGSetAndStatic setWithSet:isStatic:]
0x100162af0	548	objc	TAGPropertyListUtil	+[TAGPropertyListUtil readPropertyList:]
0x100162d14	380	objc	TAGPropertyListUtil	+[TAGPropertyListUtil removePropertyList:]
0x100162e90	276	objc	TAGPropertyListUtil	+[TAGPropertyListUtil writePropertyListAsync:withData:]
0x100162fa4	80	block	TAGPropertyListUtil	+[TAGPropertyListUtil writePropertyListAsync:withData:]_block_invoke
0x100162ff4	40	sub	TAGPropertyListUtil	sub_100162ff4
0x10016301c	40	sub	TAGPropertyListUtil	sub_10016301c
0x100163044	436	objc	TAGPropertyListUtil	+[TAGPropertyListUtil writePropertyList:withData:]
0x1001631f8	216	objc	TAGPropertyListUtil	+[TAGPropertyListUtil plistFilePath:]
0x1001632d0	256	objc	TAGExpandedFunctionCall	-[TAGExpandedFunctionCall initWithPropertiesMap:pushAfterEvaluate:]
0x1001633d0	56	objc	TAGExpandedFunctionCall	+[TAGExpandedFunctionCall builder]
0x100163408	44	objc	TAGExpandedFunctionCall	+[TAGExpandedFunctionCall instanceNameKey]
0x100163434	44	objc	TAGExpandedFunctionCall	+[TAGExpandedFunctionCall functionKey]
0x100163460	44	objc	TAGExpandedFunctionCall	+[TAGExpandedFunctionCall notDefaultMacroKey]
0x10016348c	552	objc	TAGExpandedFunctionCall	-[TAGExpandedFunctionCall approximateByteSize]
0x1001636b4	168	objc	TAGExpandedFunctionCall	-[TAGExpandedFunctionCall propertyForKey:]
0x10016375c	184	objc	TAGExpandedFunctionCall	-[TAGExpandedFunctionCall updateCacheablePropertyWithValue:forKey:]
0x100163814	16	objc	TAGExpandedFunctionCall	-[TAGExpandedFunctionCall properties]
0x100163824	212	objc	TAGExpandedFunctionCall	-[TAGExpandedFunctionCall description]
0x1001638f8	216	objc	TAGExpandedFunctionCall	-[TAGExpandedFunctionCall copyWithZone:]
0x1001639d0	16	objc	TAGExpandedFunctionCall	-[TAGExpandedFunctionCall pushAfterEvaluate]
0x1001639e0	56	objc	TAGExpandedFunctionCall	-[TAGExpandedFunctionCall setPushAfterEvaluate:]
0x100163a18	16	objc	TAGExpandedFunctionCall	-[TAGExpandedFunctionCall propertiesMap]
0x100163a28	56	objc	TAGExpandedFunctionCall	-[TAGExpandedFunctionCall setPropertiesMap:]
0x100163a60	64	objc	TAGExpandedFunctionCall	-[TAGExpandedFunctionCall .cxx_destruct]
0x100163aa0	180	objc	TAGExpandedFunctionCallBuilder	-[TAGExpandedFunctionCallBuilder init]
0x100163b54	184	objc	TAGExpandedFunctionCallBuilder	-[TAGExpandedFunctionCallBuilder addPropertyWithValue:forKey:]
0x100163c0c	216	objc	TAGExpandedFunctionCallBuilder	-[TAGExpandedFunctionCallBuilder build]
0x100163ce4	16	objc	TAGExpandedFunctionCallBuilder	-[TAGExpandedFunctionCallBuilder propertiesMap]
0x100163cf4	56	objc	TAGExpandedFunctionCallBuilder	-[TAGExpandedFunctionCallBuilder setPropertiesMap:]
0x100163d2c	16	objc	TAGExpandedFunctionCallBuilder	-[TAGExpandedFunctionCallBuilder pushAfterEvaluate]
0x100163d3c	56	objc	TAGExpandedFunctionCallBuilder	-[TAGExpandedFunctionCallBuilder setPushAfterEvaluate:]
0x100163d74	64	objc	TAGExpandedFunctionCallBuilder	-[TAGExpandedFunctionCallBuilder .cxx_destruct]
0x100163db4	500	objc	TAGExpandedRule	-[TAGExpandedRule initWithPositivePredicates:negativePredicates:addTags:removeTags:addMacros:removeMacros:]
0x100163fa8	56	objc	TAGExpandedRule	+[TAGExpandedRule builder]
0x100163fe0	460	objc	TAGExpandedRule	-[TAGExpandedRule description]
0x1001641ac	4	objc	TAGExpandedRule	-[TAGExpandedRule copyWithZone:]
0x1001641b0	16	objc	TAGExpandedRule	-[TAGExpandedRule positivePredicates]
0x1001641c0	16	objc	TAGExpandedRule	-[TAGExpandedRule negativePredicates]
0x1001641d0	16	objc	TAGExpandedRule	-[TAGExpandedRule addTags]
0x1001641e0	16	objc	TAGExpandedRule	-[TAGExpandedRule removeTags]
0x1001641f0	16	objc	TAGExpandedRule	-[TAGExpandedRule addMacros]
0x100164200	16	objc	TAGExpandedRule	-[TAGExpandedRule removeMacros]
0x100164210	144	objc	TAGExpandedRule	-[TAGExpandedRule .cxx_destruct]
0x1001642a0	452	objc	TAGExpandedRuleBuilder	-[TAGExpandedRuleBuilder init]
0x100164464	148	objc	TAGExpandedRuleBuilder	-[TAGExpandedRuleBuilder addPositivePredicate:]
0x1001644f8	148	objc	TAGExpandedRuleBuilder	-[TAGExpandedRuleBuilder addNegativePredicate:]
0x10016458c	148	objc	TAGExpandedRuleBuilder	-[TAGExpandedRuleBuilder addAddTag:]
0x100164620	148	objc	TAGExpandedRuleBuilder	-[TAGExpandedRuleBuilder addRemoveTag:]
0x1001646b4	148	objc	TAGExpandedRuleBuilder	-[TAGExpandedRuleBuilder addAddMacro:]
0x100164748	148	objc	TAGExpandedRuleBuilder	-[TAGExpandedRuleBuilder addRemoveMacro:]
0x1001647dc	472	objc	TAGExpandedRuleBuilder	-[TAGExpandedRuleBuilder build]
0x1001649b4	16	objc	TAGExpandedRuleBuilder	-[TAGExpandedRuleBuilder positivePredicates]
0x1001649c4	56	objc	TAGExpandedRuleBuilder	-[TAGExpandedRuleBuilder setPositivePredicates:]
0x1001649fc	16	objc	TAGExpandedRuleBuilder	-[TAGExpandedRuleBuilder negativePredicates]
0x100164a0c	56	objc	TAGExpandedRuleBuilder	-[TAGExpandedRuleBuilder setNegativePredicates:]
0x100164a44	16	objc	TAGExpandedRuleBuilder	-[TAGExpandedRuleBuilder addTags]
0x100164a54	56	objc	TAGExpandedRuleBuilder	-[TAGExpandedRuleBuilder setAddTags:]
0x100164a8c	16	objc	TAGExpandedRuleBuilder	-[TAGExpandedRuleBuilder removeTags]
0x100164a9c	56	objc	TAGExpandedRuleBuilder	-[TAGExpandedRuleBuilder setRemoveTags:]
0x100164ad4	16	objc	TAGExpandedRuleBuilder	-[TAGExpandedRuleBuilder addMacros]
0x100164ae4	56	objc	TAGExpandedRuleBuilder	-[TAGExpandedRuleBuilder setAddMacros:]
0x100164b1c	16	objc	TAGExpandedRuleBuilder	-[TAGExpandedRuleBuilder removeMacros]
0x100164b2c	56	objc	TAGExpandedRuleBuilder	-[TAGExpandedRuleBuilder setRemoveMacros:]
0x100164b64	144	objc	TAGExpandedRuleBuilder	-[TAGExpandedRuleBuilder .cxx_destruct]
0x100164bf4	316	objc	TAGExpandedResource	-[TAGExpandedResource initWithRules:macros:version:resourceFormatVersion:]
0x100164d30	56	objc	TAGExpandedResource	+[TAGExpandedResource builder]
0x100164d68	168	objc	TAGExpandedResource	-[TAGExpandedResource macrosByName:]
0x100164e10	16	objc	TAGExpandedResource	-[TAGExpandedResource allMacros]
0x100164e20	300	objc	TAGExpandedResource	-[TAGExpandedResource description]
0x100164f4c	16	objc	TAGExpandedResource	-[TAGExpandedResource rules]
0x100164f5c	16	objc	TAGExpandedResource	-[TAGExpandedResource version]
0x100164f6c	16	objc	TAGExpandedResource	-[TAGExpandedResource resourceFormatVersion]
0x100164f7c	16	objc	TAGExpandedResource	-[TAGExpandedResource macros]
0x100164f8c	84	objc	TAGExpandedResource	-[TAGExpandedResource .cxx_destruct]
0x100164fe0	276	objc	TAGExpandedResourceBuilder	-[TAGExpandedResourceBuilder init]
0x1001650f4	148	objc	TAGExpandedResourceBuilder	-[TAGExpandedResourceBuilder addRule:]
0x100165188	564	objc	TAGExpandedResourceBuilder	-[TAGExpandedResourceBuilder addMacro:]
0x1001653bc	308	objc	TAGExpandedResourceBuilder	-[TAGExpandedResourceBuilder build]
0x1001654f0	16	objc	TAGExpandedResourceBuilder	-[TAGExpandedResourceBuilder version]
0x100165500	12	objc	TAGExpandedResourceBuilder	-[TAGExpandedResourceBuilder setVersion:]
0x10016550c	16	objc	TAGExpandedResourceBuilder	-[TAGExpandedResourceBuilder resourceFormatVersion]
0x10016551c	16	objc	TAGExpandedResourceBuilder	-[TAGExpandedResourceBuilder setResourceFormatVersion:]
0x10016552c	16	objc	TAGExpandedResourceBuilder	-[TAGExpandedResourceBuilder rules]
0x10016553c	56	objc	TAGExpandedResourceBuilder	-[TAGExpandedResourceBuilder setRules:]
0x100165574	16	objc	TAGExpandedResourceBuilder	-[TAGExpandedResourceBuilder macros]
0x100165584	56	objc	TAGExpandedResourceBuilder	-[TAGExpandedResourceBuilder setMacros:]
0x1001655bc	84	objc	TAGExpandedResourceBuilder	-[TAGExpandedResourceBuilder .cxx_destruct]
0x100165610	2508	objc	TAGResourceUtil	+[TAGResourceUtil expandResource:]
0x100165fdc	308	objc	TAGResourceUtil	+[TAGResourceUtil valueBuilderBasedOnValue:]
0x100166110	4004	objc	TAGResourceUtil	+[TAGResourceUtil expandIthValue:resource:expandedValues:pendingExpansions:]
0x1001670b4	292	objc	TAGResourceUtil	+[TAGResourceUtil servingValue:]
0x1001671d8	132	objc	TAGResourceUtil	+[TAGResourceUtil logAndThrow:]
0x10016725c	292	objc	TAGResourceUtil	+[TAGResourceUtil objectWithTAGPBArrayBoundsCheck:index:listName:]
0x100167380	292	objc	TAGResourceUtil	+[TAGResourceUtil objectWithNSArrayBoundsCheck:index:listName:]
0x1001674a4	948	objc	TAGResourceUtil	+[TAGResourceUtil expandFunctionCall:resource:expandedValues:index:]
0x100167858	1580	objc	TAGResourceUtil	+[TAGResourceUtil expandRule:tags:macros:predicates:]
0x100167e84	228	objc	TAGCachedMacro	-[TAGCachedMacro initWithValueAndStatic:pushAfterEvaluate:]
0x100167f68	16	objc	TAGCachedMacro	-[TAGCachedMacro valueAndStatic]
0x100167f78	56	objc	TAGCachedMacro	-[TAGCachedMacro setValueAndStatic:]
0x100167fb0	16	objc	TAGCachedMacro	-[TAGCachedMacro pushAfterEvaluate]
0x100167fc0	56	objc	TAGCachedMacro	-[TAGCachedMacro setPushAfterEvaluate:]
0x100167ff8	64	objc	TAGCachedMacro	-[TAGCachedMacro .cxx_destruct]
0x100168038	284	objc	TAGMacroInfo	-[TAGMacroInfo init]
0x100168154	380	objc	TAGMacroInfo	-[TAGMacroInfo addAddMacro:forRule:]
0x1001682d0	380	objc	TAGMacroInfo	-[TAGMacroInfo addRemoveMacro:forRule:]
0x10016844c	16	objc	TAGMacroInfo	-[TAGMacroInfo rules]
0x10016845c	56	objc	TAGMacroInfo	-[TAGMacroInfo setRules:]
0x100168494	16	objc	TAGMacroInfo	-[TAGMacroInfo addMacros]
0x1001684a4	56	objc	TAGMacroInfo	-[TAGMacroInfo setAddMacros:]
0x1001684dc	16	objc	TAGMacroInfo	-[TAGMacroInfo removeMacros]
0x1001684ec	56	objc	TAGMacroInfo	-[TAGMacroInfo setRemoveMacros:]
0x100168524	16	objc	TAGMacroInfo	-[TAGMacroInfo defaultFunctionCall]
0x100168534	56	objc	TAGMacroInfo	-[TAGMacroInfo setDefaultFunctionCall:]
0x10016856c	104	objc	TAGMacroInfo	-[TAGMacroInfo .cxx_destruct]
0x1001685d4	228	objc	TAGAddRemoveMacrosPopulator	-[TAGAddRemoveMacrosPopulator initWithAddMacros:removeMacros:]
0x1001686b8	424	objc	TAGAddRemoveMacrosPopulator	-[TAGAddRemoveMacrosPopulator rulePassed:add:remove:]
0x100168860	16	objc	TAGAddRemoveMacrosPopulator	-[TAGAddRemoveMacrosPopulator addMacros]
0x100168870	56	objc	TAGAddRemoveMacrosPopulator	-[TAGAddRemoveMacrosPopulator setAddMacros:]
0x1001688a8	16	objc	TAGAddRemoveMacrosPopulator	-[TAGAddRemoveMacrosPopulator removeMacros]
0x1001688b8	56	objc	TAGAddRemoveMacrosPopulator	-[TAGAddRemoveMacrosPopulator setRemoveMacros:]
0x1001688f0	64	objc	TAGAddRemoveMacrosPopulator	-[TAGAddRemoveMacrosPopulator .cxx_destruct]
0x100168930	284	objc	TAGAddRemoveTagsPopulator	-[TAGAddRemoveTagsPopulator rulePassed:add:remove:]
0x100168a4c	148	objc	TAGRuntime	+[TAGRuntime initialize]
0x100168ae0	240	objc	TAGRuntime	+[TAGRuntime runtimeWithResource:dataLayer:functionCallMacroEvaluator:functionCallTagEvaluator:]
0x100168bd0	6160	objc	TAGRuntime	-[TAGRuntime initWithResource:dataLayer:functionCallMacroEvaluator:functionCallTagEvaluator:]
0x10016a3e0	540	objc	TAGRuntime	-[TAGRuntime setSupplementals:]
0x10016a5fc	756	objc	TAGRuntime	-[TAGRuntime evaluateTags:]
0x10016a8f0	304	objc	TAGRuntime	-[TAGRuntime calculateMacrosToRunForRules:macroName:addMacros:removeMacros:pendingMacroExpansions:]
0x10016aa20	252	objc	TAGRuntime	-[TAGRuntime calculateTagsToRunForRules:]
0x10016ab1c	844	objc	TAGRuntime	-[TAGRuntime calculateGenericToRunForRules:pendingMacroExpansions:populator:]
0x10016ae68	232	objc	TAGRuntime	+[TAGRuntime addOrGetMacroInfoForKey:macroLookup:]
0x10016af50	260	objc	TAGRuntime	+[TAGRuntime functionNameFromFunctionCall:]
0x10016b054	544	objc	TAGRuntime	+[TAGRuntime addFunctionImplToDict:functionCallImpl:]
0x10016b274	164	objc	TAGRuntime	-[TAGRuntime addMacro:]
0x10016b318	164	objc	TAGRuntime	-[TAGRuntime addTrackingTag:]
0x10016b3bc	164	objc	TAGRuntime	-[TAGRuntime addPredicate:]
0x10016b460	432	objc	TAGRuntime	-[TAGRuntime evaluatePredicate:pendingMacroExpansions:]
0x10016b610	1232	objc	TAGRuntime	-[TAGRuntime evaluatePredicatesInRule:pendingMacroExpansions:]
0x10016bae0	180	objc	TAGRuntime	-[TAGRuntime evaluateMacroReference:]
0x10016bb94	2176	objc	TAGRuntime	-[TAGRuntime evaluateMacroReferenceWithCycleDetection:pendingMacroExpansions:]
0x10016c414	1008	objc	TAGRuntime	-[TAGRuntime pushUnevaluatedValueToDataLayer:pendingMacroExpansions:]
0x10016c804	900	objc	TAGRuntime	-[TAGRuntime expandListValue:pendingMacroExpansions:]
0x10016cb88	1480	objc	TAGRuntime	-[TAGRuntime expandMapValue:pendingMacroExpansions:]
0x10016d150	788	objc	TAGRuntime	-[TAGRuntime expandMacroReferenceValue:pendingMacroExpansions:]
0x10016d464	900	objc	TAGRuntime	-[TAGRuntime expandTemplateValue:pendingMacroExpansions:]
0x10016d7e8	556	objc	TAGRuntime	-[TAGRuntime expandMacrosForValue:pendingMacroExpansions:]
0x10016da14	2720	objc	TAGRuntime	-[TAGRuntime executeFunction:implementationMap:pendingMacroExpansions:]
0x10016e4b4	16	objc	TAGRuntime	-[TAGRuntime resource]
0x10016e4c4	16	objc	TAGRuntime	-[TAGRuntime currentEventName]
0x10016e4d4	12	objc	TAGRuntime	-[TAGRuntime setCurrentEventName:]
0x10016e4e0	16	objc	TAGRuntime	-[TAGRuntime trackingTagMap]
0x10016e4f0	16	objc	TAGRuntime	-[TAGRuntime predicateMap]
0x10016e500	16	objc	TAGRuntime	-[TAGRuntime macroMap]
0x10016e510	16	objc	TAGRuntime	-[TAGRuntime functionCallCache]
0x10016e520	16	objc	TAGRuntime	-[TAGRuntime macroEvaluationCache]
0x10016e530	16	objc	TAGRuntime	-[TAGRuntime rules]
0x10016e540	16	objc	TAGRuntime	-[TAGRuntime macroLookup]
0x10016e550	16	objc	TAGRuntime	-[TAGRuntime dataLayer]
0x10016e560	224	objc	TAGRuntime	-[TAGRuntime .cxx_destruct]
0x10016e640	112	objc	TAGSerialization	+[TAGSerialization initialize]
0x10016e6b0	160	objc	TAGSerialization	+[TAGSerialization expandResourceFromData:]
0x10016e750	144	objc	TAGSerialization	+[TAGSerialization deserializedObjectToValue:]
0x10016e7e0	1112	objc	TAGSerialization	+[TAGSerialization expandedResourceFromDeserializedObject:]
0x10016ec38	1108	objc	TAGSerialization	+[TAGSerialization deserializedObjectToNSObject:]
0x10016f08c	72	objc	TAGDistinctZero	+[TAGDistinctZero initialize]
0x10016f0d4	48	objc	TAGDistinctZero	+[TAGDistinctZero distinctZero]
0x10016f104	44	objc	TAGDistinctZero	-[TAGDistinctZero objCType]
0x10016f130	28	objc	TAGDistinctZero	-[TAGDistinctZero charValue]
0x10016f14c	28	objc	TAGDistinctZero	-[TAGDistinctZero unsignedCharValue]
0x10016f168	28	objc	TAGDistinctZero	-[TAGDistinctZero shortValue]
0x10016f184	28	objc	TAGDistinctZero	-[TAGDistinctZero unsignedShortValue]
0x10016f1a0	28	objc	TAGDistinctZero	-[TAGDistinctZero intValue]
0x10016f1bc	28	objc	TAGDistinctZero	-[TAGDistinctZero unsignedIntValue]
0x10016f1d8	28	objc	TAGDistinctZero	-[TAGDistinctZero longValue]
0x10016f1f4	28	objc	TAGDistinctZero	-[TAGDistinctZero unsignedLongValue]
0x10016f210	28	objc	TAGDistinctZero	-[TAGDistinctZero longLongValue]
0x10016f22c	28	objc	TAGDistinctZero	-[TAGDistinctZero unsignedLongLongValue]
0x10016f248	28	objc	TAGDistinctZero	-[TAGDistinctZero floatValue]
0x10016f264	28	objc	TAGDistinctZero	-[TAGDistinctZero doubleValue]
0x10016f280	28	objc	TAGDistinctZero	-[TAGDistinctZero boolValue]
0x10016f29c	28	objc	TAGDistinctZero	-[TAGDistinctZero integerValue]
0x10016f2b8	28	objc	TAGDistinctZero	-[TAGDistinctZero unsignedIntegerValue]
0x10016f2d4	28	objc	TAGDistinctZero	-[TAGDistinctZero stringValue]
0x10016f2f0	44	objc	TAGDistinctZero	-[TAGDistinctZero compare:]
0x10016f31c	44	objc	TAGDistinctZero	-[TAGDistinctZero isEqualToNumber:]
0x10016f348	52	objc	TAGDistinctZero	-[TAGDistinctZero descriptionWithLocale:]
0x10016f37c	408	objc	TAGTypes	+[TAGTypes initialize]
0x10016f514	8	objc	TAGTypes	+[TAGTypes defaultObject]
0x10016f51c	16	objc	TAGTypes	+[TAGTypes defaultInt64]
0x10016f52c	16	objc	TAGTypes	+[TAGTypes defaultDouble]
0x10016f53c	16	objc	TAGTypes	+[TAGTypes defaultNumber]
0x10016f54c	16	objc	TAGTypes	+[TAGTypes defaultString]
0x10016f55c	16	objc	TAGTypes	+[TAGTypes defaultBoolean]
0x10016f56c	16	objc	TAGTypes	+[TAGTypes defaultList]
0x10016f57c	16	objc	TAGTypes	+[TAGTypes defaultMap]
0x10016f58c	16	objc	TAGTypes	+[TAGTypes defaultValue]
0x10016f59c	1700	objc	TAGTypes	+[TAGTypes objectToString:]
0x10016fc40	428	objc	TAGTypes	+[TAGTypes objectToNumber:]
0x10016fdec	296	objc	TAGTypes	+[TAGTypes objectToInt64:]
0x10016ff14	292	objc	TAGTypes	+[TAGTypes objectToDouble:]
0x100170038	264	objc	TAGTypes	+[TAGTypes objectToBoolean:]
0x100170140	132	objc	TAGTypes	+[TAGTypes valueToString:]
0x1001701c4	132	objc	TAGTypes	+[TAGTypes valueToNumber:]
0x100170248	132	objc	TAGTypes	+[TAGTypes valueToInt64:]
0x1001702cc	132	objc	TAGTypes	+[TAGTypes valueToDouble:]
0x100170350	132	objc	TAGTypes	+[TAGTypes valueToBoolean:]
0x1001703d4	2600	objc	TAGTypes	+[TAGTypes objectToValue:]
0x100170dfc	184	objc	TAGTypes	+[TAGTypes functionIdToValue:]
0x100170eb4	52	objc	TAGTypes	+[TAGTypes macroReferenceToValue:]
0x100170ee8	420	objc	TAGTypes	+[TAGTypes macroReferenceToValue:escapings:]
0x10017108c	460	objc	TAGTypes	+[TAGTypes templateToValue:]
0x100171258	164	objc	TAGTypes	+[TAGTypes isDoubleableNumber:]
0x1001712fc	192	objc	TAGTypes	+[TAGTypes getDouble:]
0x1001713bc	164	objc	TAGTypes	+[TAGTypes isInt64ableNumber:]
0x100171460	184	objc	TAGTypes	+[TAGTypes getInt64:]
0x100171518	284	objc	TAGTypes	+[TAGTypes parseNumber:]
0x100171634	196	objc	TAGTypes	+[TAGTypes parseInt64:]
0x1001716f8	192	objc	TAGTypes	+[TAGTypes parseDouble:]
0x1001717b8	284	objc	TAGTypes	+[TAGTypes parseBoolean:]
0x1001718d4	428	objc	TAGTypes	+[TAGTypes numberWithString:]
0x100171a80	2460	objc	TAGTypes	+[TAGTypes valueToObject:]
0x10017241c	284	objc	TAGValueEscapeUtil	+[TAGValueEscapeUtil applyEscapings:toValue:]
0x100172538	380	objc	TAGValueEscapeUtil	+[TAGValueEscapeUtil applyEscaping:toValue:]
0x1001726b4	48	objc	TAGValueEscapeUtil	+[TAGValueEscapeUtil urlEncode:]
0x1001726e4	48	objc	TAGValueEscapeUtil	+[TAGValueEscapeUtil urlDecode:]
0x100172714	380	objc	TAGValueEscapeUtil	+[TAGValueEscapeUtil escapeUri:]
0x100172890	148	objc	TAGValueEscapeUtil	+[TAGValueEscapeUtil isValidStringType:]
0x100172924	80	objc	TAGAdIdAccess	+[TAGAdIdAccess load]
0x100172974	100	objc	TAGAdIdAccess	+[TAGAdIdAccess retrieveId]
0x1001729d8	76	objc	TAGAdIdAccess	+[TAGAdIdAccess retrieveTrackingFlag]
0x100172a24	44	objc	TAGAdvertiserId	+[TAGAdvertiserId functionId]
0x100172a50	176	objc	TAGAdvertiserId	-[TAGAdvertiserId init]
0x100172b00	8	objc	TAGAdvertiserId	-[TAGAdvertiserId isCacheable]
0x100172b08	192	objc	TAGAdvertiserId	-[TAGAdvertiserId evaluate:]
0x100172bc8	24	objc	TAGAdvertiserId	-[TAGAdvertiserId rawAdvertiserId]
0x100172be0	44	objc	TAGAdvertiserIdFixed	+[TAGAdvertiserIdFixed functionId]
0x100172c0c	176	objc	TAGAdvertiserIdFixed	-[TAGAdvertiserIdFixed init]
0x100172cbc	44	objc	TAGAdvertisingTrackingEnabledMacro	+[TAGAdvertisingTrackingEnabledMacro functionId]
0x100172ce8	176	objc	TAGAdvertisingTrackingEnabledMacro	-[TAGAdvertisingTrackingEnabledMacro init]
0x100172d98	8	objc	TAGAdvertisingTrackingEnabledMacro	-[TAGAdvertisingTrackingEnabledMacro isCacheable]
0x100172da0	164	objc	TAGAdvertisingTrackingEnabledMacro	-[TAGAdvertisingTrackingEnabledMacro evaluate:]
0x100172e44	24	objc	TAGAdvertisingTrackingEnabledMacro	-[TAGAdvertisingTrackingEnabledMacro advertisingTrackingEnabled]
0x100172e5c	44	objc	TAGAdwordsClickReferrer	+[TAGAdwordsClickReferrer functionId]
0x100172e88	44	objc	TAGAdwordsClickReferrer	+[TAGAdwordsClickReferrer componentKey]
0x100172eb4	44	objc	TAGAdwordsClickReferrer	+[TAGAdwordsClickReferrer conversionIdKey]
0x100172ee0	184	objc	TAGAdwordsClickReferrer	-[TAGAdwordsClickReferrer init]
0x100172f98	8	objc	TAGAdwordsClickReferrer	-[TAGAdwordsClickReferrer isCacheable]
0x100172fa0	520	objc	TAGAdwordsClickReferrer	-[TAGAdwordsClickReferrer evaluate:]
0x1001731a8	44	objc	TAGAppId	+[TAGAppId functionId]
0x1001731d4	176	objc	TAGAppId	-[TAGAppId init]
0x100173284	8	objc	TAGAppId	-[TAGAppId isCacheable]
0x10017328c	204	objc	TAGAppId	-[TAGAppId evaluate:]
0x100173358	44	objc	TAGAppName	+[TAGAppName functionId]
0x100173384	176	objc	TAGAppName	-[TAGAppName init]
0x100173434	8	objc	TAGAppName	-[TAGAppName isCacheable]
0x10017343c	408	objc	TAGAppName	-[TAGAppName evaluate:]
0x1001735d4	120	objc	TAGAppName	+[TAGAppName infoDictionary]
0x10017364c	44	objc	TAGAppVersion	+[TAGAppVersion functionId]
0x100173678	176	objc	TAGAppVersion	-[TAGAppVersion init]
0x100173728	8	objc	TAGAppVersion	-[TAGAppVersion isCacheable]
0x100173730	220	objc	TAGAppVersion	-[TAGAppVersion evaluate:]
0x10017380c	120	objc	TAGAppVersion	+[TAGAppVersion infoDictionary]
0x100173884	44	objc	TAGConstantMacro	+[TAGConstantMacro functionId]
0x1001738b0	184	objc	TAGConstantMacro	-[TAGConstantMacro init]
0x100173968	44	objc	TAGConstantMacro	+[TAGConstantMacro valueKey]
0x100173994	8	objc	TAGConstantMacro	-[TAGConstantMacro isCacheable]
0x10017399c	56	objc	TAGConstantMacro	-[TAGConstantMacro evaluate:]
0x1001739d4	44	objc	TAGContainerVersionMacro	+[TAGContainerVersionMacro functionId]
0x100173a00	240	objc	TAGContainerVersionMacro	-[TAGContainerVersionMacro initWithVersion:]
0x100173af0	8	objc	TAGContainerVersionMacro	-[TAGContainerVersionMacro isCacheable]
0x100173af8	136	objc	TAGContainerVersionMacro	-[TAGContainerVersionMacro evaluate:]
0x100173b80	16	objc	TAGContainerVersionMacro	-[TAGContainerVersionMacro version]
0x100173b90	20	objc	TAGContainerVersionMacro	-[TAGContainerVersionMacro .cxx_destruct]
0x100173ba4	44	objc	TAGDataLayerMacro	+[TAGDataLayerMacro functionId]
0x100173bd0	248	objc	TAGDataLayerMacro	-[TAGDataLayerMacro initWithDataLayer:]
0x100173cc8	44	objc	TAGDataLayerMacro	+[TAGDataLayerMacro nameKey]
0x100173cf4	44	objc	TAGDataLayerMacro	+[TAGDataLayerMacro defaultValueKey]
0x100173d20	8	objc	TAGDataLayerMacro	-[TAGDataLayerMacro isCacheable]
0x100173d28	532	objc	TAGDataLayerMacro	-[TAGDataLayerMacro evaluate:]
0x100173f3c	16	objc	TAGDataLayerMacro	-[TAGDataLayerMacro dataLayer]
0x100173f4c	20	objc	TAGDataLayerMacro	-[TAGDataLayerMacro .cxx_destruct]
0x100173f60	44	objc	TAGDeviceName	+[TAGDeviceName functionId]
0x100173f8c	176	objc	TAGDeviceName	-[TAGDeviceName init]
0x10017403c	8	objc	TAGDeviceName	-[TAGDeviceName isCacheable]
0x100174044	204	objc	TAGDeviceName	-[TAGDeviceName evaluate:]
0x100174110	44	objc	TAGEncode	+[TAGEncode functionId]
0x10017413c	44	objc	TAGEncode	+[TAGEncode arg0Key]
0x100174168	44	objc	TAGEncode	+[TAGEncode noPaddingKey]
0x100174194	44	objc	TAGEncode	+[TAGEncode inputFormatKey]
0x1001741c0	44	objc	TAGEncode	+[TAGEncode outputFormatKey]
0x1001741ec	184	objc	TAGEncode	-[TAGEncode init]
0x1001742a4	8	objc	TAGEncode	-[TAGEncode isCacheable]
0x1001742ac	1856	objc	TAGEncode	-[TAGEncode evaluate:]
0x1001749ec	44	objc	TAGEventMacro	+[TAGEventMacro functionId]
0x100174a18	228	objc	TAGEventMacro	-[TAGEventMacro initWithRuntime:]
0x100174afc	8	objc	TAGEventMacro	-[TAGEventMacro isCacheable]
0x100174b04	228	objc	TAGEventMacro	-[TAGEventMacro evaluate:]
0x100174be8	32	objc	TAGEventMacro	-[TAGEventMacro runtime]
0x100174c08	16	objc	TAGEventMacro	-[TAGEventMacro .cxx_destruct]
0x100174c18	44	objc	TAGGtmVersionMacro	+[TAGGtmVersionMacro functionId]
0x100174c44	176	objc	TAGGtmVersionMacro	-[TAGGtmVersionMacro init]
0x100174cf4	8	objc	TAGGtmVersionMacro	-[TAGGtmVersionMacro isCacheable]
0x100174cfc	60	objc	TAGGtmVersionMacro	-[TAGGtmVersionMacro evaluate:]
0x100174d38	196	objc	TAGMD5HashAlgorithm	-[TAGMD5HashAlgorithm hashData:]
0x100174dfc	196	objc	TAGSha1HashAlgorithm	-[TAGSha1HashAlgorithm hashData:]
0x100174ec0	196	objc	TAGSha256HashAlgorithm	-[TAGSha256HashAlgorithm hashData:]
0x100174f84	196	objc	TAGSha384HashAlgorithm	-[TAGSha384HashAlgorithm hashData:]
0x100175048	196	objc	TAGSha512HashAlgorithm	-[TAGSha512HashAlgorithm hashData:]
0x10017510c	44	objc	TAGHashMacro	+[TAGHashMacro functionId]
0x100175138	644	objc	TAGHashMacro	-[TAGHashMacro init]
0x1001753bc	8	objc	TAGHashMacro	-[TAGHashMacro isCacheable]
0x1001753c4	1272	objc	TAGHashMacro	-[TAGHashMacro evaluate:]
0x1001758bc	416	objc	TAGHashMacro	-[TAGHashMacro hash:algorithm:]
0x100175a5c	16	objc	TAGHashMacro	-[TAGHashMacro hashAlgorithms]
0x100175a6c	56	objc	TAGHashMacro	-[TAGHashMacro setHashAlgorithms:]
0x100175aa4	20	objc	TAGHashMacro	-[TAGHashMacro .cxx_destruct]
0x100175ab8	44	objc	TAGJoinerMacro	+[TAGJoinerMacro functionId]
0x100175ae4	184	objc	TAGJoinerMacro	-[TAGJoinerMacro init]
0x100175b9c	8	objc	TAGJoinerMacro	-[TAGJoinerMacro isCacheable]
0x100175ba4	2920	objc	TAGJoinerMacro	-[TAGJoinerMacro evaluate:]
0x10017670c	260	objc	TAGJoinerMacro	-[TAGJoinerMacro addTo:charsInString:]
0x100176810	712	objc	TAGJoinerMacro	-[TAGJoinerMacro escape:escapeType:charsToBackslashEscape:]
0x100176ad8	44	objc	TAGLanguage	+[TAGLanguage functionId]
0x100176b04	176	objc	TAGLanguage	-[TAGLanguage init]
0x100176bb4	8	objc	TAGLanguage	-[TAGLanguage isCacheable]
0x100176bbc	24	objc	TAGLanguage	-[TAGLanguage preferredLanguages]
0x100176bd4	312	objc	TAGLanguage	-[TAGLanguage evaluate:]
0x100176d0c	44	objc	TAGMobileAdwordsUniqueIdMacro	+[TAGMobileAdwordsUniqueIdMacro functionId]
0x100176d38	176	objc	TAGMobileAdwordsUniqueIdMacro	-[TAGMobileAdwordsUniqueIdMacro init]
0x100176de8	8	objc	TAGMobileAdwordsUniqueIdMacro	-[TAGMobileAdwordsUniqueIdMacro isCacheable]
0x100176df0	192	objc	TAGMobileAdwordsUniqueIdMacro	-[TAGMobileAdwordsUniqueIdMacro evaluate:]
0x100176eb0	24	objc	TAGMobileAdwordsUniqueIdMacro	-[TAGMobileAdwordsUniqueIdMacro rawAdvertiserId]
0x100176ec8	44	objc	TAGOsVersion	+[TAGOsVersion functionId]
0x100176ef4	176	objc	TAGOsVersion	-[TAGOsVersion init]
0x100176fa4	8	objc	TAGOsVersion	-[TAGOsVersion isCacheable]
0x100176fac	204	objc	TAGOsVersion	-[TAGOsVersion evaluate:]
0x100177078	44	objc	TAGPlatform	+[TAGPlatform functionId]
0x1001770a4	176	objc	TAGPlatform	-[TAGPlatform init]
0x100177154	8	objc	TAGPlatform	-[TAGPlatform isCacheable]
0x10017715c	56	objc	TAGPlatform	-[TAGPlatform evaluate:]
0x100177194	44	objc	TAGRandom	+[TAGRandom functionId]
0x1001771c0	176	objc	TAGRandom	-[TAGRandom init]
0x100177270	8	objc	TAGRandom	-[TAGRandom isCacheable]
0x100177278	952	objc	TAGRandom	-[TAGRandom evaluate:]
0x100177630	44	objc	TAGRegexGroup	+[TAGRegexGroup functionId]
0x10017765c	44	objc	TAGRegexGroup	+[TAGRegexGroup toMatchKey]
0x100177688	44	objc	TAGRegexGroup	+[TAGRegexGroup regexKey]
0x1001776b4	44	objc	TAGRegexGroup	+[TAGRegexGroup ignoreCaseKey]
0x1001776e0	44	objc	TAGRegexGroup	+[TAGRegexGroup groupKey]
0x10017770c	196	objc	TAGRegexGroup	-[TAGRegexGroup init]
0x1001777d0	8	objc	TAGRegexGroup	-[TAGRegexGroup isCacheable]
0x1001777d8	1608	objc	TAGRegexGroup	-[TAGRegexGroup evaluate:]
0x100177e20	44	objc	TAGResolution	+[TAGResolution functionId]
0x100177e4c	176	objc	TAGResolution	-[TAGResolution init]
0x100177efc	8	objc	TAGResolution	-[TAGResolution isCacheable]
0x100177f04	368	objc	TAGResolution	-[TAGResolution evaluate:]
0x100178074	44	objc	TAGRuntimeVersion	+[TAGRuntimeVersion functionId]
0x1001780a0	12	objc	TAGRuntimeVersion	+[TAGRuntimeVersion versionNumber]
0x1001780ac	176	objc	TAGRuntimeVersion	-[TAGRuntimeVersion init]
0x10017815c	8	objc	TAGRuntimeVersion	-[TAGRuntimeVersion isCacheable]
0x100178164	152	objc	TAGRuntimeVersion	-[TAGRuntimeVersion evaluate:]
0x1001781fc	44	objc	TAGSdkVersion	+[TAGSdkVersion functionId]
0x100178228	176	objc	TAGSdkVersion	-[TAGSdkVersion init]
0x1001782d8	8	objc	TAGSdkVersion	-[TAGSdkVersion isCacheable]
0x1001782e0	204	objc	TAGSdkVersion	-[TAGSdkVersion evaluate:]
0x1001783ac	44	objc	TAGTime	+[TAGTime functionId]
0x1001783d8	176	objc	TAGTime	-[TAGTime init]
0x100178488	8	objc	TAGTime	-[TAGTime isCacheable]
0x100178490	320	objc	TAGTime	-[TAGTime evaluate:]
0x1001785d0	44	objc	TAGContains	+[TAGContains functionId]
0x1001785fc	68	objc	TAGContains	-[TAGContains init]
0x100178640	172	objc	TAGContains	-[TAGContains evaluateWithArg0:arg1:parameters:]
0x1001786ec	44	objc	TAGEndsWith	+[TAGEndsWith functionId]
0x100178718	68	objc	TAGEndsWith	-[TAGEndsWith init]
0x10017875c	164	objc	TAGEndsWith	-[TAGEndsWith evaluateWithArg0:arg1:parameters:]
0x100178800	44	objc	TAGEquals	+[TAGEquals functionId]
0x10017882c	68	objc	TAGEquals	-[TAGEquals init]
0x100178870	140	objc	TAGEquals	-[TAGEquals evaluateWithArg0:arg1:parameters:]
0x1001788fc	44	objc	TAGGreaterEquals	+[TAGGreaterEquals functionId]
0x100178928	68	objc	TAGGreaterEquals	-[TAGGreaterEquals init]
0x10017896c	144	objc	TAGGreaterEquals	-[TAGGreaterEquals evaluateWithArg0:arg1:parameters:]
0x1001789fc	44	objc	TAGGreaterThan	+[TAGGreaterThan functionId]
0x100178a28	68	objc	TAGGreaterThan	-[TAGGreaterThan init]
0x100178a6c	144	objc	TAGGreaterThan	-[TAGGreaterThan evaluateWithArg0:arg1:parameters:]
0x100178afc	44	objc	TAGLessEquals	+[TAGLessEquals functionId]
0x100178b28	68	objc	TAGLessEquals	-[TAGLessEquals init]
0x100178b6c	144	objc	TAGLessEquals	-[TAGLessEquals evaluateWithArg0:arg1:parameters:]
0x100178bfc	44	objc	TAGLessThan	+[TAGLessThan functionId]
0x100178c28	68	objc	TAGLessThan	-[TAGLessThan init]
0x100178c6c	140	objc	TAGLessThan	-[TAGLessThan evaluateWithArg0:arg1:parameters:]
0x100178cf8	452	objc	TAGNumberPredicate	-[TAGNumberPredicate evaluateNoDefaultValues:arg1:parameters:]
0x100178ebc	44	objc	TAGNumberPredicate	-[TAGNumberPredicate evaluateWithArg0:arg1:parameters:]
0x100178ee8	220	objc	TAGPredicate	-[TAGPredicate initWithFunctionId:]
0x100178fc4	792	objc	TAGPredicate	-[TAGPredicate evaluate:]
0x1001792dc	8	objc	TAGPredicate	-[TAGPredicate isCacheable]
0x1001792e4	44	objc	TAGPredicate	-[TAGPredicate evaluateNoDefaultValues:arg1:parameters:]
0x100179310	44	objc	TAGPredicate	+[TAGPredicate arg0Key]
0x10017933c	44	objc	TAGPredicate	+[TAGPredicate arg1Key]
0x100179368	44	objc	TAGRegex	+[TAGRegex functionId]
0x100179394	44	objc	TAGRegex	+[TAGRegex ignoreCaseKey]
0x1001793c0	68	objc	TAGRegex	-[TAGRegex init]
0x100179404	476	objc	TAGRegex	-[TAGRegex evaluateWithArg0:arg1:parameters:]
0x1001795e0	44	objc	TAGStartsWith	+[TAGStartsWith functionId]
0x10017960c	68	objc	TAGStartsWith	-[TAGStartsWith init]
0x100179650	164	objc	TAGStartsWith	-[TAGStartsWith evaluateWithArg0:arg1:parameters:]
0x1001796f4	60	objc	TAGStringPredicate	-[TAGStringPredicate initWithFunctionId:]
0x100179730	452	objc	TAGStringPredicate	-[TAGStringPredicate evaluateNoDefaultValues:arg1:parameters:]
0x1001798f4	44	objc	TAGStringPredicate	-[TAGStringPredicate evaluateWithArg0:arg1:parameters:]
0x100179920	44	objc	TAGArbitraryPixel	+[TAGArbitraryPixel functionId]
0x10017994c	44	objc	TAGArbitraryPixel	+[TAGArbitraryPixel urlKey]
0x100179978	184	objc	TAGArbitraryPixel	-[TAGArbitraryPixel init]
0x100179a30	1884	objc	TAGArbitraryPixel	-[TAGArbitraryPixel evaluateTrackingTag:]
0x10017a18c	836	objc	TAGArbitraryPixel	-[TAGArbitraryPixel addDictionary:toArray:]
0x10017a4d0	56	objc	TAGArbitraryPixel	-[TAGArbitraryPixel getQueryParametersStringFromArray:]
0x10017a508	24	objc	TAGArbitraryPixel	-[TAGArbitraryPixel getHitSender]
0x10017a520	220	objc	TAGArbitraryPixel	-[TAGArbitraryPixel idProcessed:]
0x10017a5fc	164	objc	TAGArbitraryPixel	-[TAGArbitraryPixel cacheUnrepeatableId:]
0x10017a6a0	184	objc	TAGArbitraryPixel	-[TAGArbitraryPixel idInPlist:]
0x10017a758	24	objc	TAGArbitraryPixel	-[TAGArbitraryPixel clearCache]
0x10017a770	72	objc	TAGArbitraryPixel	-[TAGArbitraryPixel idInCache:]
0x10017a7b8	44	objc	TAGDataLayerWrite	+[TAGDataLayerWrite functionId]
0x10017a7e4	44	objc	TAGDataLayerWrite	+[TAGDataLayerWrite valueKey]
0x10017a810	248	objc	TAGDataLayerWrite	-[TAGDataLayerWrite initWithDataLayer:]
0x10017a908	236	objc	TAGDataLayerWrite	-[TAGDataLayerWrite evaluateTrackingTag:]
0x10017a9f4	304	objc	TAGDataLayerWrite	-[TAGDataLayerWrite clearPersistent:]
0x10017ab24	732	objc	TAGDataLayerWrite	-[TAGDataLayerWrite pushToDataLayer:]
0x10017ae00	16	objc	TAGDataLayerWrite	-[TAGDataLayerWrite dataLayer]
0x10017ae10	56	objc	TAGDataLayerWrite	-[TAGDataLayerWrite setDataLayer:]
0x10017ae48	20	objc	TAGDataLayerWrite	-[TAGDataLayerWrite .cxx_destruct]
0x10017ae5c	8	objc	TAGTrackingTag	-[TAGTrackingTag isCacheable]
0x10017ae64	132	objc	TAGTrackingTag	-[TAGTrackingTag evaluate:]
0x10017aee8	40	objc	TAGTrackingTag	-[TAGTrackingTag evaluateTrackingTag:]
0x10017af10	40	objc	GAILoggerImpl	-[GAILoggerImpl info:]
0x10017af38	40	objc	GAILoggerImpl	-[GAILoggerImpl verbose:]
0x10017af60	40	objc	GAILoggerImpl	-[GAILoggerImpl warning:]
0x10017af88	40	objc	GAILoggerImpl	-[GAILoggerImpl error:]
0x10017afb0	32	objc	GAILoggerImpl	-[GAILoggerImpl setLogLevel:]
0x10017afd0	72	objc	GAILoggerImpl	-[GAILoggerImpl logLevel]
0x10017b018	32	objc	GAILoggerImpl	-[GAILoggerImpl gaLogLevelFromGtmLogLevel:]
0x10017b038	44	objc	TAGUniversalAnalytics	+[TAGUniversalAnalytics functionId]
0x10017b064	388	objc	TAGUniversalAnalytics	-[TAGUniversalAnalytics initWithDataLayer:]
0x10017b1e8	272	objc	TAGUniversalAnalytics	-[TAGUniversalAnalytics checkBooleanPropertyForTag:key:]
0x10017b2f8	524	objc	TAGUniversalAnalytics	-[TAGUniversalAnalytics evaluateTrackingTag:]
0x10017b504	232	objc	TAGUniversalAnalytics	-[TAGUniversalAnalytics dataLayerString:]
0x10017b5ec	752	objc	TAGUniversalAnalytics	-[TAGUniversalAnalytics valueToStringMap:]
0x10017b8dc	460	objc	TAGUniversalAnalytics	-[TAGUniversalAnalytics gaFieldsWithAnalyticsFields:]
0x10017baa8	128	objc	TAGUniversalAnalytics	-[TAGUniversalAnalytics openTracker]
0x10017bb28	208	objc	TAGUniversalAnalytics	-[TAGUniversalAnalytics closeTracker:]
0x10017bbf8	364	objc	TAGUniversalAnalytics	-[TAGUniversalAnalytics setLoggerIfNecessary]
0x10017bd64	616	objc	TAGUniversalAnalytics	-[TAGUniversalAnalytics getArrayOfDictionariesFromObject:]
0x10017bfcc	164	objc	TAGUniversalAnalytics	-[TAGUniversalAnalytics addParam:value:toParams:]
0x10017c070	3076	objc	TAGUniversalAnalytics	-[TAGUniversalAnalytics sendTransaction:withTracker:]
0x10017cc74	484	objc	TAGUniversalAnalytics	-[TAGUniversalAnalytics transactionFieldsForTag:]
0x10017ce58	484	objc	TAGUniversalAnalytics	-[TAGUniversalAnalytics transactionItemFieldsForTag:]
0x10017d03c	688	objc	TAGUniversalAnalytics	-[TAGUniversalAnalytics promotionFromDataLayerDictionary:]
0x10017d2ec	1428	objc	TAGUniversalAnalytics	-[TAGUniversalAnalytics productFromDataLayerDictionary:]
0x10017d880	1396	objc	TAGUniversalAnalytics	-[TAGUniversalAnalytics actionDataFromDataLayerDictionary:]
0x10017ddf4	292	objc	TAGUniversalAnalytics	-[TAGUniversalAnalytics NSNumberFromObject:]
0x10017df18	3776	objc	TAGUniversalAnalytics	-[TAGUniversalAnalytics sendEnhancedEcommerce:withTracker:]
0x10017edd8	16	objc	TAGUniversalAnalytics	-[TAGUniversalAnalytics logger]
0x10017ede8	56	objc	TAGUniversalAnalytics	-[TAGUniversalAnalytics setLogger:]
0x10017ee20	16	objc	TAGUniversalAnalytics	-[TAGUniversalAnalytics dataLayer]
0x10017ee30	56	objc	TAGUniversalAnalytics	-[TAGUniversalAnalytics setDataLayer:]
0x10017ee68	16	objc	TAGUniversalAnalytics	-[TAGUniversalAnalytics turnOffAnonymizeIpValues]
0x10017ee78	56	objc	TAGUniversalAnalytics	-[TAGUniversalAnalytics setTurnOffAnonymizeIpValues:]
0x10017eeb0	16	objc	TAGUniversalAnalytics	-[TAGUniversalAnalytics numberFormatter]
0x10017eec0	56	objc	TAGUniversalAnalytics	-[TAGUniversalAnalytics setNumberFormatter:]
0x10017eef8	16	objc	TAGUniversalAnalytics	-[TAGUniversalAnalytics defaultTransactionMap]
0x10017ef08	56	objc	TAGUniversalAnalytics	-[TAGUniversalAnalytics setDefaultTransactionMap:]
0x10017ef40	16	objc	TAGUniversalAnalytics	-[TAGUniversalAnalytics defaultItemMap]
0x10017ef50	56	objc	TAGUniversalAnalytics	-[TAGUniversalAnalytics setDefaultItemMap:]
0x10017ef88	144	objc	TAGUniversalAnalytics	-[TAGUniversalAnalytics .cxx_destruct]
0x10017f018	1472	objc	TAGPValue+Hash	-[TAGPValue(Hash) hash]
